Model,Seed,MAX_CANDS,best_b_cbf,best_val_nDCG@10,selection_metric,coverage_rate,feasible_nDCG@10,feasible_HR@10,feasible_MRR@10,feasible_cases,total_cases,best_b,best_l2_reg,best_cfg,best_alpha,best_k_rrf,model_family,model_name,is_selected_best,run_id,config_hash
CBF-multilingual-e5-large-instruct,42,20.0,0.05,0.8970993275064999,validation_nDCG@10,0.9615384615384616,0.8917411952733183,1.0,0.8554999999999999,150,156,,,,,,CBF,multilingual-e5-large-instruct,True,ced76ac42907,20bb7f7d0845
CBF-multilingual-e5-large-instruct,123,20.0,0.05,0.8482337073789251,validation_nDCG@10,0.9551282051282052,0.8912033880496549,1.0,0.8548178331735378,149,156,,,,,,CBF,multilingual-e5-large-instruct,True,ced76ac42907,20bb7f7d0845
CBF-multilingual-e5-large-instruct,999,20.0,0.05,0.8455408407048444,validation_nDCG@10,0.9807692307692307,0.8984050423925832,0.9934640522875817,0.8663943355119826,153,156,,,,,,CBF,multilingual-e5-large-instruct,True,ced76ac42907,20bb7f7d0845
CBF-multilingual-e5-large-instruct,2024,20.0,0.05,0.8839434161059821,validation_nDCG@10,0.9935897435897436,0.8868815918627329,0.9935483870967742,0.851799795186892,155,156,,,,,,CBF,multilingual-e5-large-instruct,True,ced76ac42907,20bb7f7d0845
CBF-multilingual-e5-large-instruct,555,20.0,0.05,0.8928226592047859,validation_nDCG@10,0.9807692307692307,0.8970322658285176,0.9934640522875817,0.864892623716153,153,156,,,,,,CBF,multilingual-e5-large-instruct,True,ced76ac42907,20bb7f7d0845
CBF-multilingual-e5-large-instruct,42,40.0,0.05,0.8380008051242479,validation_nDCG@10,1.0,0.8803489345768594,0.9807692307692307,0.8472298534798534,156,156,,,,,,CBF,multilingual-e5-large-instruct,True,ced76ac42907,20bb7f7d0845
CBF-multilingual-e5-large-instruct,123,40.0,0.05,0.8506190861190897,validation_nDCG@10,0.9871794871794872,0.8598984824552686,0.987012987012987,0.8176406926406927,154,156,,,,,,CBF,multilingual-e5-large-instruct,True,ced76ac42907,20bb7f7d0845
CBF-multilingual-e5-large-instruct,999,40.0,0.05,0.8638403668584809,validation_nDCG@10,1.0,0.8847636198325787,0.9935897435897436,0.8486721611721609,156,156,,,,,,CBF,multilingual-e5-large-instruct,True,ced76ac42907,20bb7f7d0845
CBF-multilingual-e5-large-instruct,2024,40.0,0.05,0.890620596877115,validation_nDCG@10,0.9935897435897436,0.8893640971447477,0.9870967741935484,0.8569073220686123,155,156,,,,,,CBF,multilingual-e5-large-instruct,True,ced76ac42907,20bb7f7d0845
CBF-multilingual-e5-large-instruct,555,40.0,0.05,0.8599699004637019,validation_nDCG@10,0.9935897435897436,0.8977411396011946,0.9870967741935484,0.8676600102406553,155,156,,,,,,CBF,multilingual-e5-large-instruct,True,ced76ac42907,20bb7f7d0845
CBF-multilingual-e5-large-instruct,42,80.0,0.05,0.8936716354481612,validation_nDCG@10,1.0,0.8580318949972155,0.9807692307692307,0.8169413919413919,156,156,,,,,,CBF,multilingual-e5-large-instruct,True,ced76ac42907,20bb7f7d0845
CBF-multilingual-e5-large-instruct,123,80.0,0.05,0.8710723332741555,validation_nDCG@10,0.9935897435897436,0.8601737019791477,0.9741935483870968,0.8218996415770611,155,156,,,,,,CBF,multilingual-e5-large-instruct,True,ced76ac42907,20bb7f7d0845
CBF-multilingual-e5-large-instruct,999,80.0,0.05,0.8536239832774817,validation_nDCG@10,1.0,0.8824599369904877,0.9871794871794872,0.8471153846153846,156,156,,,,,,CBF,multilingual-e5-large-instruct,True,ced76ac42907,20bb7f7d0845
CBF-multilingual-e5-large-instruct,2024,80.0,0.05,0.8908964508924854,validation_nDCG@10,1.0,0.8670092601805345,0.9807692307692307,0.8293447293447295,156,156,,,,,,CBF,multilingual-e5-large-instruct,True,ced76ac42907,20bb7f7d0845
CBF-multilingual-e5-large-instruct,555,80.0,0.05,0.8756728693087373,validation_nDCG@10,1.0,0.8715278913203799,0.9807692307692307,0.8353632478632479,156,156,,,,,,CBF,multilingual-e5-large-instruct,True,ced76ac42907,20bb7f7d0845
CBF-multilingual-e5-large-instruct,42,,0.05,0.8721446207592944,validation_nDCG@10,1.0,0.8780974998174261,0.9807692307692307,0.8437830687830686,156,156,,,,,,CBF,multilingual-e5-large-instruct,True,ced76ac42907,20bb7f7d0845
CBF-multilingual-e5-large-instruct,123,,0.05,0.8640413403762499,validation_nDCG@10,1.0,0.8478674653812711,0.9423076923076923,0.816096866096866,156,156,,,,,,CBF,multilingual-e5-large-instruct,True,ced76ac42907,20bb7f7d0845
CBF-multilingual-e5-large-instruct,999,,0.05,0.8552281956687438,validation_nDCG@10,1.0,0.9010195721045284,0.9871794871794872,0.8717414529914529,156,156,,,,,,CBF,multilingual-e5-large-instruct,True,ced76ac42907,20bb7f7d0845
CBF-multilingual-e5-large-instruct,2024,,0.05,0.853089994373835,validation_nDCG@10,1.0,0.8843116479542005,0.9935897435897436,0.8484584859584859,156,156,,,,,,CBF,multilingual-e5-large-instruct,True,ced76ac42907,20bb7f7d0845
CBF-multilingual-e5-large-instruct,555,,0.05,0.885442529932393,validation_nDCG@10,1.0,0.8694924466709699,0.967948717948718,0.8362179487179486,156,156,,,,,,CBF,multilingual-e5-large-instruct,True,ced76ac42907,20bb7f7d0845
CBF-bge-m3,42,20.0,0.1,0.873179766608209,validation_nDCG@10,0.9615384615384616,0.8730093176033673,0.9866666666666667,0.8355555555555555,150,156,,,,,,CBF,bge-m3,True,ced76ac42907,20bb7f7d0845
CBF-bge-m3,123,20.0,0.1,0.8464398893283825,validation_nDCG@10,0.9551282051282052,0.8624011555700828,1.0,0.8171780121444551,149,156,,,,,,CBF,bge-m3,True,ced76ac42907,20bb7f7d0845
CBF-bge-m3,999,20.0,0.1,0.8311178496780286,validation_nDCG@10,0.9807692307692307,0.8828343047255459,0.9869281045751634,0.8486461251167132,153,156,,,,,,CBF,bge-m3,True,ced76ac42907,20bb7f7d0845
CBF-bge-m3,2024,20.0,0.15,0.8585937379566884,validation_nDCG@10,0.9935897435897436,0.8923516183801309,0.9870967741935484,0.8606989247311828,155,156,,,,,,CBF,bge-m3,True,ced76ac42907,20bb7f7d0845
CBF-bge-m3,555,20.0,0.1,0.8737983008306655,validation_nDCG@10,0.9807692307692307,0.8923097142375571,0.9869281045751634,0.8617880485527543,153,156,,,,,,CBF,bge-m3,True,ced76ac42907,20bb7f7d0845
CBF-bge-m3,42,40.0,0.1,0.8232379931813156,validation_nDCG@10,1.0,0.8534556286370951,0.9871794871794872,0.8096942409442409,156,156,,,,,,CBF,bge-m3,True,ced76ac42907,20bb7f7d0845
CBF-bge-m3,123,40.0,0.1,0.8307667881296583,validation_nDCG@10,0.9871794871794872,0.8776724668470666,0.9935064935064936,0.8400510204081632,154,156,,,,,,CBF,bge-m3,True,ced76ac42907,20bb7f7d0845
CBF-bge-m3,999,40.0,0.1,0.8620796749969849,validation_nDCG@10,1.0,0.8614229162306096,0.9743589743589743,0.8243386243386244,156,156,,,,,,CBF,bge-m3,True,ced76ac42907,20bb7f7d0845
CBF-bge-m3,2024,40.0,0.1,0.88187676092552,validation_nDCG@10,0.9935897435897436,0.888360881735674,0.9806451612903225,0.857437275985663,155,156,,,,,,CBF,bge-m3,True,ced76ac42907,20bb7f7d0845
CBF-bge-m3,555,40.0,0.1,0.8570111532947289,validation_nDCG@10,0.9935897435897436,0.8739083019763194,0.9806451612903225,0.8397747055811571,155,156,,,,,,CBF,bge-m3,True,ced76ac42907,20bb7f7d0845
CBF-bge-m3,42,80.0,0.1,0.8702744835640258,validation_nDCG@10,1.0,0.8503022799874973,0.9807692307692307,0.8077075702075701,156,156,,,,,,CBF,bge-m3,True,ced76ac42907,20bb7f7d0845
CBF-bge-m3,123,80.0,0.1,0.8631194503411049,validation_nDCG@10,0.9935897435897436,0.8346777311363509,0.967741935483871,0.7912698412698411,155,156,,,,,,CBF,bge-m3,True,ced76ac42907,20bb7f7d0845
CBF-bge-m3,999,80.0,0.1,0.863762369052699,validation_nDCG@10,1.0,0.8578980241563932,0.9615384615384616,0.8233974358974359,156,156,,,,,,CBF,bge-m3,True,ced76ac42907,20bb7f7d0845
CBF-bge-m3,2024,80.0,0.1,0.8594785514117671,validation_nDCG@10,1.0,0.8696517572258115,0.9807692307692307,0.8327533577533578,156,156,,,,,,CBF,bge-m3,True,ced76ac42907,20bb7f7d0845
CBF-bge-m3,555,80.0,0.1,0.8659654917960006,validation_nDCG@10,1.0,0.8624959503841786,0.967948717948718,0.8279380341880341,156,156,,,,,,CBF,bge-m3,True,ced76ac42907,20bb7f7d0845
CBF-bge-m3,42,,0.15,0.8554248622506402,validation_nDCG@10,1.0,0.8730217964478695,0.9871794871794872,0.8354242979242977,156,156,,,,,,CBF,bge-m3,True,ced76ac42907,20bb7f7d0845
CBF-bge-m3,123,,0.1,0.863276333855654,validation_nDCG@10,1.0,0.8577438060482198,0.9487179487179487,0.8278388278388278,156,156,,,,,,CBF,bge-m3,True,ced76ac42907,20bb7f7d0845
CBF-bge-m3,999,,0.1,0.8443759688967994,validation_nDCG@10,1.0,0.8899680279259788,0.9807692307692307,0.8603428978428977,156,156,,,,,,CBF,bge-m3,True,ced76ac42907,20bb7f7d0845
CBF-bge-m3,2024,,0.15,0.8686338611302895,validation_nDCG@10,1.0,0.8871648955200738,0.9935897435897436,0.8521087708587709,156,156,,,,,,CBF,bge-m3,True,ced76ac42907,20bb7f7d0845
CBF-bge-m3,555,,0.1,0.8812921428626049,validation_nDCG@10,1.0,0.860112110840631,0.9615384615384616,0.8270197395197396,156,156,,,,,,CBF,bge-m3,True,ced76ac42907,20bb7f7d0845
CBF-SCT-KD-model-phayathaibert,42,20.0,0.3,0.8087817332933205,validation_nDCG@10,0.9615384615384616,0.8146316287133597,0.9733333333333334,0.7626746031746032,150,156,,,,,,CBF,SCT-KD-model-phayathaibert,True,ced76ac42907,20bb7f7d0845
CBF-SCT-KD-model-phayathaibert,123,20.0,0.3,0.7709860543250507,validation_nDCG@10,0.9551282051282052,0.8267116930539247,0.9932885906040269,0.7731596889315009,149,156,,,,,,CBF,SCT-KD-model-phayathaibert,True,ced76ac42907,20bb7f7d0845
CBF-SCT-KD-model-phayathaibert,999,20.0,0.3,0.7689346514266142,validation_nDCG@10,0.9807692307692307,0.830739426792751,0.9738562091503268,0.783348895113601,153,156,,,,,,CBF,SCT-KD-model-phayathaibert,True,ced76ac42907,20bb7f7d0845
CBF-SCT-KD-model-phayathaibert,2024,20.0,0.3,0.8001785152822868,validation_nDCG@10,0.9935897435897436,0.8245245176434923,0.9870967741935484,0.771326164874552,155,156,,,,,,CBF,SCT-KD-model-phayathaibert,True,ced76ac42907,20bb7f7d0845
CBF-SCT-KD-model-phayathaibert,555,20.0,0.3,0.818623520756224,validation_nDCG@10,0.9807692307692307,0.8381880348725816,0.954248366013072,0.7995798319327732,153,156,,,,,,CBF,SCT-KD-model-phayathaibert,True,ced76ac42907,20bb7f7d0845
CBF-SCT-KD-model-phayathaibert,42,40.0,0.3,0.8052677438419779,validation_nDCG@10,1.0,0.766802862707446,0.9551282051282052,0.7057107244607244,156,156,,,,,,CBF,SCT-KD-model-phayathaibert,True,ced76ac42907,20bb7f7d0845
CBF-SCT-KD-model-phayathaibert,123,40.0,0.3,0.7832453443320431,validation_nDCG@10,0.9871794871794872,0.7836932795416105,0.9675324675324676,0.7240414347557205,154,156,,,,,,CBF,SCT-KD-model-phayathaibert,True,ced76ac42907,20bb7f7d0845
CBF-SCT-KD-model-phayathaibert,999,40.0,0.3,0.8036489575390553,validation_nDCG@10,1.0,0.8158452785543577,0.9615384615384616,0.7673153235653235,156,156,,,,,,CBF,SCT-KD-model-phayathaibert,True,ced76ac42907,20bb7f7d0845
CBF-SCT-KD-model-phayathaibert,2024,40.0,0.3,0.8200336458102697,validation_nDCG@10,0.9935897435897436,0.8209371656071898,0.967741935483871,0.7726318484383,155,156,,,,,,CBF,SCT-KD-model-phayathaibert,True,ced76ac42907,20bb7f7d0845
CBF-SCT-KD-model-phayathaibert,555,40.0,0.3,0.7607784354404363,validation_nDCG@10,0.9935897435897436,0.7912985980426526,0.9483870967741935,0.7405427547363032,155,156,,,,,,CBF,SCT-KD-model-phayathaibert,True,ced76ac42907,20bb7f7d0845
CBF-SCT-KD-model-phayathaibert,42,80.0,0.3,0.8143845569263009,validation_nDCG@10,1.0,0.781105559147777,0.9423076923076923,0.7278566341066339,156,156,,,,,,CBF,SCT-KD-model-phayathaibert,True,ced76ac42907,20bb7f7d0845
CBF-SCT-KD-model-phayathaibert,123,80.0,0.3,0.7782060598599209,validation_nDCG@10,0.9935897435897436,0.7580962960684592,0.9548387096774194,0.6943522785458269,155,156,,,,,,CBF,SCT-KD-model-phayathaibert,True,ced76ac42907,20bb7f7d0845
CBF-SCT-KD-model-phayathaibert,999,80.0,0.3,0.8002253420616753,validation_nDCG@10,1.0,0.8239602375388168,0.9615384615384616,0.7789504477004476,156,156,,,,,,CBF,SCT-KD-model-phayathaibert,True,ced76ac42907,20bb7f7d0845
CBF-SCT-KD-model-phayathaibert,2024,80.0,0.3,0.8312505901710046,validation_nDCG@10,1.0,0.7797079348550897,0.9743589743589743,0.7171754171754171,156,156,,,,,,CBF,SCT-KD-model-phayathaibert,True,ced76ac42907,20bb7f7d0845
CBF-SCT-KD-model-phayathaibert,555,80.0,0.3,0.7883516229746313,validation_nDCG@10,1.0,0.797324922218434,0.9551282051282052,0.7467287342287344,156,156,,,,,,CBF,SCT-KD-model-phayathaibert,True,ced76ac42907,20bb7f7d0845
CBF-SCT-KD-model-phayathaibert,42,,0.3,0.7739853828727902,validation_nDCG@10,1.0,0.7990125960005717,0.967948717948718,0.7429385429385429,156,156,,,,,,CBF,SCT-KD-model-phayathaibert,True,ced76ac42907,20bb7f7d0845
CBF-SCT-KD-model-phayathaibert,123,,0.25,0.7721665581598685,validation_nDCG@10,1.0,0.7501261387039014,0.9230769230769231,0.6928291615791616,156,156,,,,,,CBF,SCT-KD-model-phayathaibert,True,ced76ac42907,20bb7f7d0845
CBF-SCT-KD-model-phayathaibert,999,,0.3,0.7694047372889026,validation_nDCG@10,1.0,0.8161189770409313,0.9743589743589743,0.764163614163614,156,156,,,,,,CBF,SCT-KD-model-phayathaibert,True,ced76ac42907,20bb7f7d0845
CBF-SCT-KD-model-phayathaibert,2024,,0.3,0.7977964519322941,validation_nDCG@10,1.0,0.7801301090193725,0.9871794871794872,0.7131512006512005,156,156,,,,,,CBF,SCT-KD-model-phayathaibert,True,ced76ac42907,20bb7f7d0845
CBF-SCT-KD-model-phayathaibert,555,,0.3,0.7998957027943198,validation_nDCG@10,1.0,0.8022215328992149,0.967948717948718,0.7487306674806674,156,156,,,,,,CBF,SCT-KD-model-phayathaibert,True,ced76ac42907,20bb7f7d0845
CBF-wangchanberta-base-att-spm-uncased,42,20.0,0.2,0.7709213892623862,validation_nDCG@10,0.9615384615384616,0.7680121011845353,0.9733333333333334,0.7008333333333333,150,156,,,,,,CBF,wangchanberta-base-att-spm-uncased,True,ced76ac42907,20bb7f7d0845
CBF-wangchanberta-base-att-spm-uncased,123,20.0,0.2,0.7297463011478857,validation_nDCG@10,0.9551282051282052,0.7805923952935445,1.0,0.7101736444018325,149,156,,,,,,CBF,wangchanberta-base-att-spm-uncased,True,ced76ac42907,20bb7f7d0845
CBF-wangchanberta-base-att-spm-uncased,999,20.0,0.2,0.7763392775594836,validation_nDCG@10,0.9807692307692307,0.7837381051233856,0.9738562091503268,0.7218461458657536,153,156,,,,,,CBF,wangchanberta-base-att-spm-uncased,True,ced76ac42907,20bb7f7d0845
CBF-wangchanberta-base-att-spm-uncased,2024,20.0,0.2,0.7670660329217261,validation_nDCG@10,0.9935897435897436,0.8047700369151474,0.9741935483870968,0.7495929339477727,155,156,,,,,,CBF,wangchanberta-base-att-spm-uncased,True,ced76ac42907,20bb7f7d0845
CBF-wangchanberta-base-att-spm-uncased,555,20.0,0.2,0.7583395814547231,validation_nDCG@10,0.9807692307692307,0.7638132999689597,0.9738562091503268,0.6972377840024899,153,156,,,,,,CBF,wangchanberta-base-att-spm-uncased,True,ced76ac42907,20bb7f7d0845
CBF-wangchanberta-base-att-spm-uncased,42,40.0,0.2,0.7604335992252376,validation_nDCG@10,1.0,0.75821084438643,0.967948717948718,0.6914046601546601,156,156,,,,,,CBF,wangchanberta-base-att-spm-uncased,True,ced76ac42907,20bb7f7d0845
CBF-wangchanberta-base-att-spm-uncased,123,40.0,0.25,0.7310089077560131,validation_nDCG@10,0.9871794871794872,0.7557965018230854,0.9545454545454546,0.6906101834673264,154,156,,,,,,CBF,wangchanberta-base-att-spm-uncased,True,ced76ac42907,20bb7f7d0845
CBF-wangchanberta-base-att-spm-uncased,999,40.0,0.2,0.755256657900562,validation_nDCG@10,1.0,0.7815781006403455,0.9615384615384616,0.724310643060643,156,156,,,,,,CBF,wangchanberta-base-att-spm-uncased,True,ced76ac42907,20bb7f7d0845
CBF-wangchanberta-base-att-spm-uncased,2024,40.0,0.2,0.7860667064007654,validation_nDCG@10,0.9935897435897436,0.8097194504139432,0.9741935483870968,0.7566077828981054,155,156,,,,,,CBF,wangchanberta-base-att-spm-uncased,True,ced76ac42907,20bb7f7d0845
CBF-wangchanberta-base-att-spm-uncased,555,40.0,0.2,0.7638169418803026,validation_nDCG@10,0.9935897435897436,0.7617453673896235,0.9612903225806452,0.6990501792114695,155,156,,,,,,CBF,wangchanberta-base-att-spm-uncased,True,ced76ac42907,20bb7f7d0845
CBF-wangchanberta-base-att-spm-uncased,42,80.0,0.25,0.7836057342726374,validation_nDCG@10,1.0,0.7740652107176452,0.9423076923076923,0.7193528693528694,156,156,,,,,,CBF,wangchanberta-base-att-spm-uncased,True,ced76ac42907,20bb7f7d0845
CBF-wangchanberta-base-att-spm-uncased,123,80.0,0.2,0.7370220494572229,validation_nDCG@10,0.9935897435897436,0.731627005725628,0.9483870967741935,0.6613927291346647,155,156,,,,,,CBF,wangchanberta-base-att-spm-uncased,True,ced76ac42907,20bb7f7d0845
CBF-wangchanberta-base-att-spm-uncased,999,80.0,0.2,0.7691814808672858,validation_nDCG@10,1.0,0.7888927538375012,0.9294871794871795,0.7426892551892552,156,156,,,,,,CBF,wangchanberta-base-att-spm-uncased,True,ced76ac42907,20bb7f7d0845
CBF-wangchanberta-base-att-spm-uncased,2024,80.0,0.2,0.7578889920168322,validation_nDCG@10,1.0,0.7625631818654396,0.9551282051282052,0.7005799755799755,156,156,,,,,,CBF,wangchanberta-base-att-spm-uncased,True,ced76ac42907,20bb7f7d0845
CBF-wangchanberta-base-att-spm-uncased,555,80.0,0.2,0.7405904310156364,validation_nDCG@10,1.0,0.7487836542557431,0.9487179487179487,0.6855260480260482,156,156,,,,,,CBF,wangchanberta-base-att-spm-uncased,True,ced76ac42907,20bb7f7d0845
CBF-wangchanberta-base-att-spm-uncased,42,,0.25,0.7776721239388517,validation_nDCG@10,1.0,0.8046340875980689,0.9743589743589743,0.7490181115181117,156,156,,,,,,CBF,wangchanberta-base-att-spm-uncased,True,ced76ac42907,20bb7f7d0845
CBF-wangchanberta-base-att-spm-uncased,123,,0.2,0.7413391052585487,validation_nDCG@10,1.0,0.7413834592628586,0.9358974358974359,0.6779532967032966,156,156,,,,,,CBF,wangchanberta-base-att-spm-uncased,True,ced76ac42907,20bb7f7d0845
CBF-wangchanberta-base-att-spm-uncased,999,,0.2,0.7471849974277429,validation_nDCG@10,1.0,0.7871765382729744,0.967948717948718,0.7280423280423279,156,156,,,,,,CBF,wangchanberta-base-att-spm-uncased,True,ced76ac42907,20bb7f7d0845
CBF-wangchanberta-base-att-spm-uncased,2024,,0.25,0.7591041505958709,validation_nDCG@10,1.0,0.7682426287440471,0.9487179487179487,0.7103581603581604,156,156,,,,,,CBF,wangchanberta-base-att-spm-uncased,True,ced76ac42907,20bb7f7d0845
CBF-wangchanberta-base-att-spm-uncased,555,,0.2,0.7568936783369286,validation_nDCG@10,1.0,0.7517123186838184,0.9423076923076923,0.6904151404151406,156,156,,,,,,CBF,wangchanberta-base-att-spm-uncased,True,ced76ac42907,20bb7f7d0845
CF-EASE_R,42,20.0,,0.6406906312975504,validation_nDCG@10,0.9615384615384616,0.6320079238368137,0.9,0.545005291005291,150,156,0.25,250.0,,,,CF,CF-EASE_R,True,ced76ac42907,20bb7f7d0845
CF-EASE_R,123,20.0,,0.6018318552121722,validation_nDCG@10,0.9551282051282052,0.6724941467404277,0.9664429530201343,0.5800681793970386,149,156,0.3,250.0,,,,CF,CF-EASE_R,True,ced76ac42907,20bb7f7d0845
CF-EASE_R,999,20.0,,0.6166601845051171,validation_nDCG@10,0.9807692307692307,0.6578638216534338,0.954248366013072,0.5641638136736177,153,156,0.3,250.0,,,,CF,CF-EASE_R,True,ced76ac42907,20bb7f7d0845
CF-EASE_R,2024,20.0,,0.6440522798194585,validation_nDCG@10,0.9935897435897436,0.6440590663584924,0.9419354838709677,0.5495135688684077,155,156,0.3,250.0,,,,CF,CF-EASE_R,True,ced76ac42907,20bb7f7d0845
CF-EASE_R,555,20.0,,0.6519962603808357,validation_nDCG@10,0.9807692307692307,0.6296573157510769,0.8888888888888888,0.5464804440294637,153,156,0.3,250.0,,,,CF,CF-EASE_R,True,ced76ac42907,20bb7f7d0845
CF-EASE_R,42,40.0,,0.6442949510718862,validation_nDCG@10,1.0,0.5843640721160119,0.8910256410256411,0.4878688441188442,156,156,0.3,250.0,,,,CF,CF-EASE_R,True,ced76ac42907,20bb7f7d0845
CF-EASE_R,123,40.0,,0.626688699713276,validation_nDCG@10,0.9871794871794872,0.6274627861429075,0.9090909090909091,0.5386054421768709,154,156,0.3,250.0,,,,CF,CF-EASE_R,True,ced76ac42907,20bb7f7d0845
CF-EASE_R,999,40.0,,0.6449448783347254,validation_nDCG@10,1.0,0.6520881280628757,0.9102564102564102,0.5706959706959708,156,156,0.3,250.0,,,,CF,CF-EASE_R,True,ced76ac42907,20bb7f7d0845
CF-EASE_R,2024,40.0,,0.6351018455195793,validation_nDCG@10,0.9935897435897436,0.6557052095320721,0.9161290322580645,0.5723860727086534,155,156,0.3,250.0,,,,CF,CF-EASE_R,True,ced76ac42907,20bb7f7d0845
CF-EASE_R,555,40.0,,0.6048937144459432,validation_nDCG@10,0.9935897435897436,0.6520535967570332,0.9096774193548387,0.5702329749103942,155,156,0.3,250.0,,,,CF,CF-EASE_R,True,ced76ac42907,20bb7f7d0845
CF-EASE_R,42,80.0,,0.6811661457705644,validation_nDCG@10,1.0,0.6034250869231309,0.8589743589743589,0.5220594220594221,156,156,0.3,250.0,,,,CF,CF-EASE_R,True,ced76ac42907,20bb7f7d0845
CF-EASE_R,123,80.0,,0.6249419672524632,validation_nDCG@10,0.9935897435897436,0.5983991358923701,0.9225806451612903,0.4953405017921149,155,156,0.3,250.0,,,,CF,CF-EASE_R,True,ced76ac42907,20bb7f7d0845
CF-EASE_R,999,80.0,,0.6118705213268439,validation_nDCG@10,1.0,0.654738663584515,0.8910256410256411,0.579390516890517,156,156,0.3,250.0,,,,CF,CF-EASE_R,True,ced76ac42907,20bb7f7d0845
CF-EASE_R,2024,80.0,,0.6317634216067101,validation_nDCG@10,1.0,0.6259894838753906,0.8974358974358975,0.5396520146520147,156,156,0.3,250.0,,,,CF,CF-EASE_R,True,ced76ac42907,20bb7f7d0845
CF-EASE_R,555,80.0,,0.6280410443172222,validation_nDCG@10,1.0,0.6166304403387214,0.8717948717948718,0.5345212657712658,156,156,0.3,250.0,,,,CF,CF-EASE_R,True,ced76ac42907,20bb7f7d0845
CF-EASE_R,42,,,0.6475848034974694,validation_nDCG@10,1.0,0.6150960679902868,0.8589743589743589,0.5376297313797314,156,156,0.3,10.0,,,,CF,CF-EASE_R,True,ced76ac42907,20bb7f7d0845
CF-EASE_R,123,,,0.6037155550344147,validation_nDCG@10,1.0,0.6227875472357979,0.8974358974358975,0.5339183964183964,156,156,0.3,250.0,,,,CF,CF-EASE_R,True,ced76ac42907,20bb7f7d0845
CF-EASE_R,999,,,0.583256180478668,validation_nDCG@10,1.0,0.6433667227854611,0.9166666666666666,0.5566468253968255,156,156,0.3,250.0,,,,CF,CF-EASE_R,True,ced76ac42907,20bb7f7d0845
CF-EASE_R,2024,,,0.6293480400367009,validation_nDCG@10,1.0,0.6256848557628462,0.8782051282051282,0.5459071021571023,156,156,0.3,250.0,,,,CF,CF-EASE_R,True,ced76ac42907,20bb7f7d0845
CF-EASE_R,555,,,0.6556286821308301,validation_nDCG@10,1.0,0.6324201702456776,0.8846153846153846,0.5518925518925519,156,156,0.3,250.0,,,,CF,CF-EASE_R,True,ced76ac42907,20bb7f7d0845
CF-BiasedMF,42,20.0,,0.6244543205631102,validation_nDCG@10,0.9615384615384616,0.6324477591102962,0.96,0.5299444444444447,150,156,0.3,,"{'dim': 16, 'epochs': 100, 'lr': 0.001, 'l2': 0.01, 'batch_size': 256}",,,CF,CF-BiasedMF,True,ced76ac42907,20bb7f7d0845
CF-BiasedMF,123,20.0,,0.5820657318411013,validation_nDCG@10,0.9551282051282052,0.6054428016930957,0.959731543624161,0.49660434643656143,149,156,0.3,,"{'dim': 32, 'epochs': 100, 'lr': 0.001, 'l2': 0.01, 'batch_size': 256}",,,CF,CF-BiasedMF,True,ced76ac42907,20bb7f7d0845
CF-BiasedMF,999,20.0,,0.602590248221317,validation_nDCG@10,0.9807692307692307,0.6013988080203834,0.9607843137254902,0.4903231663035584,153,156,0.3,,"{'dim': 32, 'epochs': 100, 'lr': 0.001, 'l2': 0.01, 'batch_size': 256}",,,CF,CF-BiasedMF,True,ced76ac42907,20bb7f7d0845
CF-BiasedMF,2024,20.0,,0.6012170064026592,validation_nDCG@10,0.9935897435897436,0.6092631478762489,0.9290322580645162,0.5091116231438816,155,156,0.3,,"{'dim': 32, 'epochs': 100, 'lr': 0.001, 'l2': 0.01, 'batch_size': 256}",,,CF,CF-BiasedMF,True,ced76ac42907,20bb7f7d0845
CF-BiasedMF,555,20.0,,0.5764732072401286,validation_nDCG@10,0.9807692307692307,0.627957365598217,0.9477124183006536,0.5267429193899781,153,156,0.3,,"{'dim': 32, 'epochs': 100, 'lr': 0.001, 'l2': 0.01, 'batch_size': 256}",,,CF,CF-BiasedMF,True,ced76ac42907,20bb7f7d0845
CF-BiasedMF,42,40.0,,0.5469249816939766,validation_nDCG@10,1.0,0.5548753555161888,0.8717948717948718,0.45668752543752544,156,156,0.3,,"{'dim': 32, 'epochs': 100, 'lr': 0.001, 'l2': 0.01, 'batch_size': 256}",,,CF,CF-BiasedMF,True,ced76ac42907,20bb7f7d0845
CF-BiasedMF,123,40.0,,0.5321221594165666,validation_nDCG@10,0.9871794871794872,0.4964422254744549,0.7987012987012987,0.40274943310657624,154,156,0.3,,"{'dim': 32, 'epochs': 100, 'lr': 0.001, 'l2': 0.01, 'batch_size': 256}",,,CF,CF-BiasedMF,True,ced76ac42907,20bb7f7d0845
CF-BiasedMF,999,40.0,,0.5438567988334563,validation_nDCG@10,1.0,0.5169222633782117,0.8205128205128205,0.4249364061864064,156,156,0.3,,"{'dim': 32, 'epochs': 100, 'lr': 0.001, 'l2': 0.01, 'batch_size': 256}",,,CF,CF-BiasedMF,True,ced76ac42907,20bb7f7d0845
CF-BiasedMF,2024,40.0,,0.5374153892025327,validation_nDCG@10,0.9935897435897436,0.5531899425937623,0.8580645161290322,0.45810547875064017,155,156,0.3,,"{'dim': 32, 'epochs': 100, 'lr': 0.001, 'l2': 0.01, 'batch_size': 256}",,,CF,CF-BiasedMF,True,ced76ac42907,20bb7f7d0845
CF-BiasedMF,555,40.0,,0.4990933766579647,validation_nDCG@10,0.9935897435897436,0.5691163050110771,0.8580645161290322,0.4777009728622633,155,156,0.3,,"{'dim': 32, 'epochs': 100, 'lr': 0.001, 'l2': 0.01, 'batch_size': 256}",,,CF,CF-BiasedMF,True,ced76ac42907,20bb7f7d0845
CF-BiasedMF,42,80.0,,0.5244397899508879,validation_nDCG@10,1.0,0.5431397364470472,0.8141025641025641,0.4601215913715914,156,156,0.3,,"{'dim': 32, 'epochs': 100, 'lr': 0.001, 'l2': 0.01, 'batch_size': 256}",,,CF,CF-BiasedMF,True,ced76ac42907,20bb7f7d0845
CF-BiasedMF,123,80.0,,0.4967215635143287,validation_nDCG@10,0.9935897435897436,0.4594509539279929,0.7225806451612903,0.37800819252432183,155,156,0.3,,"{'dim': 32, 'epochs': 100, 'lr': 0.001, 'l2': 0.01, 'batch_size': 256}",,,CF,CF-BiasedMF,True,ced76ac42907,20bb7f7d0845
CF-BiasedMF,999,80.0,,0.5140374948626759,validation_nDCG@10,1.0,0.482733540488987,0.7435897435897436,0.4028846153846155,156,156,0.3,,"{'dim': 32, 'epochs': 100, 'lr': 0.001, 'l2': 0.01, 'batch_size': 256}",,,CF,CF-BiasedMF,True,ced76ac42907,20bb7f7d0845
CF-BiasedMF,2024,80.0,,0.4993165820869052,validation_nDCG@10,1.0,0.5095678280989531,0.7884615384615384,0.42260378510378555,156,156,0.3,,"{'dim': 32, 'epochs': 100, 'lr': 0.001, 'l2': 0.01, 'batch_size': 256}",,,CF,CF-BiasedMF,True,ced76ac42907,20bb7f7d0845
CF-BiasedMF,555,80.0,,0.4749874208139117,validation_nDCG@10,1.0,0.5524929016371879,0.8461538461538461,0.4607880545380547,156,156,0.3,,"{'dim': 32, 'epochs': 100, 'lr': 0.001, 'l2': 0.01, 'batch_size': 256}",,,CF,CF-BiasedMF,True,ced76ac42907,20bb7f7d0845
CF-BiasedMF,42,,,0.5169273908881937,validation_nDCG@10,1.0,0.5413120435628246,0.7884615384615384,0.46495726495726514,156,156,0.3,,"{'dim': 32, 'epochs': 100, 'lr': 0.001, 'l2': 0.01, 'batch_size': 256}",,,CF,CF-BiasedMF,True,ced76ac42907,20bb7f7d0845
CF-BiasedMF,123,,,0.4875220724469595,validation_nDCG@10,1.0,0.46151998079549245,0.7307692307692307,0.37809574684574704,156,156,0.3,,"{'dim': 32, 'epochs': 100, 'lr': 0.001, 'l2': 0.01, 'batch_size': 256}",,,CF,CF-BiasedMF,True,ced76ac42907,20bb7f7d0845
CF-BiasedMF,999,,,0.4895530442816171,validation_nDCG@10,1.0,0.4667075650616508,0.7243589743589743,0.38727360602360605,156,156,0.3,,"{'dim': 32, 'epochs': 100, 'lr': 0.001, 'l2': 0.01, 'batch_size': 256}",,,CF,CF-BiasedMF,True,ced76ac42907,20bb7f7d0845
CF-BiasedMF,2024,,,0.5062662030877966,validation_nDCG@10,1.0,0.5067066007495195,0.8012820512820513,0.4158628408628412,156,156,0.3,,"{'dim': 32, 'epochs': 100, 'lr': 0.001, 'l2': 0.01, 'batch_size': 256}",,,CF,CF-BiasedMF,True,ced76ac42907,20bb7f7d0845
CF-BiasedMF,555,,,0.4721604141043974,validation_nDCG@10,1.0,0.5429985033301198,0.8141025641025641,0.45846052096052103,156,156,0.3,,"{'dim': 32, 'epochs': 100, 'lr': 0.001, 'l2': 0.01, 'batch_size': 256}",,,CF,CF-BiasedMF,True,ced76ac42907,20bb7f7d0845
CF-BiasedMF-BPR,42,20.0,,0.4893799897832827,validation_nDCG@10,0.9615384615384616,0.5167239446638212,0.8733333333333333,0.4040952380952384,150,156,0.3,,"{'dim': 16, 'epochs': 100, 'lr': 0.001, 'l2': 0.01, 'batch_size': 256}",,,CF,CF-BiasedMF-BPR,True,ced76ac42907,20bb7f7d0845
CF-BiasedMF-BPR,123,20.0,,0.5090311722085353,validation_nDCG@10,0.9551282051282052,0.4744686310501376,0.8389261744966443,0.3605944391179292,149,156,0.3,,"{'dim': 16, 'epochs': 100, 'lr': 0.001, 'l2': 0.01, 'batch_size': 256}",,,CF,CF-BiasedMF-BPR,True,ced76ac42907,20bb7f7d0845
CF-BiasedMF-BPR,999,20.0,,0.5003648759362305,validation_nDCG@10,0.9807692307692307,0.4736796988902694,0.8758169934640523,0.3500907770515617,153,156,0.3,,"{'dim': 16, 'epochs': 100, 'lr': 0.001, 'l2': 0.01, 'batch_size': 256}",,,CF,CF-BiasedMF-BPR,True,ced76ac42907,20bb7f7d0845
CF-BiasedMF-BPR,2024,20.0,,0.527166760520094,validation_nDCG@10,0.9935897435897436,0.5145647199871874,0.864516129032258,0.40671786994367676,155,156,0.3,,"{'dim': 16, 'epochs': 100, 'lr': 0.001, 'l2': 0.01, 'batch_size': 256}",,,CF,CF-BiasedMF-BPR,True,ced76ac42907,20bb7f7d0845
CF-BiasedMF-BPR,555,20.0,,0.4802181330470444,validation_nDCG@10,0.9807692307692307,0.581788515911018,0.9150326797385621,0.4765587716568111,153,156,0.3,,"{'dim': 16, 'epochs': 100, 'lr': 0.001, 'l2': 0.01, 'batch_size': 256}",,,CF,CF-BiasedMF-BPR,True,ced76ac42907,20bb7f7d0845
CF-BiasedMF-BPR,42,40.0,,0.3983533921126091,validation_nDCG@10,1.0,0.42154275482132947,0.7435897435897436,0.32008547008547034,156,156,0.3,,"{'dim': 32, 'epochs': 100, 'lr': 0.001, 'l2': 0.01, 'batch_size': 256}",,,CF,CF-BiasedMF-BPR,True,ced76ac42907,20bb7f7d0845
CF-BiasedMF-BPR,123,40.0,,0.4332768601230506,validation_nDCG@10,0.9871794871794872,0.3773807413798616,0.7207792207792207,0.2718923933209649,154,156,0.3,,"{'dim': 32, 'epochs': 100, 'lr': 0.001, 'l2': 0.01, 'batch_size': 256}",,,CF,CF-BiasedMF-BPR,True,ced76ac42907,20bb7f7d0845
CF-BiasedMF-BPR,999,40.0,,0.4109314025856545,validation_nDCG@10,1.0,0.36675203241345183,0.6923076923076923,0.2666056166056167,156,156,0.3,,"{'dim': 16, 'epochs': 100, 'lr': 0.001, 'l2': 0.01, 'batch_size': 256}",,,CF,CF-BiasedMF-BPR,True,ced76ac42907,20bb7f7d0845
CF-BiasedMF-BPR,2024,40.0,,0.44012040469332137,validation_nDCG@10,0.9935897435897436,0.41920124848797247,0.7225806451612903,0.32419354838709696,155,156,0.3,,"{'dim': 16, 'epochs': 100, 'lr': 0.001, 'l2': 0.01, 'batch_size': 256}",,,CF,CF-BiasedMF-BPR,True,ced76ac42907,20bb7f7d0845
CF-BiasedMF-BPR,555,40.0,,0.37119008598465,validation_nDCG@10,0.9935897435897436,0.4517105171203879,0.7870967741935484,0.34863031233999003,155,156,0.3,,"{'dim': 32, 'epochs': 100, 'lr': 0.001, 'l2': 0.01, 'batch_size': 256}",,,CF,CF-BiasedMF-BPR,True,ced76ac42907,20bb7f7d0845
CF-BiasedMF-BPR,42,80.0,,0.3638937048288356,validation_nDCG@10,1.0,0.398111175138181,0.7115384615384616,0.30105820105820114,156,156,0.3,,"{'dim': 32, 'epochs': 100, 'lr': 0.001, 'l2': 0.01, 'batch_size': 256}",,,CF,CF-BiasedMF-BPR,True,ced76ac42907,20bb7f7d0845
CF-BiasedMF-BPR,123,80.0,,0.40193094249523104,validation_nDCG@10,0.9935897435897436,0.3232669935377797,0.6129032258064516,0.2338300051203277,155,156,0.3,,"{'dim': 32, 'epochs': 100, 'lr': 0.001, 'l2': 0.01, 'batch_size': 256}",,,CF,CF-BiasedMF-BPR,True,ced76ac42907,20bb7f7d0845
CF-BiasedMF-BPR,999,80.0,,0.3685040765509387,validation_nDCG@10,1.0,0.32216191001763117,0.6153846153846154,0.2324023199023199,156,156,0.3,,"{'dim': 16, 'epochs': 100, 'lr': 0.001, 'l2': 0.01, 'batch_size': 256}",,,CF,CF-BiasedMF-BPR,True,ced76ac42907,20bb7f7d0845
CF-BiasedMF-BPR,2024,80.0,,0.41082192045317284,validation_nDCG@10,1.0,0.36958688791342176,0.6538461538461539,0.28138481888481903,156,156,0.3,,"{'dim': 16, 'epochs': 100, 'lr': 0.001, 'l2': 0.01, 'batch_size': 256}",,,CF,CF-BiasedMF-BPR,True,ced76ac42907,20bb7f7d0845
CF-BiasedMF-BPR,555,80.0,,0.33860692902656947,validation_nDCG@10,1.0,0.4166933660312584,0.7371794871794872,0.31876780626780643,156,156,0.3,,"{'dim': 32, 'epochs': 100, 'lr': 0.001, 'l2': 0.01, 'batch_size': 256}",,,CF,CF-BiasedMF-BPR,True,ced76ac42907,20bb7f7d0845
CF-BiasedMF-BPR,42,,,0.35290803979106156,validation_nDCG@10,1.0,0.39244511042867003,0.6987179487179487,0.2977564102564103,156,156,0.3,,"{'dim': 32, 'epochs': 100, 'lr': 0.001, 'l2': 0.01, 'batch_size': 256}",,,CF,CF-BiasedMF-BPR,True,ced76ac42907,20bb7f7d0845
CF-BiasedMF-BPR,123,,,0.3950629865019074,validation_nDCG@10,1.0,0.30801252066234464,0.5897435897435898,0.22055606430606436,156,156,0.3,,"{'dim': 32, 'epochs': 100, 'lr': 0.001, 'l2': 0.01, 'batch_size': 256}",,,CF,CF-BiasedMF-BPR,True,ced76ac42907,20bb7f7d0845
CF-BiasedMF-BPR,999,,,0.3607618782139459,validation_nDCG@10,1.0,0.3157373821031552,0.6089743589743589,0.2261497761497761,156,156,0.3,,"{'dim': 16, 'epochs': 100, 'lr': 0.001, 'l2': 0.01, 'batch_size': 256}",,,CF,CF-BiasedMF-BPR,True,ced76ac42907,20bb7f7d0845
CF-BiasedMF-BPR,2024,,,0.3999636280962795,validation_nDCG@10,1.0,0.3644181299237153,0.6410256410256411,0.2790521978021979,156,156,0.3,,"{'dim': 16, 'epochs': 100, 'lr': 0.001, 'l2': 0.01, 'batch_size': 256}",,,CF,CF-BiasedMF-BPR,True,ced76ac42907,20bb7f7d0845
CF-BiasedMF-BPR,555,,,0.32978211991569023,validation_nDCG@10,1.0,0.41169051086543007,0.7435897435897436,0.31154609279609297,156,156,0.3,,"{'dim': 32, 'epochs': 100, 'lr': 0.001, 'l2': 0.01, 'batch_size': 256}",,,CF,CF-BiasedMF-BPR,True,ced76ac42907,20bb7f7d0845
CF-ItemKNN,42,20.0,,0.8243917364876387,validation_nDCG@10,0.9615384615384616,0.8345503755243501,0.9933333333333333,0.7830079365079363,150,156,0.25,,"{'k_neighbors': 20, 'shrink': 100}",,,CF,CF-ItemKNN,True,ced76ac42907,20bb7f7d0845
CF-ItemKNN,123,20.0,,0.796762403703151,validation_nDCG@10,0.9551282051282052,0.8203174920592294,0.9798657718120806,0.7679343773303504,149,156,0.3,,"{'k_neighbors': 10, 'shrink': 50}",,,CF,CF-ItemKNN,True,ced76ac42907,20bb7f7d0845
CF-ItemKNN,999,20.0,,0.7904350015390897,validation_nDCG@10,0.9807692307692307,0.8260716835703579,0.9869281045751634,0.7730288411660959,153,156,0.2,,"{'k_neighbors': 20, 'shrink': 100}",,,CF,CF-ItemKNN,True,ced76ac42907,20bb7f7d0845
CF-ItemKNN,2024,20.0,,0.81797943850032,validation_nDCG@10,0.9935897435897436,0.8005514631590243,0.9741935483870968,0.7423553507424475,155,156,0.2,,"{'k_neighbors': 10, 'shrink': 100}",,,CF,CF-ItemKNN,True,ced76ac42907,20bb7f7d0845
CF-ItemKNN,555,20.0,,0.8030801999367847,validation_nDCG@10,0.9807692307692307,0.8010136526584781,0.9869281045751634,0.7401001141197219,153,156,0.3,,"{'k_neighbors': 5, 'shrink': 50}",,,CF,CF-ItemKNN,True,ced76ac42907,20bb7f7d0845
CF-ItemKNN,42,40.0,,0.8274195775076562,validation_nDCG@10,1.0,0.7818971911237309,0.9743589743589743,0.718940781440781,156,156,0.25,,"{'k_neighbors': 20, 'shrink': 100}",,,CF,CF-ItemKNN,True,ced76ac42907,20bb7f7d0845
CF-ItemKNN,123,40.0,,0.7857434287862849,validation_nDCG@10,0.9871794871794872,0.7947793246897552,0.961038961038961,0.7401515151515151,154,156,0.25,,"{'k_neighbors': 10, 'shrink': 100}",,,CF,CF-ItemKNN,True,ced76ac42907,20bb7f7d0845
CF-ItemKNN,999,40.0,,0.804469048621084,validation_nDCG@10,1.0,0.8014689030097494,0.9551282051282052,0.7508903133903134,156,156,0.25,,"{'k_neighbors': 10, 'shrink': 50}",,,CF,CF-ItemKNN,True,ced76ac42907,20bb7f7d0845
CF-ItemKNN,2024,40.0,,0.8324688432460294,validation_nDCG@10,0.9935897435897436,0.7886310331411686,0.967741935483871,0.7291730670762928,155,156,0.2,,"{'k_neighbors': 10, 'shrink': 100}",,,CF,CF-ItemKNN,True,ced76ac42907,20bb7f7d0845
CF-ItemKNN,555,40.0,,0.7838022908995493,validation_nDCG@10,0.9935897435897436,0.8165122222206046,0.9612903225806452,0.7685176651305683,155,156,0.3,,"{'k_neighbors': 5, 'shrink': 50}",,,CF,CF-ItemKNN,True,ced76ac42907,20bb7f7d0845
CF-ItemKNN,42,80.0,,0.8524292138466478,validation_nDCG@10,1.0,0.8031848236772394,0.9615384615384616,0.750656288156288,156,156,0.3,,"{'k_neighbors': 20, 'shrink': 50}",,,CF,CF-ItemKNN,True,ced76ac42907,20bb7f7d0845
CF-ItemKNN,123,80.0,,0.7997603468595725,validation_nDCG@10,0.9935897435897436,0.7607306496608929,0.9548387096774194,0.6969252432155657,155,156,0.2,,"{'k_neighbors': 20, 'shrink': 100}",,,CF,CF-ItemKNN,True,ced76ac42907,20bb7f7d0845
CF-ItemKNN,999,80.0,,0.8061060002426812,validation_nDCG@10,1.0,0.7842440901336871,0.9423076923076923,0.7324404761904761,156,156,0.25,,"{'k_neighbors': 10, 'shrink': 50}",,,CF,CF-ItemKNN,True,ced76ac42907,20bb7f7d0845
CF-ItemKNN,2024,80.0,,0.7953383185834599,validation_nDCG@10,1.0,0.7669433108991408,0.9615384615384616,0.7030499592999592,156,156,0.2,,"{'k_neighbors': 10, 'shrink': 100}",,,CF,CF-ItemKNN,True,ced76ac42907,20bb7f7d0845
CF-ItemKNN,555,80.0,,0.8004683196964877,validation_nDCG@10,1.0,0.8091696223981749,0.9871794871794872,0.7507453194953195,156,156,0.3,,"{'k_neighbors': 20, 'shrink': 50}",,,CF,CF-ItemKNN,True,ced76ac42907,20bb7f7d0845
CF-ItemKNN,42,,,0.8303881855525398,validation_nDCG@10,1.0,0.8235830168881492,0.9743589743589743,0.7739570614570613,156,156,0.3,,"{'k_neighbors': 20, 'shrink': 50}",,,CF,CF-ItemKNN,True,ced76ac42907,20bb7f7d0845
CF-ItemKNN,123,,,0.7902808651849782,validation_nDCG@10,1.0,0.770394610077402,0.9358974358974359,0.7161146723646722,156,156,0.25,,"{'k_neighbors': 10, 'shrink': 100}",,,CF,CF-ItemKNN,True,ced76ac42907,20bb7f7d0845
CF-ItemKNN,999,,,0.7746561667583003,validation_nDCG@10,1.0,0.7997026545186319,0.9615384615384616,0.7460342897842897,156,156,0.25,,"{'k_neighbors': 20, 'shrink': 50}",,,CF,CF-ItemKNN,True,ced76ac42907,20bb7f7d0845
CF-ItemKNN,2024,,,0.8171322267426974,validation_nDCG@10,1.0,0.7672360112133004,0.9807692307692307,0.6975401912901914,156,156,0.2,,"{'k_neighbors': 10, 'shrink': 100}",,,CF,CF-ItemKNN,True,ced76ac42907,20bb7f7d0845
CF-ItemKNN,555,,,0.8234881441935914,validation_nDCG@10,1.0,0.8034518230155938,0.967948717948718,0.7487510175010174,156,156,0.25,,"{'k_neighbors': 10, 'shrink': 100}",,,CF,CF-ItemKNN,True,ced76ac42907,20bb7f7d0845
CF-SimpleX,42,20.0,,0.7535543418713101,validation_nDCG@10,0.9615384615384616,0.7804997195911066,0.96,0.7214708994708994,150,156,0.3,,"{'dim': 32, 'epochs': 100, 'lr': 0.001, 'l2': 0.001, 'neg_ratio': 40, 'pos_margin': 0.5, 'neg_margin': 0.3, 'w_neg': 0.3}",,,CF,CF-SimpleX,True,ced76ac42907,20bb7f7d0845
CF-SimpleX,123,20.0,,0.7055821486814944,validation_nDCG@10,0.9551282051282052,0.7201075347967419,0.9530201342281879,0.6447933312027272,149,156,0.3,,"{'dim': 32, 'epochs': 100, 'lr': 0.001, 'l2': 0.001, 'neg_ratio': 40, 'pos_margin': 0.5, 'neg_margin': 0.3, 'w_neg': 0.3}",,,CF,CF-SimpleX,True,ced76ac42907,20bb7f7d0845
CF-SimpleX,999,20.0,,0.7091134177240737,validation_nDCG@10,0.9807692307692307,0.7471751787743932,0.9607843137254902,0.6773757651208632,153,156,0.3,,"{'dim': 32, 'epochs': 100, 'lr': 0.001, 'l2': 0.001, 'neg_ratio': 40, 'pos_margin': 0.5, 'neg_margin': 0.3, 'w_neg': 0.3}",,,CF,CF-SimpleX,True,ced76ac42907,20bb7f7d0845
CF-SimpleX,2024,20.0,,0.7223569746633098,validation_nDCG@10,0.9935897435897436,0.765785459846342,0.9870967741935484,0.6932565284178186,155,156,0.3,,"{'dim': 32, 'epochs': 100, 'lr': 0.001, 'l2': 0.001, 'neg_ratio': 40, 'pos_margin': 0.5, 'neg_margin': 0.3, 'w_neg': 0.3}",,,CF,CF-SimpleX,True,ced76ac42907,20bb7f7d0845
CF-SimpleX,555,20.0,,0.7198635347652559,validation_nDCG@10,0.9807692307692307,0.7618528459871955,0.954248366013072,0.6989366116817095,153,156,0.3,,"{'dim': 16, 'epochs': 100, 'lr': 0.001, 'l2': 0.01, 'neg_ratio': 40, 'pos_margin': 0.5, 'neg_margin': 0.3, 'w_neg': 0.3}",,,CF,CF-SimpleX,True,ced76ac42907,20bb7f7d0845
CF-SimpleX,42,40.0,,0.7070395278426462,validation_nDCG@10,1.0,0.7047444779204433,0.9423076923076923,0.6279558404558403,156,156,0.3,,"{'dim': 32, 'epochs': 100, 'lr': 0.001, 'l2': 0.001, 'neg_ratio': 40, 'pos_margin': 0.5, 'neg_margin': 0.3, 'w_neg': 0.3}",,,CF,CF-SimpleX,True,ced76ac42907,20bb7f7d0845
CF-SimpleX,123,40.0,,0.6775292240521172,validation_nDCG@10,0.9871794871794872,0.6580306180954791,0.9090909090909091,0.5774659863945577,154,156,0.3,,"{'dim': 32, 'epochs': 100, 'lr': 0.001, 'l2': 0.001, 'neg_ratio': 40, 'pos_margin': 0.5, 'neg_margin': 0.3, 'w_neg': 0.3}",,,CF,CF-SimpleX,True,ced76ac42907,20bb7f7d0845
CF-SimpleX,999,40.0,,0.6746111887244975,validation_nDCG@10,1.0,0.6904120553418969,0.9423076923076923,0.6092719780219779,156,156,0.3,,"{'dim': 32, 'epochs': 100, 'lr': 0.001, 'l2': 0.001, 'neg_ratio': 40, 'pos_margin': 0.5, 'neg_margin': 0.3, 'w_neg': 0.3}",,,CF,CF-SimpleX,True,ced76ac42907,20bb7f7d0845
CF-SimpleX,2024,40.0,,0.6760057492056178,validation_nDCG@10,0.9935897435897436,0.7012753928024432,0.9548387096774194,0.6181054787506399,155,156,0.3,,"{'dim': 32, 'epochs': 100, 'lr': 0.001, 'l2': 0.001, 'neg_ratio': 40, 'pos_margin': 0.5, 'neg_margin': 0.3, 'w_neg': 0.3}",,,CF,CF-SimpleX,True,ced76ac42907,20bb7f7d0845
CF-SimpleX,555,40.0,,0.6493774143016458,validation_nDCG@10,0.9935897435897436,0.6838253911246472,0.9161290322580645,0.6079262672811058,155,156,0.3,,"{'dim': 16, 'epochs': 100, 'lr': 0.001, 'l2': 0.01, 'neg_ratio': 40, 'pos_margin': 0.5, 'neg_margin': 0.3, 'w_neg': 0.3}",,,CF,CF-SimpleX,True,ced76ac42907,20bb7f7d0845
CF-SimpleX,42,80.0,,0.7270385045531328,validation_nDCG@10,1.0,0.682126652112794,0.9038461538461539,0.6098341473341473,156,156,0.3,,"{'dim': 32, 'epochs': 100, 'lr': 0.001, 'l2': 0.001, 'neg_ratio': 40, 'pos_margin': 0.5, 'neg_margin': 0.3, 'w_neg': 0.3}",,,CF,CF-SimpleX,True,ced76ac42907,20bb7f7d0845
CF-SimpleX,123,80.0,,0.6569929793890117,validation_nDCG@10,0.9935897435897436,0.5976530116274504,0.8516129032258064,0.5152892985151049,155,156,0.3,,"{'dim': 32, 'epochs': 100, 'lr': 0.001, 'l2': 0.001, 'neg_ratio': 40, 'pos_margin': 0.5, 'neg_margin': 0.3, 'w_neg': 0.3}",,,CF,CF-SimpleX,True,ced76ac42907,20bb7f7d0845
CF-SimpleX,999,80.0,,0.6443245751558899,validation_nDCG@10,1.0,0.6468741304663913,0.9038461538461539,0.5638685388685386,156,156,0.3,,"{'dim': 32, 'epochs': 100, 'lr': 0.001, 'l2': 0.001, 'neg_ratio': 40, 'pos_margin': 0.5, 'neg_margin': 0.3, 'w_neg': 0.3}",,,CF,CF-SimpleX,True,ced76ac42907,20bb7f7d0845
CF-SimpleX,2024,80.0,,0.6430054636589674,validation_nDCG@10,1.0,0.6613189124843873,0.8974358974358975,0.5842134717134717,156,156,0.3,,"{'dim': 32, 'epochs': 100, 'lr': 0.001, 'l2': 0.001, 'neg_ratio': 40, 'pos_margin': 0.5, 'neg_margin': 0.3, 'w_neg': 0.3}",,,CF,CF-SimpleX,True,ced76ac42907,20bb7f7d0845
CF-SimpleX,555,80.0,,0.6374710680044021,validation_nDCG@10,1.0,0.6652445511028654,0.8974358974358975,0.5900412087912087,156,156,0.3,,"{'dim': 16, 'epochs': 100, 'lr': 0.001, 'l2': 0.01, 'neg_ratio': 40, 'pos_margin': 0.5, 'neg_margin': 0.3, 'w_neg': 0.3}",,,CF,CF-SimpleX,True,ced76ac42907,20bb7f7d0845
CF-SimpleX,42,,,0.6913432685811859,validation_nDCG@10,1.0,0.6839939827264414,0.9102564102564102,0.6101648351648351,156,156,0.3,,"{'dim': 32, 'epochs': 100, 'lr': 0.001, 'l2': 0.001, 'neg_ratio': 40, 'pos_margin': 0.5, 'neg_margin': 0.3, 'w_neg': 0.3}",,,CF,CF-SimpleX,True,ced76ac42907,20bb7f7d0845
CF-SimpleX,123,,,0.6360318975150759,validation_nDCG@10,1.0,0.606127468363625,0.8461538461538461,0.53015873015873,156,156,0.3,,"{'dim': 16, 'epochs': 100, 'lr': 0.001, 'l2': 0.001, 'neg_ratio': 20, 'pos_margin': 0.5, 'neg_margin': 0.3, 'w_neg': 0.3}",,,CF,CF-SimpleX,True,ced76ac42907,20bb7f7d0845
CF-SimpleX,999,,,0.6116794805177275,validation_nDCG@10,1.0,0.6094771500618049,0.8717948717948718,0.5261090761090763,156,156,0.3,,"{'dim': 16, 'epochs': 100, 'lr': 0.001, 'l2': 0.001, 'neg_ratio': 40, 'pos_margin': 0.5, 'neg_margin': 0.3, 'w_neg': 0.3}",,,CF,CF-SimpleX,True,ced76ac42907,20bb7f7d0845
CF-SimpleX,2024,,,0.6433825678512947,validation_nDCG@10,1.0,0.6597297762223991,0.9358974358974359,0.5716829466829467,156,156,0.3,,"{'dim': 32, 'epochs': 100, 'lr': 0.001, 'l2': 0.001, 'neg_ratio': 40, 'pos_margin': 0.5, 'neg_margin': 0.3, 'w_neg': 0.3}",,,CF,CF-SimpleX,True,ced76ac42907,20bb7f7d0845
CF-SimpleX,555,,,0.6324818881612023,validation_nDCG@10,1.0,0.6621167678294919,0.8846153846153846,0.5906313593813596,156,156,0.3,,"{'dim': 16, 'epochs': 100, 'lr': 0.001, 'l2': 0.01, 'neg_ratio': 40, 'pos_margin': 0.5, 'neg_margin': 0.3, 'w_neg': 0.3}",,,CF,CF-SimpleX,True,ced76ac42907,20bb7f7d0845
POP-Global,42,20.0,,,,0.9615384615384616,0.3222718289091478,0.6333333333333333,0.22868253968253976,150,156,,,,,,POP,POP-Global,True,ced76ac42907,20bb7f7d0845
POP-Global,42,40.0,,,,1.0,0.24772025942704487,0.44871794871794873,0.18713369963369964,156,156,,,,,,POP,POP-Global,True,ced76ac42907,20bb7f7d0845
POP-Global,42,80.0,,,,1.0,0.22730235674546245,0.391025641025641,0.17751322751322748,156,156,,,,,,POP,POP-Global,True,ced76ac42907,20bb7f7d0845
POP-Global,42,,,,,1.0,0.2262940449649434,0.391025641025641,0.17648555148555145,156,156,,,,,,POP,POP-Global,True,ced76ac42907,20bb7f7d0845
POP-Global,123,20.0,,,,0.9551282051282052,0.3067049316098261,0.6308724832214765,0.2086529242569511,149,156,,,,,,POP,POP-Global,True,ced76ac42907,20bb7f7d0845
POP-Global,123,40.0,,,,0.9871794871794872,0.23058499355559323,0.44155844155844154,0.16645537002679855,154,156,,,,,,POP,POP-Global,True,ced76ac42907,20bb7f7d0845
POP-Global,123,80.0,,,,0.9935897435897436,0.21107982549891824,0.3935483870967742,0.15573988735279057,155,156,,,,,,POP,POP-Global,True,ced76ac42907,20bb7f7d0845
POP-Global,123,,,,,1.0,0.20894697007644203,0.391025641025641,0.1539657102157102,156,156,,,,,,POP,POP-Global,True,ced76ac42907,20bb7f7d0845
POP-Global,999,20.0,,,,0.9807692307692307,0.31029578637340455,0.6339869281045751,0.21285403050108934,153,156,,,,,,POP,POP-Global,True,ced76ac42907,20bb7f7d0845
POP-Global,999,40.0,,,,1.0,0.23756481428574097,0.4551282051282051,0.17150488400488398,156,156,,,,,,POP,POP-Global,True,ced76ac42907,20bb7f7d0845
POP-Global,999,80.0,,,,1.0,0.21421365943496878,0.391025641025641,0.16016483516483515,156,156,,,,,,POP,POP-Global,True,ced76ac42907,20bb7f7d0845
POP-Global,999,,,,,1.0,0.21367879407896553,0.391025641025641,0.15963573463573463,156,156,,,,,,POP,POP-Global,True,ced76ac42907,20bb7f7d0845
POP-Global,2024,20.0,,,,0.9935897435897436,0.2682865676824999,0.567741935483871,0.17885048643113166,155,156,,,,,,POP,POP-Global,True,ced76ac42907,20bb7f7d0845
POP-Global,2024,40.0,,,,0.9935897435897436,0.21404069249722213,0.41935483870967744,0.15226062467997953,155,156,,,,,,POP,POP-Global,True,ced76ac42907,20bb7f7d0845
POP-Global,2024,80.0,,,,1.0,0.19433784795539427,0.36538461538461536,0.14238400488400488,156,156,,,,,,POP,POP-Global,True,ced76ac42907,20bb7f7d0845
POP-Global,2024,,,,,1.0,0.1942233065672686,0.36538461538461536,0.142269536019536,156,156,,,,,,POP,POP-Global,True,ced76ac42907,20bb7f7d0845
POP-Global,555,20.0,,,,0.9807692307692307,0.34271710286989504,0.6405228758169934,0.2523602033405957,153,156,,,,,,POP,POP-Global,True,ced76ac42907,20bb7f7d0845
POP-Global,555,40.0,,,,0.9935897435897436,0.27960531843635783,0.49032258064516127,0.21548899129544297,155,156,,,,,,POP,POP-Global,True,ced76ac42907,20bb7f7d0845
POP-Global,555,80.0,,,,1.0,0.2654325449505061,0.46153846153846156,0.20628815628815625,156,156,,,,,,POP,POP-Global,True,ced76ac42907,20bb7f7d0845
POP-Global,555,,,,,1.0,0.2642229593099278,0.46153846153846156,0.205067155067155,156,156,,,,,,POP,POP-Global,True,ced76ac42907,20bb7f7d0845
POP-Context,42,20.0,,,,0.9615384615384616,0.3222718289091478,0.6333333333333333,0.22868253968253976,150,156,,,,,,POP,POP-Context,True,ced76ac42907,20bb7f7d0845
POP-Context,42,40.0,,,,1.0,0.24772025942704487,0.44871794871794873,0.18713369963369964,156,156,,,,,,POP,POP-Context,True,ced76ac42907,20bb7f7d0845
POP-Context,42,80.0,,,,1.0,0.22730235674546245,0.391025641025641,0.17751322751322748,156,156,,,,,,POP,POP-Context,True,ced76ac42907,20bb7f7d0845
POP-Context,42,,,,,1.0,0.2262940449649434,0.391025641025641,0.17648555148555145,156,156,,,,,,POP,POP-Context,True,ced76ac42907,20bb7f7d0845
POP-Context,123,20.0,,,,0.9551282051282052,0.3067049316098261,0.6308724832214765,0.2086529242569511,149,156,,,,,,POP,POP-Context,True,ced76ac42907,20bb7f7d0845
POP-Context,123,40.0,,,,0.9871794871794872,0.23058499355559323,0.44155844155844154,0.16645537002679855,154,156,,,,,,POP,POP-Context,True,ced76ac42907,20bb7f7d0845
POP-Context,123,80.0,,,,0.9935897435897436,0.21107982549891824,0.3935483870967742,0.15573988735279057,155,156,,,,,,POP,POP-Context,True,ced76ac42907,20bb7f7d0845
POP-Context,123,,,,,1.0,0.20894697007644203,0.391025641025641,0.1539657102157102,156,156,,,,,,POP,POP-Context,True,ced76ac42907,20bb7f7d0845
POP-Context,999,20.0,,,,0.9807692307692307,0.31029578637340455,0.6339869281045751,0.21285403050108934,153,156,,,,,,POP,POP-Context,True,ced76ac42907,20bb7f7d0845
POP-Context,999,40.0,,,,1.0,0.23756481428574097,0.4551282051282051,0.17150488400488398,156,156,,,,,,POP,POP-Context,True,ced76ac42907,20bb7f7d0845
POP-Context,999,80.0,,,,1.0,0.21421365943496878,0.391025641025641,0.16016483516483515,156,156,,,,,,POP,POP-Context,True,ced76ac42907,20bb7f7d0845
POP-Context,999,,,,,1.0,0.21367879407896553,0.391025641025641,0.15963573463573463,156,156,,,,,,POP,POP-Context,True,ced76ac42907,20bb7f7d0845
POP-Context,2024,20.0,,,,0.9935897435897436,0.2682865676824999,0.567741935483871,0.17885048643113166,155,156,,,,,,POP,POP-Context,True,ced76ac42907,20bb7f7d0845
POP-Context,2024,40.0,,,,0.9935897435897436,0.21404069249722213,0.41935483870967744,0.15226062467997953,155,156,,,,,,POP,POP-Context,True,ced76ac42907,20bb7f7d0845
POP-Context,2024,80.0,,,,1.0,0.19433784795539427,0.36538461538461536,0.14238400488400488,156,156,,,,,,POP,POP-Context,True,ced76ac42907,20bb7f7d0845
POP-Context,2024,,,,,1.0,0.1942233065672686,0.36538461538461536,0.142269536019536,156,156,,,,,,POP,POP-Context,True,ced76ac42907,20bb7f7d0845
POP-Context,555,20.0,,,,0.9807692307692307,0.34271710286989504,0.6405228758169934,0.2523602033405957,153,156,,,,,,POP,POP-Context,True,ced76ac42907,20bb7f7d0845
POP-Context,555,40.0,,,,0.9935897435897436,0.27960531843635783,0.49032258064516127,0.21548899129544297,155,156,,,,,,POP,POP-Context,True,ced76ac42907,20bb7f7d0845
POP-Context,555,80.0,,,,1.0,0.2654325449505061,0.46153846153846156,0.20628815628815625,156,156,,,,,,POP,POP-Context,True,ced76ac42907,20bb7f7d0845
POP-Context,555,,,,,1.0,0.2642229593099278,0.46153846153846156,0.205067155067155,156,156,,,,,,POP,POP-Context,True,ced76ac42907,20bb7f7d0845
Hybrid-WeightedSum,42,20.0,0.05,,,0.9615384615384616,0.9091772174240959,1.0,0.8784999999999998,150,156,,,,0.8,,HYBRID,H-WeightedSum,True,ced76ac42907,20bb7f7d0845
Hybrid-WeightedProduct,42,20.0,0.05,,,0.9615384615384616,0.8738738474843406,0.9666666666666667,0.8434894179894181,150,156,,,,0.9,,HYBRID,H-WeightedProduct,True,ced76ac42907,20bb7f7d0845
Hybrid-RRF,42,20.0,0.05,,,0.9615384615384616,0.7853903812629487,1.0,0.7152195767195767,150,156,,,,10.0,10.0,HYBRID,H-RRF,True,ced76ac42907,20bb7f7d0845
Hybrid-ReliabilityGate,42,20.0,0.05,,,0.9615384615384616,0.8699404076975198,1.0,0.8267222222222221,150,156,,,,,,HYBRID,H-ReliabilityGate,True,ced76ac42907,20bb7f7d0845
Hybrid-WeightedSum,42,40.0,0.05,,,1.0,0.8818950462550583,0.9935897435897436,0.8446581196581195,156,156,,,,0.7,,HYBRID,H-WeightedSum,True,ced76ac42907,20bb7f7d0845
Hybrid-WeightedProduct,42,40.0,0.05,,,1.0,0.8482160978620592,0.9358974358974359,0.8188034188034187,156,156,,,,0.8,,HYBRID,H-WeightedProduct,True,ced76ac42907,20bb7f7d0845
Hybrid-RRF,42,40.0,0.05,,,1.0,0.7737319956667117,0.9935897435897436,0.7020985958485957,156,156,,,,10.0,10.0,HYBRID,H-RRF,True,ced76ac42907,20bb7f7d0845
Hybrid-ReliabilityGate,42,40.0,0.05,,,1.0,0.8436714238885363,0.9935897435897436,0.7940705128205128,156,156,,,,,,HYBRID,H-ReliabilityGate,True,ced76ac42907,20bb7f7d0845
Hybrid-WeightedSum,42,80.0,0.05,,,1.0,0.8820598038155943,0.9807692307692307,0.8492063492063492,156,156,,,,0.7,,HYBRID,H-WeightedSum,True,ced76ac42907,20bb7f7d0845
Hybrid-WeightedProduct,42,80.0,0.05,,,1.0,0.8580318949972155,0.9807692307692307,0.8169413919413919,156,156,,,,1.0,,HYBRID,H-WeightedProduct,True,ced76ac42907,20bb7f7d0845
Hybrid-RRF,42,80.0,0.05,,,1.0,0.7592790137750274,0.9743589743589743,0.6883012820512818,156,156,,,,10.0,10.0,HYBRID,H-RRF,True,ced76ac42907,20bb7f7d0845
Hybrid-ReliabilityGate,42,80.0,0.05,,,1.0,0.829278499052972,0.9743589743589743,0.7802960927960927,156,156,,,,,,HYBRID,H-ReliabilityGate,True,ced76ac42907,20bb7f7d0845
Hybrid-WeightedSum,42,,0.05,,,1.0,0.9005059694588559,0.9871794871794872,0.8711538461538461,156,156,,,,0.7,,HYBRID,H-WeightedSum,True,ced76ac42907,20bb7f7d0845
Hybrid-WeightedProduct,42,,0.05,,,1.0,0.8780974998174261,0.9807692307692307,0.8437830687830686,156,156,,,,1.0,,HYBRID,H-WeightedProduct,True,ced76ac42907,20bb7f7d0845
Hybrid-RRF,42,,0.05,,,1.0,0.7649170515698307,0.9935897435897436,0.690315934065934,156,156,,,,10.0,10.0,HYBRID,H-RRF,True,ced76ac42907,20bb7f7d0845
Hybrid-ReliabilityGate,42,,0.05,,,1.0,0.8533998808173655,0.9935897435897436,0.8067994505494506,156,156,,,,,,HYBRID,H-ReliabilityGate,True,ced76ac42907,20bb7f7d0845
Hybrid-WeightedSum,123,20.0,0.05,,,0.9551282051282052,0.9053340009500255,1.0,0.8734419942473636,149,156,,,,0.7,,HYBRID,H-WeightedSum,True,ced76ac42907,20bb7f7d0845
Hybrid-WeightedProduct,123,20.0,0.05,,,0.9551282051282052,0.8912033880496549,1.0,0.8548178331735378,149,156,,,,1.0,,HYBRID,H-WeightedProduct,True,ced76ac42907,20bb7f7d0845
Hybrid-RRF,123,20.0,0.05,,,0.9551282051282052,0.7811842854733888,0.9865771812080537,0.7134947267497601,149,156,,,,10.0,10.0,HYBRID,H-RRF,True,ced76ac42907,20bb7f7d0845
Hybrid-ReliabilityGate,123,20.0,0.05,,,0.9551282051282052,0.8731218929809499,1.0,0.8306567593480344,149,156,,,,,,HYBRID,H-ReliabilityGate,True,ced76ac42907,20bb7f7d0845
Hybrid-WeightedSum,123,40.0,0.05,,,0.9871794871794872,0.881319520116215,0.987012987012987,0.8459029066171921,154,156,,,,0.9,,HYBRID,H-WeightedSum,True,ced76ac42907,20bb7f7d0845
Hybrid-WeightedProduct,123,40.0,0.05,,,0.9871794871794872,0.8598984824552686,0.987012987012987,0.8176406926406927,154,156,,,,1.0,,HYBRID,H-WeightedProduct,True,ced76ac42907,20bb7f7d0845
Hybrid-RRF,123,40.0,0.05,,,0.9871794871794872,0.7483580966699314,0.974025974025974,0.6749252731395586,154,156,,,,10.0,10.0,HYBRID,H-RRF,True,ced76ac42907,20bb7f7d0845
Hybrid-ReliabilityGate,123,40.0,0.05,,,0.9871794871794872,0.8384818430032632,0.987012987012987,0.7891207998350854,154,156,,,,,,HYBRID,H-ReliabilityGate,True,ced76ac42907,20bb7f7d0845
Hybrid-WeightedSum,123,80.0,0.05,,,0.9935897435897436,0.8824839670832116,0.9806451612903225,0.8496466973886329,155,156,,,,0.9,,HYBRID,H-WeightedSum,True,ced76ac42907,20bb7f7d0845
Hybrid-WeightedProduct,123,80.0,0.05,,,0.9935897435897436,0.8601737019791477,0.9741935483870968,0.8218996415770611,155,156,,,,1.0,,HYBRID,H-WeightedProduct,True,ced76ac42907,20bb7f7d0845
Hybrid-RRF,123,80.0,0.05,,,0.9935897435897436,0.740694673565257,0.967741935483871,0.6660547875064003,155,156,,,,10.0,10.0,HYBRID,H-RRF,True,ced76ac42907,20bb7f7d0845
Hybrid-ReliabilityGate,123,80.0,0.05,,,0.9935897435897436,0.8328344816948495,0.9741935483870968,0.7854557091653864,155,156,,,,,,HYBRID,H-ReliabilityGate,True,ced76ac42907,20bb7f7d0845
Hybrid-WeightedSum,123,,0.05,,,1.0,0.8758494648352845,0.9551282051282052,0.8493131868131868,156,156,,,,0.8,,HYBRID,H-WeightedSum,True,ced76ac42907,20bb7f7d0845
Hybrid-WeightedProduct,123,,0.05,,,1.0,0.8478674653812711,0.9423076923076923,0.816096866096866,156,156,,,,1.0,,HYBRID,H-WeightedProduct,True,ced76ac42907,20bb7f7d0845
Hybrid-RRF,123,,0.05,,,1.0,0.7451313166175991,0.9615384615384616,0.6754222629222627,156,156,,,,10.0,10.0,HYBRID,H-RRF,True,ced76ac42907,20bb7f7d0845
Hybrid-ReliabilityGate,123,,0.05,,,1.0,0.8132694504306313,0.9615384615384616,0.7639143264143264,156,156,,,,,,HYBRID,H-ReliabilityGate,True,ced76ac42907,20bb7f7d0845
Hybrid-WeightedSum,999,20.0,0.05,,,0.9807692307692307,0.9200230151411145,1.0,0.892981637099284,153,156,,,,0.8,,HYBRID,H-WeightedSum,True,ced76ac42907,20bb7f7d0845
Hybrid-WeightedProduct,999,20.0,0.05,,,0.9807692307692307,0.8821587111274856,0.9673202614379085,0.854852681813466,153,156,,,,0.8,,HYBRID,H-WeightedProduct,True,ced76ac42907,20bb7f7d0845
Hybrid-RRF,999,20.0,0.05,,,0.9807692307692307,0.788039781661873,1.0,0.7184718331777155,153,156,,,,10.0,10.0,HYBRID,H-RRF,True,ced76ac42907,20bb7f7d0845
Hybrid-ReliabilityGate,999,20.0,0.05,,,0.9807692307692307,0.8900508069394738,1.0,0.8527855586679116,153,156,,,,,,HYBRID,H-ReliabilityGate,True,ced76ac42907,20bb7f7d0845
Hybrid-WeightedSum,999,40.0,0.05,,,1.0,0.907492050117921,1.0,0.8767094017094018,156,156,,,,0.8,,HYBRID,H-WeightedSum,True,ced76ac42907,20bb7f7d0845
Hybrid-WeightedProduct,999,40.0,0.05,,,1.0,0.8847636198325787,0.9935897435897436,0.8486721611721609,156,156,,,,1.0,,HYBRID,H-WeightedProduct,True,ced76ac42907,20bb7f7d0845
Hybrid-RRF,999,40.0,0.05,,,1.0,0.7720514952620371,0.9807692307692307,0.7038079975579975,156,156,,,,10.0,10.0,HYBRID,H-RRF,True,ced76ac42907,20bb7f7d0845
Hybrid-ReliabilityGate,999,40.0,0.05,,,1.0,0.8444659171234391,0.9935897435897436,0.7942663817663816,156,156,,,,,,HYBRID,H-ReliabilityGate,True,ced76ac42907,20bb7f7d0845
Hybrid-WeightedSum,999,80.0,0.05,,,1.0,0.9143168589615674,0.9871794871794872,0.8899216524216524,156,156,,,,0.7,,HYBRID,H-WeightedSum,True,ced76ac42907,20bb7f7d0845
Hybrid-WeightedProduct,999,80.0,0.05,,,1.0,0.8904176732031603,0.9551282051282052,0.868935693935694,156,156,,,,0.9,,HYBRID,H-WeightedProduct,True,ced76ac42907,20bb7f7d0845
Hybrid-RRF,999,80.0,0.05,,,1.0,0.748680231975753,0.9807692307692307,0.6720161782661783,156,156,,,,10.0,10.0,HYBRID,H-RRF,True,ced76ac42907,20bb7f7d0845
Hybrid-ReliabilityGate,999,80.0,0.05,,,1.0,0.8695817422296704,0.9935897435897436,0.8280626780626779,156,156,,,,,,HYBRID,H-ReliabilityGate,True,ced76ac42907,20bb7f7d0845
Hybrid-WeightedSum,999,,0.05,,,1.0,0.9321445885045835,0.9871794871794872,0.9135225885225885,156,156,,,,0.8,,HYBRID,H-WeightedSum,True,ced76ac42907,20bb7f7d0845
Hybrid-WeightedProduct,999,,0.05,,,1.0,0.8786433295773151,0.9423076923076923,0.857051282051282,156,156,,,,0.8,,HYBRID,H-WeightedProduct,True,ced76ac42907,20bb7f7d0845
Hybrid-RRF,999,,0.05,,,1.0,0.768286437917862,0.9871794871794872,0.6971840659340659,156,156,,,,10.0,10.0,HYBRID,H-RRF,True,ced76ac42907,20bb7f7d0845
Hybrid-ReliabilityGate,999,,0.05,,,1.0,0.8751633317423071,0.9871794871794872,0.8376678876678876,156,156,,,,,,HYBRID,H-ReliabilityGate,True,ced76ac42907,20bb7f7d0845
Hybrid-WeightedSum,2024,20.0,0.05,,,0.9935897435897436,0.906804965764197,0.9870967741935484,0.880079365079365,155,156,,,,0.8,,HYBRID,H-WeightedSum,True,ced76ac42907,20bb7f7d0845
Hybrid-WeightedProduct,2024,20.0,0.05,,,0.9935897435897436,0.8868815918627329,0.9935483870967742,0.851799795186892,155,156,,,,1.0,,HYBRID,H-WeightedProduct,True,ced76ac42907,20bb7f7d0845
Hybrid-RRF,2024,20.0,0.05,,,0.9935897435897436,0.7759937976447769,0.9870967741935484,0.7065847414234513,155,156,,,,10.0,10.0,HYBRID,H-RRF,True,ced76ac42907,20bb7f7d0845
Hybrid-ReliabilityGate,2024,20.0,0.05,,,0.9935897435897436,0.8712347271466933,0.9806451612903225,0.8341474654377881,155,156,,,,,,HYBRID,H-ReliabilityGate,True,ced76ac42907,20bb7f7d0845
Hybrid-WeightedSum,2024,40.0,0.05,,,0.9935897435897436,0.9031529861573256,0.9870967741935484,0.8751075268817203,155,156,,,,0.9,,HYBRID,H-WeightedSum,True,ced76ac42907,20bb7f7d0845
Hybrid-WeightedProduct,2024,40.0,0.05,,,0.9935897435897436,0.8895702316213876,0.9741935483870968,0.8619610855094727,155,156,,,,0.8,,HYBRID,H-WeightedProduct,True,ced76ac42907,20bb7f7d0845
Hybrid-RRF,2024,40.0,0.05,,,0.9935897435897436,0.7548301718143685,0.9806451612903225,0.6804787506400409,155,156,,,,10.0,10.0,HYBRID,H-RRF,True,ced76ac42907,20bb7f7d0845
Hybrid-ReliabilityGate,2024,40.0,0.05,,,0.9935897435897436,0.8396479803728506,0.9806451612903225,0.7929109062980029,155,156,,,,,,HYBRID,H-ReliabilityGate,True,ced76ac42907,20bb7f7d0845
Hybrid-WeightedSum,2024,80.0,0.05,,,1.0,0.8877508363614853,0.9935897435897436,0.8535434472934472,156,156,,,,0.8,,HYBRID,H-WeightedSum,True,ced76ac42907,20bb7f7d0845
Hybrid-WeightedProduct,2024,80.0,0.05,,,1.0,0.8670092601805345,0.9807692307692307,0.8293447293447295,156,156,,,,1.0,,HYBRID,H-WeightedProduct,True,ced76ac42907,20bb7f7d0845
Hybrid-RRF,2024,80.0,0.05,,,1.0,0.7543945604009706,0.9743589743589743,0.6834808709808708,156,156,,,,10.0,10.0,HYBRID,H-RRF,True,ced76ac42907,20bb7f7d0845
Hybrid-ReliabilityGate,2024,80.0,0.05,,,1.0,0.8210476559853671,0.9743589743589743,0.7700574888074888,156,156,,,,,,HYBRID,H-ReliabilityGate,True,ced76ac42907,20bb7f7d0845
Hybrid-WeightedSum,2024,,0.05,,,1.0,0.8920024304958866,1.0,0.8564992877492877,156,156,,,,0.7,,HYBRID,H-WeightedSum,True,ced76ac42907,20bb7f7d0845
Hybrid-WeightedProduct,2024,,0.05,,,1.0,0.8831995746364546,0.9871794871794872,0.84878663003663,156,156,,,,0.8,,HYBRID,H-WeightedProduct,True,ced76ac42907,20bb7f7d0845
Hybrid-RRF,2024,,0.05,,,1.0,0.7506250377817287,0.9807692307692307,0.6752314814814816,156,156,,,,10.0,10.0,HYBRID,H-RRF,True,ced76ac42907,20bb7f7d0845
Hybrid-ReliabilityGate,2024,,0.05,,,1.0,0.8369982898605182,0.9871794871794872,0.787304131054131,156,156,,,,,,HYBRID,H-ReliabilityGate,True,ced76ac42907,20bb7f7d0845
Hybrid-WeightedSum,555,20.0,0.05,,,0.9807692307692307,0.9207453769414568,0.9934640522875817,0.8959694989106752,153,156,,,,0.7,,HYBRID,H-WeightedSum,True,ced76ac42907,20bb7f7d0845
Hybrid-WeightedProduct,555,20.0,0.05,,,0.9807692307692307,0.8939707315665472,0.9803921568627451,0.8665292042743022,153,156,,,,0.9,,HYBRID,H-WeightedProduct,True,ced76ac42907,20bb7f7d0845
Hybrid-RRF,555,20.0,0.05,,,0.9807692307692307,0.7914441818475167,0.9934640522875817,0.7242089428363938,153,156,,,,10.0,10.0,HYBRID,H-RRF,True,ced76ac42907,20bb7f7d0845
Hybrid-ReliabilityGate,555,20.0,0.05,,,0.9807692307692307,0.8776308241584272,0.9934640522875817,0.838515406162465,153,156,,,,,,HYBRID,H-ReliabilityGate,True,ced76ac42907,20bb7f7d0845
Hybrid-WeightedSum,555,40.0,0.05,,,0.9935897435897436,0.9228104390047799,0.9870967741935484,0.900752688172043,155,156,,,,0.7,,HYBRID,H-WeightedSum,True,ced76ac42907,20bb7f7d0845
Hybrid-WeightedProduct,555,40.0,0.05,,,0.9935897435897436,0.8888496390327469,0.9483870967741935,0.8685483870967742,155,156,,,,0.9,,HYBRID,H-WeightedProduct,True,ced76ac42907,20bb7f7d0845
Hybrid-RRF,555,40.0,0.05,,,0.9935897435897436,0.774960050412905,0.9870967741935484,0.7045417306707629,155,156,,,,10.0,10.0,HYBRID,H-RRF,True,ced76ac42907,20bb7f7d0845
Hybrid-ReliabilityGate,555,40.0,0.05,,,0.9935897435897436,0.8800131640146175,0.9870967741935484,0.8439580133128519,155,156,,,,,,HYBRID,H-ReliabilityGate,True,ced76ac42907,20bb7f7d0845
Hybrid-WeightedSum,555,80.0,0.05,,,1.0,0.919814327116234,0.9807692307692307,0.8995192307692309,156,156,,,,0.7,,HYBRID,H-WeightedSum,True,ced76ac42907,20bb7f7d0845
Hybrid-WeightedProduct,555,80.0,0.05,,,1.0,0.8821628039559476,0.9358974358974359,0.864555352055352,156,156,,,,0.9,,HYBRID,H-WeightedProduct,True,ced76ac42907,20bb7f7d0845
Hybrid-RRF,555,80.0,0.05,,,1.0,0.7684434844210596,0.9615384615384616,0.7055173992673992,156,156,,,,10.0,10.0,HYBRID,H-RRF,True,ced76ac42907,20bb7f7d0845
Hybrid-ReliabilityGate,555,80.0,0.05,,,1.0,0.8570525109763508,0.9807692307692307,0.8157127594627593,156,156,,,,,,HYBRID,H-ReliabilityGate,True,ced76ac42907,20bb7f7d0845
Hybrid-WeightedSum,555,,0.05,,,1.0,0.90793386446146,0.9743589743589743,0.8853632478632479,156,156,,,,0.8,,HYBRID,H-WeightedSum,True,ced76ac42907,20bb7f7d0845
Hybrid-WeightedProduct,555,,0.05,,,1.0,0.8702007866376551,0.9294871794871795,0.8502849002849003,156,156,,,,0.9,,HYBRID,H-WeightedProduct,True,ced76ac42907,20bb7f7d0845
Hybrid-RRF,555,,0.05,,,1.0,0.7574970750327247,0.9807692307692307,0.6837835775335775,156,156,,,,10.0,10.0,HYBRID,H-RRF,True,ced76ac42907,20bb7f7d0845
Hybrid-ReliabilityGate,555,,0.05,,,1.0,0.8538102885751505,0.9871794871794872,0.8094958282458282,156,156,,,,,,HYBRID,H-ReliabilityGate,True,ced76ac42907,20bb7f7d0845
