seed,MAX_CANDS,user_bin,model,nDCG@10_mean,HR@10_mean,MRR@10_mean,n_users
42,20,cold,CBF-multilingual-e5-large-instruct,0.9072043885703581,1.0,0.8756830601092895,61
123,20,cold,CBF-multilingual-e5-large-instruct,0.9085272523175708,1.0,0.8776836158192091,59
999,20,cold,CBF-multilingual-e5-large-instruct,0.9331044209750595,1.0,0.9100529100529101,63
2024,20,cold,CBF-multilingual-e5-large-instruct,0.9151947229157837,1.0,0.88671875,64
555,20,cold,CBF-multilingual-e5-large-instruct,0.8930180286797325,0.9838709677419355,0.8630568356374807,62
42,20,mid,CBF-multilingual-e5-large-instruct,0.8671379965584806,1.0,0.8232587064676616,67
123,20,mid,CBF-multilingual-e5-large-instruct,0.8746756293406154,1.0,0.8327380952380953,68
999,20,mid,CBF-multilingual-e5-large-instruct,0.8811213321731675,0.9852941176470589,0.8464460784313727,68
2024,20,mid,CBF-multilingual-e5-large-instruct,0.8497438400720373,0.9855072463768116,0.8059753853232114,69
555,20,mid,CBF-multilingual-e5-large-instruct,0.8978303292726127,1.0,0.8628019323671497,69
42,20,heavy,CBF-multilingual-e5-large-instruct,0.9237939008539894,1.0,0.8977272727272727,22
123,20,heavy,CBF-multilingual-e5-large-instruct,0.8958297335227319,1.0,0.8617424242424242,22
999,20,heavy,CBF-multilingual-e5-large-instruct,0.8524610171300527,1.0,0.8030303030303029,22
2024,20,heavy,CBF-multilingual-e5-large-instruct,0.9209936139610416,1.0,0.8939393939393938,22
555,20,heavy,CBF-multilingual-e5-large-instruct,0.9058420988095264,1.0,0.8766233766233765,22
42,20,cold,CBF-bge-m3,0.9178682080978889,1.0,0.8904371584699453,61
123,20,cold,CBF-bge-m3,0.8949838942089425,1.0,0.8615819209039548,59
999,20,cold,CBF-bge-m3,0.9399405568174943,1.0,0.9206349206349206,63
2024,20,cold,CBF-bge-m3,0.9123113616155608,1.0,0.8834635416666666,64
555,20,cold,CBF-bge-m3,0.8910654119212503,0.9838709677419355,0.8613287250384024,62
42,20,mid,CBF-bge-m3,0.8321062435897253,0.9701492537313433,0.7870646766169155,67
123,20,mid,CBF-bge-m3,0.83252048000675,1.0,0.7762254901960786,68
999,20,mid,CBF-bge-m3,0.8653145832279759,0.9852941176470589,0.8261204481792718,68
2024,20,mid,CBF-bge-m3,0.862259378948566,0.9710144927536232,0.8253623188405798,69
555,20,mid,CBF-bge-m3,0.8942029906565239,1.0,0.859799861973775,69
42,20,heavy,CBF-bge-m3,0.8731963011828321,1.0,0.8310606060606059,22
123,20,heavy,CBF-bge-m3,0.8673786264161695,1.0,0.8246753246753247,22
999,20,heavy,CBF-bge-m3,0.7734546310910944,0.9545454545454546,0.712121212121212,22
2024,20,heavy,CBF-bge-m3,0.9286671162760634,1.0,0.9053030303030302,22
555,20,heavy,CBF-bge-m3,0.8898783810876657,0.9545454545454546,0.8693181818181818,22
42,20,cold,CBF-SCT-KD-model-phayathaibert,0.8209698030304842,0.9508196721311475,0.7766393442622951,61
123,20,cold,CBF-SCT-KD-model-phayathaibert,0.817419960643554,0.9830508474576272,0.7626177024482109,59
999,20,cold,CBF-SCT-KD-model-phayathaibert,0.8798811136349886,0.9841269841269841,0.8439153439153438,63
2024,20,cold,CBF-SCT-KD-model-phayathaibert,0.8173680189795276,1.0,0.7583767361111111,64
555,20,cold,CBF-SCT-KD-model-phayathaibert,0.8420644588754078,0.9354838709677419,0.810752688172043,62
42,20,mid,CBF-SCT-KD-model-phayathaibert,0.8166847397006668,0.9850746268656716,0.7623312011371712,67
123,20,mid,CBF-SCT-KD-model-phayathaibert,0.8302749783262486,1.0,0.7771358543417367,68
999,20,mid,CBF-SCT-KD-model-phayathaibert,0.8166574764221708,0.9705882352941176,0.765843837535014,68
2024,20,mid,CBF-SCT-KD-model-phayathaibert,0.8337039105636006,0.9855072463768116,0.783011272141707,69
555,20,mid,CBF-SCT-KD-model-phayathaibert,0.842491568028858,0.9565217391304348,0.8048654244306418,69
42,20,heavy,CBF-SCT-KD-model-phayathaibert,0.7908049437363569,1.0,0.725,22
123,20,heavy,CBF-SCT-KD-model-phayathaibert,0.8406166391309223,1.0,0.7891414141414141,22
999,20,heavy,CBF-SCT-KD-model-phayathaibert,0.7335415337990518,0.9545454545454546,0.6640151515151516,22
2024,20,heavy,CBF-SCT-KD-model-phayathaibert,0.8165535086892358,0.9545454545454546,0.7723484848484848,22
555,20,heavy,CBF-SCT-KD-model-phayathaibert,0.813766122329028,1.0,0.7515151515151515,22
42,20,cold,CBF-wangchanberta-base-att-spm-uncased,0.7920409975232842,0.9672131147540983,0.7334699453551913,61
123,20,cold,CBF-wangchanberta-base-att-spm-uncased,0.814198084649173,1.0,0.7552865213882163,59
999,20,cold,CBF-wangchanberta-base-att-spm-uncased,0.8168514196014249,0.9841269841269841,0.7623204837490553,63
2024,20,cold,CBF-wangchanberta-base-att-spm-uncased,0.82649753421338,0.984375,0.7751674107142857,64
555,20,cold,CBF-wangchanberta-base-att-spm-uncased,0.7829723900754272,0.9838709677419355,0.720852534562212,62
42,20,mid,CBF-wangchanberta-base-att-spm-uncased,0.7540262465666531,0.9701492537313433,0.6839137645107795,67
123,20,mid,CBF-wangchanberta-base-att-spm-uncased,0.7566080936125682,1.0,0.6782271241830068,68
999,20,mid,CBF-wangchanberta-base-att-spm-uncased,0.7807093074138537,0.9705882352941176,0.718218954248366,68
2024,20,mid,CBF-wangchanberta-base-att-spm-uncased,0.7663659484824171,0.9565217391304348,0.7043478260869566,69
555,20,mid,CBF-wangchanberta-base-att-spm-uncased,0.7526824859729876,0.9710144927536232,0.6823844030365769,69
42,20,heavy,CBF-wangchanberta-base-att-spm-uncased,0.7439798094906505,1.0,0.6618686868686868,22
123,20,heavy,CBF-wangchanberta-base-att-spm-uncased,0.7646013426719249,1.0,0.6879329004329003,22
999,20,heavy,CBF-wangchanberta-base-att-spm-uncased,0.6982753520384658,0.9545454545454546,0.6171536796536796,22
2024,20,heavy,CBF-wangchanberta-base-att-spm-uncased,0.8620119584956722,1.0,0.817099567099567,22
555,20,heavy,CBF-wangchanberta-base-att-spm-uncased,0.744729780838103,0.9545454545454546,0.6772727272727272,22
42,20,cold,CF-EASE_R,0.6513141633345803,0.9180327868852459,0.5632903981264636,61
123,20,cold,CF-EASE_R,0.6833952930451082,0.9661016949152542,0.5929849340866289,59
999,20,cold,CF-EASE_R,0.6979807233050824,0.9841269841269841,0.605920886873268,63
2024,20,cold,CF-EASE_R,0.645048211424313,0.953125,0.546875,64
555,20,cold,CF-EASE_R,0.6578641373093407,0.8870967741935484,0.5848566308243728,62
42,20,mid,CF-EASE_R,0.6298965432684155,0.8955223880597015,0.5449597251836059,67
123,20,mid,CF-EASE_R,0.6676970617926317,0.9558823529411765,0.5779353408029878,68
999,20,mid,CF-EASE_R,0.6560689588600415,0.9558823529411765,0.5615021008403361,68
2024,20,mid,CF-EASE_R,0.6563825150861619,0.927536231884058,0.5709914883827928,69
555,20,mid,CF-EASE_R,0.6224173770182234,0.9130434782608695,0.5289740050609616,69
42,20,heavy,CF-EASE_R,0.5849071005967663,0.8636363636363636,0.4944444444444444,22
123,20,heavy,CF-EASE_R,0.6580866078528861,1.0,0.552020202020202,22
999,20,heavy,CF-EASE_R,0.5485313610123841,0.8636363636363636,0.4528138528138527,22
2024,20,heavy,CF-EASE_R,0.6025307369756894,0.9545454545454546,0.4898268398268399,22
555,20,heavy,CF-EASE_R,0.5728724446581039,0.8181818181818182,0.49323593073593075,22
42,20,cold,CF-BiasedMF,0.6646255325162304,1.0,0.5602589123080927,61
123,20,cold,CF-BiasedMF,0.6351600400692082,0.9661016949152542,0.5308044121603444,59
999,20,cold,CF-BiasedMF,0.6523709191076946,0.9841269841269841,0.5489103048626859,63
2024,20,cold,CF-BiasedMF,0.7011350307279209,1.0,0.6045076884920635,64
555,20,cold,CF-BiasedMF,0.6295252932956883,0.967741935483871,0.5191244239631336,62
42,20,mid,CF-BiasedMF,0.6232634680807052,0.9402985074626866,0.5234778488509831,67
123,20,mid,CF-BiasedMF,0.5871672068462463,0.9558823529411765,0.4739670868347338,68
999,20,mid,CF-BiasedMF,0.5625141059187128,0.9411764705882353,0.44510971055088705,68
2024,20,mid,CF-BiasedMF,0.5630278953437433,0.8695652173913043,0.46853002070393385,69
555,20,mid,CF-BiasedMF,0.6190715219856042,0.9420289855072463,0.5181101909362779,69
42,20,heavy,CF-BiasedMF,0.571197910074869,0.9090909090909091,0.46558441558441555,22
123,20,heavy,CF-BiasedMF,0.5822347737565123,0.9545454545454546,0.4748556998556998,22
999,20,heavy,CF-BiasedMF,0.5756222964027949,0.9545454545454546,0.4623015873015873,22
2024,20,heavy,CF-BiasedMF,0.4870100534324288,0.9090909090909091,0.3588744588744589,22
555,20,heavy,CF-BiasedMF,0.6514078970539983,0.9090909090909091,0.5752886002886003,22
42,20,cold,CF-BiasedMF-BPR,0.5263434535242897,0.8852459016393442,0.41137782982045273,61
123,20,cold,CF-BiasedMF-BPR,0.47954051281817506,0.8305084745762712,0.3708165186978747,59
999,20,cold,CF-BiasedMF-BPR,0.4692021615211302,0.8571428571428571,0.3507621567145377,63
2024,20,cold,CF-BiasedMF-BPR,0.5206510386807623,0.859375,0.41603422619047625,64
555,20,cold,CF-BiasedMF-BPR,0.6305575710173478,0.967741935483871,0.5236239119303637,62
42,20,mid,CF-BiasedMF-BPR,0.5308798835476688,0.8805970149253731,0.42117981520966596,67
123,20,mid,CF-BiasedMF-BPR,0.5047002633456417,0.8823529411764706,0.3850957049486461,68
999,20,mid,CF-BiasedMF-BPR,0.5121115216277362,0.9264705882352942,0.38307656395891687,68
2024,20,mid,CF-BiasedMF-BPR,0.5583036839944029,0.8840579710144928,0.45679204048769256,69
555,20,mid,CF-BiasedMF-BPR,0.5335086092535772,0.8985507246376812,0.41825971934667583,69
42,20,heavy,CF-BiasedMF-BPR,0.44694040167717225,0.8181818181818182,0.3318722943722944,22
123,20,heavy,CF-BiasedMF-BPR,0.3674235392133912,0.7272727272727273,0.257449494949495,22
999,20,heavy,CF-BiasedMF-BPR,0.3677124674406341,0.7727272727272727,0.24621212121212127,22
2024,20,heavy,CF-BiasedMF-BPR,0.3596777694014322,0.8181818181818182,0.22256493506493505,22
555,20,heavy,CF-BiasedMF-BPR,0.5957717951278837,0.8181818181818182,0.5267676767676768,22
42,20,cold,CF-ItemKNN,0.8431053888276675,1.0,0.7908469945355191,61
123,20,cold,CF-ItemKNN,0.833801305845422,1.0,0.779708097928437,59
999,20,cold,CF-ItemKNN,0.8246295524875227,0.9841269841269841,0.7718883849836232,63
2024,20,cold,CF-ItemKNN,0.8301631434180519,0.984375,0.7770833333333333,64
555,20,cold,CF-ItemKNN,0.8039760573540405,0.9838709677419355,0.7438812083973375,62
42,20,mid,CF-ItemKNN,0.844227948972098,0.9850746268656716,0.7995202558635395,67
123,20,mid,CF-ItemKNN,0.8122883035763304,0.9705882352941176,0.7600898692810457,68
999,20,mid,CF-ItemKNN,0.8377053458418176,0.9852941176470589,0.7883986928104576,68
2024,20,mid,CF-ItemKNN,0.7668316471237393,0.9565217391304348,0.7039452495974237,69
555,20,mid,CF-ItemKNN,0.7849790181817023,0.9855072463768116,0.7187370600414078,69
42,20,heavy,CF-ItemKNN,0.7813570467742863,1.0,0.7109848484848484,22
123,20,heavy,CF-ItemKNN,0.8089738467615869,0.9545454545454546,0.7606060606060605,22
999,20,heavy,CF-ItemKNN,0.7942428301048792,1.0,0.7287878787878787,22
2024,20,heavy,CF-ItemKNN,0.820165998152529,1.0,0.7617965367965368,22
555,20,heavy,CF-ItemKNN,0.8429555021026952,1.0,0.7964466089466089,22
42,20,cold,CF-SimpleX,0.8192546829588299,0.9672131147540983,0.770264116575592,61
123,20,cold,CF-SimpleX,0.7524695196244855,0.9661016949152542,0.6843825665859565,59
999,20,cold,CF-SimpleX,0.7777134572395613,0.9841269841269841,0.7118354749307131,63
2024,20,cold,CF-SimpleX,0.760307504524685,1.0,0.6815290178571429,64
555,20,cold,CF-SimpleX,0.8108793913452518,0.967741935483871,0.7588709677419355,62
42,20,mid,CF-SimpleX,0.7740170591139827,0.9701492537313433,0.7099680170575693,67
123,20,mid,CF-SimpleX,0.7215271892478405,0.9558823529411765,0.6441584967320262,68
999,20,mid,CF-SimpleX,0.7147566041562348,0.9411764705882353,0.6394607843137255,68
2024,20,mid,CF-SimpleX,0.775409877417294,0.9710144927536232,0.7121290545203589,69
555,20,mid,CF-SimpleX,0.7303793320568259,0.9855072463768116,0.6481251437773178,69
42,20,heavy,CF-SimpleX,0.6927854235245744,0.9090909090909091,0.6212121212121212,22
123,20,heavy,CF-SimpleX,0.6289305526371313,0.9090909090909091,0.5405844155844156,22
999,20,heavy,CF-SimpleX,0.7599275210802705,0.9545454545454546,0.6958874458874459,22
2024,20,heavy,CF-SimpleX,0.7515356565822761,1.0,0.6681818181818182,22
555,20,heavy,CF-SimpleX,0.7223995118506533,0.8181818181818182,0.6893939393939393,22
42,20,cold,POP-Global,0.260557217724414,0.5409836065573771,0.17797293780900333,61
123,20,cold,POP-Global,0.3063667649452326,0.559322033898305,0.22942561205273068,59
999,20,cold,POP-Global,0.235864544912068,0.5079365079365079,0.1546485260770975,63
2024,20,cold,POP-Global,0.2559764662401051,0.546875,0.1710813492063492,64
555,20,cold,POP-Global,0.3237838018829367,0.6129032258064516,0.2378200204813108,62
42,20,mid,POP-Global,0.35761061980976044,0.6865671641791045,0.2572198531153755,67
123,20,mid,POP-Global,0.29519347903476845,0.6470588235294118,0.18894140989729222,68
999,20,mid,POP-Global,0.37114826250897703,0.75,0.25727707749766576,68
2024,20,mid,POP-Global,0.275261843964774,0.5797101449275363,0.18338509316770182,69
555,20,mid,POP-Global,0.3159157009052008,0.6231884057971014,0.22245801702323445,69
42,20,heavy,POP-Global,0.3857669330876806,0.7272727272727273,0.28237734487734484,22
123,20,heavy,POP-Global,0.34319268653323254,0.7727272727272727,0.2138708513708514,22
999,20,heavy,POP-Global,0.3353503243209163,0.6363636363636364,0.24222582972582973,22
2024,20,heavy,POP-Global,0.28222076899324366,0.5909090909090909,0.18722943722943722,22
555,20,heavy,POP-Global,0.48013352999513564,0.7727272727272727,0.3871212121212121,22
42,20,cold,POP-Context,0.260557217724414,0.5409836065573771,0.17797293780900333,61
123,20,cold,POP-Context,0.3063667649452326,0.559322033898305,0.22942561205273068,59
999,20,cold,POP-Context,0.235864544912068,0.5079365079365079,0.1546485260770975,63
2024,20,cold,POP-Context,0.2559764662401051,0.546875,0.1710813492063492,64
555,20,cold,POP-Context,0.3237838018829367,0.6129032258064516,0.2378200204813108,62
42,20,mid,POP-Context,0.35761061980976044,0.6865671641791045,0.2572198531153755,67
123,20,mid,POP-Context,0.29519347903476845,0.6470588235294118,0.18894140989729222,68
999,20,mid,POP-Context,0.37114826250897703,0.75,0.25727707749766576,68
2024,20,mid,POP-Context,0.275261843964774,0.5797101449275363,0.18338509316770182,69
555,20,mid,POP-Context,0.3159157009052008,0.6231884057971014,0.22245801702323445,69
42,20,heavy,POP-Context,0.3857669330876806,0.7272727272727273,0.28237734487734484,22
123,20,heavy,POP-Context,0.34319268653323254,0.7727272727272727,0.2138708513708514,22
999,20,heavy,POP-Context,0.3353503243209163,0.6363636363636364,0.24222582972582973,22
2024,20,heavy,POP-Context,0.28222076899324366,0.5909090909090909,0.18722943722943722,22
555,20,heavy,POP-Context,0.48013352999513564,0.7727272727272727,0.3871212121212121,22
42,20,cold,Hybrid-WeightedSum,0.9155276202143213,1.0,0.8866120218579234,61
123,20,cold,Hybrid-WeightedSum,0.9137083244867534,1.0,0.884180790960452,59
999,20,cold,Hybrid-WeightedSum,0.9351826710317492,1.0,0.9126984126984128,63
2024,20,cold,Hybrid-WeightedSum,0.9324744965959862,1.0,0.9088541666666666,64
555,20,cold,Hybrid-WeightedSum,0.9207310536440433,0.9838709677419355,0.8991935483870968,62
42,20,mid,Hybrid-WeightedSum,0.9011156569057247,1.0,0.8685323383084577,67
123,20,mid,Hybrid-WeightedSum,0.9024692397438894,1.0,0.8697478991596639,68
999,20,mid,Hybrid-WeightedSum,0.9220338342237194,1.0,0.8959733893557422,68
2024,20,mid,Hybrid-WeightedSum,0.8712252522342692,0.9710144927536232,0.8393087186565447,69
555,20,mid,Hybrid-WeightedSum,0.9300094297371212,1.0,0.9057971014492754,69
42,20,heavy,Hybrid-WeightedSum,0.9161203985389677,1.0,0.8863636363636364,22
123,20,heavy,Hybrid-WeightedSum,0.8917303042841336,1.0,0.856060606060606,22
999,20,heavy,Hybrid-WeightedSum,0.8703960142898843,1.0,0.8272727272727273,22
2024,20,heavy,Hybrid-WeightedSum,0.9437208866883143,1.0,0.9242424242424242,22
555,20,heavy,Hybrid-WeightedSum,0.8917303042841336,1.0,0.8560606060606062,22
42,20,cold,Hybrid-WeightedProduct,0.8512849315258852,0.9508196721311475,0.8198998178506375,61
123,20,cold,Hybrid-WeightedProduct,0.9085272523175708,1.0,0.8776836158192091,59
999,20,cold,Hybrid-WeightedProduct,0.8816789458016372,0.9523809523809523,0.8596119929453263,63
2024,20,cold,Hybrid-WeightedProduct,0.9151947229157837,1.0,0.88671875,64
555,20,cold,Hybrid-WeightedProduct,0.8678221627266882,0.9838709677419355,0.8323028673835124,62
42,20,mid,Hybrid-WeightedProduct,0.8899847356012884,0.9850746268656716,0.8583511016346836,67
123,20,mid,Hybrid-WeightedProduct,0.8746756293406154,1.0,0.8327380952380953,68
999,20,mid,Hybrid-WeightedProduct,0.8926233326905079,0.9705882352941176,0.8675595238095238,68
2024,20,mid,Hybrid-WeightedProduct,0.8497438400720373,0.9855072463768116,0.8059753853232114,69
555,20,mid,Hybrid-WeightedProduct,0.9296656759068918,0.9855072463768116,0.9106280193236715,69
42,20,heavy,Hybrid-WeightedProduct,0.8874417733766287,0.9545454545454546,0.8636363636363636,22
123,20,heavy,Hybrid-WeightedProduct,0.8958297335227319,1.0,0.8617424242424242,22
999,20,heavy,Hybrid-WeightedProduct,0.8511873906385321,1.0,0.8019480519480521,22
2024,20,heavy,Hybrid-WeightedProduct,0.9209936139610416,1.0,0.8939393939393938,22
555,20,heavy,Hybrid-WeightedProduct,0.8557098274114353,0.9545454545454546,0.8246753246753247,22
42,20,cold,Hybrid-RRF,0.762485028002627,1.0,0.6846018735362998,61
123,20,cold,Hybrid-RRF,0.7641038894592866,1.0,0.6868845843422113,59
999,20,cold,Hybrid-RRF,0.7460366656542181,1.0,0.6623015873015874,63
2024,20,cold,Hybrid-RRF,0.7952979204700232,1.0,0.7265625,64
555,20,cold,Hybrid-RRF,0.7714898275075475,0.9838709677419355,0.7004224270353303,62
42,20,mid,Hybrid-RRF,0.7978465985326636,1.0,0.7324212271973466,67
123,20,mid,Hybrid-RRF,0.8136809531903785,0.9852941176470589,0.7563900560224089,68
999,20,mid,Hybrid-RRF,0.8162683292602292,1.0,0.7552696078431372,68
2024,20,mid,Hybrid-RRF,0.7531485437547089,0.9710144927536232,0.6825281803542673,69
555,20,mid,Hybrid-RRF,0.7948871153270879,1.0,0.7260869565217392,69
42,20,heavy,Hybrid-RRF,0.8109658354360803,1.0,0.7477272727272729,22
123,20,heavy,Hybrid-RRF,0.7265465563859723,0.9545454545454546,0.6522727272727272,22
999,20,heavy,Hybrid-RRF,0.8210695576525172,1.0,0.7655844155844155,22
2024,20,heavy,Hybrid-RRF,0.7914873729901902,1.0,0.7239177489177488,22
555,20,heavy,Hybrid-RRF,0.8368808890742346,1.0,0.7853535353535354,22
42,20,cold,Hybrid-ReliabilityGate,0.890092523802508,1.0,0.8530054644808743,61
123,20,cold,Hybrid-ReliabilityGate,0.8845497154689383,1.0,0.8451977401129942,59
999,20,cold,Hybrid-ReliabilityGate,0.8909962437222594,1.0,0.8531746031746031,63
2024,20,cold,Hybrid-ReliabilityGate,0.897781403907688,1.0,0.8625,64
555,20,cold,Hybrid-ReliabilityGate,0.8942318979604813,0.9838709677419355,0.8638632872503842,62
42,20,mid,Hybrid-ReliabilityGate,0.8690343814631647,1.0,0.8261194029850747,67
123,20,mid,Hybrid-ReliabilityGate,0.8763815441307437,1.0,0.8353116246498601,68
999,20,mid,Hybrid-ReliabilityGate,0.8964343293682762,1.0,0.8615196078431373,68
2024,20,mid,Hybrid-ReliabilityGate,0.8433417912598721,0.9565217391304348,0.8056935817805383,69
555,20,mid,Hybrid-ReliabilityGate,0.8715606211012729,1.0,0.8277777777777777,69
42,20,heavy,Hybrid-ReliabilityGate,0.8168233474837735,1.0,0.7556818181818182,22
123,20,heavy,Hybrid-ReliabilityGate,0.8323992654819872,1.0,0.7772727272727273,22
999,20,heavy,Hybrid-ReliabilityGate,0.8676125322815679,1.0,0.8246753246753247,22
2024,20,heavy,Hybrid-ReliabilityGate,0.8814904209415624,1.0,0.8409090909090909,22
555,20,heavy,Hybrid-ReliabilityGate,0.8498843439409903,1.0,0.8007575757575758,22
all,20,cold,CBF-multilingual-e5-large-instruct,0.9115460652288376,0.9967637540453075,0.8828247803975959,309
all,20,mid,CBF-multilingual-e5-large-instruct,0.8741204012819246,0.9941348973607038,0.83427710282549,341
all,20,heavy,CBF-multilingual-e5-large-instruct,0.8997840728554684,1.0,0.8666125541125541,110
all,20,cold,CBF-bge-m3,0.9114700589460013,0.9967637540453075,0.8837995068577593,309
all,20,mid,CBF-bge-m3,0.8574774373115078,0.9853372434017595,0.8151584974165619,341
all,20,heavy,CBF-bge-m3,0.8665150112107651,0.9818181818181818,0.828495670995671,110
all,20,cold,CBF-SCT-KD-model-phayathaibert,0.835789629407115,0.970873786407767,0.7907407407407407,309
all,20,mid,CBF-SCT-KD-model-phayathaibert,0.828055051336413,0.9794721407624634,0.7787750779686263,341
all,20,heavy,CBF-SCT-KD-model-phayathaibert,0.7990565495369188,0.9818181818181818,0.7404040404040404,110
all,20,cold,CBF-wangchanberta-base-att-spm-uncased,0.8066471121438321,0.9838187702265372,0.7496224379719525,309
all,20,mid,CBF-wangchanberta-base-att-spm-uncased,0.7620870491706315,0.9736070381231672,0.6934459805427547,341
all,20,heavy,CBF-wangchanberta-base-att-spm-uncased,0.7627196487069634,0.9818181818181818,0.6922655122655123,110
all,20,cold,CF-EASE_R,0.6669706597593078,0.941747572815534,0.5785791339189398,309
all,20,mid,CF-EASE_R,0.6464995611688218,0.9296187683284457,0.5568670576735092,341
all,20,heavy,CF-EASE_R,0.5933856502191658,0.9,0.496468253968254,110
all,20,cold,CF-BiasedMF,0.6570199932112548,0.9838187702265372,0.553232393280937,309
all,20,mid,CF-BiasedMF,0.590914490982843,0.9296187683284457,0.4857724712563422,341
all,20,heavy,CF-BiasedMF,0.5734945861441207,0.9272727272727272,0.4673809523809524,110
all,20,cold,CF-BiasedMF-BPR,0.5254880678826199,0.8802588996763754,0.41476087738223655,309
all,20,mid,CF-BiasedMF-BPR,0.5279976592668449,0.8944281524926686,0.41300097751710657,341
all,20,heavy,CF-BiasedMF-BPR,0.42750519457210273,0.7909090909090909,0.3169733044733046,110
all,20,cold,CF-ItemKNN,0.8270301757436485,0.9902912621359223,0.7725805208814918,309
all,20,mid,CF-ItemKNN,0.8089084359168331,0.9765395894428153,0.7537541311734861,341
all,20,heavy,CF-ItemKNN,0.8095390447791954,0.990909090909091,0.7517243867243866,110
all,20,cold,CF-SimpleX,0.7841436494414599,0.9773462783171522,0.7212885909487852,309
all,20,mid,CF-SimpleX,0.7431844468206106,0.9648093841642229,0.6707082344179118,341
all,20,heavy,CF-SimpleX,0.7111157331349812,0.9181818181818182,0.643051948051948,110
all,20,cold,POP-Global,0.276007072163518,0.5533980582524272,0.19362254070991936,309
all,20,mid,POP-Global,0.3227636379714279,0.656891495601173,0.22164153051249827,341
all,20,heavy,POP-Global,0.3653328485860417,0.7,0.26256493506493506,110
all,20,cold,POP-Context,0.276007072163518,0.5533980582524272,0.19362254070991936,309
all,20,mid,POP-Context,0.3227636379714279,0.656891495601173,0.22164153051249827,341
all,20,heavy,POP-Context,0.3653328485860417,0.7,0.26256493506493506,110
all,20,cold,Hybrid-WeightedSum,0.9237416743070099,0.9967637540453075,0.8985976267529664,309
all,20,mid,Hybrid-WeightedSum,0.9053552818138032,0.9941348973607038,0.8758739468416887,341
all,20,heavy,Hybrid-WeightedSum,0.9027395816170867,1.0,0.87,110
all,20,cold,Hybrid-WeightedProduct,0.884966662300918,0.9773462783171522,0.8553577849694354,309
all,20,mid,Hybrid-WeightedProduct,0.8873447604280024,0.9853372434017595,0.855059814737234,341
all,20,heavy,Hybrid-WeightedProduct,0.8822324677820739,0.9818181818181818,0.8491883116883117,110
all,20,cold,Hybrid-RRF,0.7680435674369686,0.9967637540453075,0.6923562952689166,309
all,20,mid,Hybrid-RRF,0.7950344099266091,0.9912023460410557,0.7303798352185449,341
all,20,heavy,Hybrid-RRF,0.7973900423077989,0.990909090909091,0.73497113997114,110
all,20,cold,Hybrid-ReliabilityGate,0.8916415147015035,0.9967637540453075,0.8556942518107565,309
all,20,mid,Hybrid-ReliabilityGate,0.871275804718136,0.9912023460410557,0.8312142158916354,341
all,20,heavy,Hybrid-ReliabilityGate,0.8496419820259762,1.0,0.7998593073593073,110
42,40,cold,CBF-multilingual-e5-large-instruct,0.9029332641514463,0.984375,0.8759300595238095,64
123,40,cold,CBF-multilingual-e5-large-instruct,0.8491116860196827,0.9838709677419355,0.8037634408602151,62
999,40,cold,CBF-multilingual-e5-large-instruct,0.8821043653762423,1.0,0.8430989583333333,64
2024,40,cold,CBF-multilingual-e5-large-instruct,0.8856763638066969,1.0,0.846875,64
555,40,cold,CBF-multilingual-e5-large-instruct,0.9000616616968666,0.9682539682539683,0.8779541446208112,63
42,40,mid,CBF-multilingual-e5-large-instruct,0.859749953702679,0.9714285714285714,0.8223809523809524,70
123,40,mid,CBF-multilingual-e5-large-instruct,0.8714257099563169,1.0,0.8292857142857143,70
999,40,mid,CBF-multilingual-e5-large-instruct,0.8932408262709912,0.9857142857142858,0.861904761904762,70
2024,40,mid,CBF-multilingual-e5-large-instruct,0.8861199764530108,0.9710144927536232,0.8583735909822866,69
555,40,mid,CBF-multilingual-e5-large-instruct,0.9007600384366897,1.0,0.8668027210884354,70
42,40,heavy,CBF-multilingual-e5-large-instruct,0.8801912785959118,1.0,0.8428030303030304,22
123,40,heavy,CBF-multilingual-e5-large-instruct,0.8536200939976779,0.9545454545454546,0.8196969696969696,22
999,40,heavy,CBF-multilingual-e5-large-instruct,0.8655267032197016,1.0,0.8227813852813852,22
2024,40,heavy,CBF-multilingual-e5-large-instruct,0.9102667908431655,1.0,0.8814935064935064,22
555,40,heavy,CBF-multilingual-e5-large-instruct,0.8814904209415624,1.0,0.8409090909090907,22
42,40,cold,CBF-bge-m3,0.9041078578962092,1.0,0.873046875,64
123,40,cold,CBF-bge-m3,0.8773888575247484,0.9838709677419355,0.8416666666666667,62
999,40,cold,CBF-bge-m3,0.8524945913024956,0.96875,0.8139508928571428,64
2024,40,cold,CBF-bge-m3,0.9203248469174439,1.0,0.8938802083333333,64
555,40,cold,CBF-bge-m3,0.8844163007421753,0.9682539682539683,0.8583774250440916,63
42,40,mid,CBF-bge-m3,0.811824514902145,0.9714285714285714,0.7593424036281179,70
123,40,mid,CBF-bge-m3,0.8659248344790923,1.0,0.8235884353741497,70
999,40,mid,CBF-bge-m3,0.8627194477054284,0.9857142857142858,0.8222789115646258,70
2024,40,mid,CBF-bge-m3,0.8656848835290756,0.9565217391304348,0.8345410628019323,69
555,40,mid,CBF-bge-m3,0.8731356166474512,0.9857142857142858,0.8369614512471655,70
42,40,heavy,CBF-bge-m3,0.8385663235854269,1.0,0.7856060606060605,22
123,40,heavy,CBF-bge-m3,0.9158505597444297,1.0,0.8878787878787878,22
999,40,heavy,CBF-bge-m3,0.88327089769252,0.9545454545454546,0.861111111111111,22
2024,40,heavy,CBF-bge-m3,0.8664949774003134,1.0,0.8232323232323232,22
555,40,heavy,CBF-bge-m3,0.846275758829588,1.0,0.7954545454545453,22
42,40,cold,CBF-SCT-KD-model-phayathaibert,0.8064131179939942,1.0,0.742640128968254,64
123,40,cold,CBF-SCT-KD-model-phayathaibert,0.7967747585459954,0.967741935483871,0.7394265232974911,62
999,40,cold,CBF-SCT-KD-model-phayathaibert,0.8173372085536696,0.96875,0.7662760416666667,64
2024,40,cold,CBF-SCT-KD-model-phayathaibert,0.8007454784849921,0.984375,0.7409474206349207,64
555,40,cold,CBF-SCT-KD-model-phayathaibert,0.80640706180881,0.9365079365079365,0.7644179894179894,63
42,40,mid,CBF-SCT-KD-model-phayathaibert,0.7567431026958416,0.9142857142857143,0.7061054421768708,70
123,40,mid,CBF-SCT-KD-model-phayathaibert,0.7785645987618557,0.9571428571428572,0.72140589569161,70
999,40,mid,CBF-SCT-KD-model-phayathaibert,0.8244447896422692,0.9714285714285714,0.7752380952380952,70
2024,40,mid,CBF-SCT-KD-model-phayathaibert,0.8527956706988072,0.9565217391304348,0.8188980906372211,69
555,40,mid,CBF-SCT-KD-model-phayathaibert,0.8026426870399559,0.9714285714285714,0.7488208616780045,70
42,40,heavy,CBF-SCT-KD-model-phayathaibert,0.6835813564562344,0.9545454545454546,0.5970238095238095,22
123,40,heavy,CBF-SCT-KD-model-phayathaibert,0.763145823010295,1.0,0.689069264069264,22
999,40,heavy,CBF-SCT-KD-model-phayathaibert,0.7841430378221003,0.9090909090909091,0.7451298701298703,22
2024,40,heavy,CBF-SCT-KD-model-phayathaibert,0.7797567621753313,0.9545454545454546,0.7196969696969696,22
555,40,heavy,CBF-SCT-KD-model-phayathaibert,0.711938623175424,0.9090909090909091,0.6458333333333333,22
42,40,cold,CBF-wangchanberta-base-att-spm-uncased,0.8278579807811028,1.0,0.7733692956349206,64
123,40,cold,CBF-wangchanberta-base-att-spm-uncased,0.7837389004886852,0.967741935483871,0.7234318996415772,62
999,40,cold,CBF-wangchanberta-base-att-spm-uncased,0.7966016161908177,0.96875,0.7406436011904762,64
2024,40,cold,CBF-wangchanberta-base-att-spm-uncased,0.8287161992686529,0.984375,0.7780753968253968,64
555,40,cold,CBF-wangchanberta-base-att-spm-uncased,0.7550390415473016,0.9365079365079365,0.6982237339380197,63
42,40,mid,CBF-wangchanberta-base-att-spm-uncased,0.7217733151416414,0.9428571428571428,0.6510090702947846,70
123,40,mid,CBF-wangchanberta-base-att-spm-uncased,0.7261238759613082,0.9428571428571428,0.6554931972789115,70
999,40,mid,CBF-wangchanberta-base-att-spm-uncased,0.7789105487607944,0.9571428571428572,0.7226757369614513,70
2024,40,mid,CBF-wangchanberta-base-att-spm-uncased,0.7877650515279261,0.9565217391304348,0.7336093857832989,69
555,40,mid,CBF-wangchanberta-base-att-spm-uncased,0.7845525436890541,0.9714285714285714,0.7247165532879819,70
42,40,heavy,CBF-wangchanberta-base-att-spm-uncased,0.6715385861080766,0.9545454545454546,0.5814935064935065,22
123,40,heavy,CBF-wangchanberta-base-att-spm-uncased,0.771462642416601,0.9545454545454546,0.7098484848484848,22
999,40,heavy,CBF-wangchanberta-base-att-spm-uncased,0.7463609932011845,0.9545454545454546,0.6819985569985569,22
2024,40,heavy,CBF-wangchanberta-base-att-spm-uncased,0.8233131593427565,1.0,0.7662878787878789,22
555,40,heavy,CBF-wangchanberta-base-att-spm-uncased,0.7083815577126334,1.0,0.6197510822510822,22
42,40,cold,CF-EASE_R,0.6837702425739252,0.984375,0.5889446924603174,64
123,40,cold,CF-EASE_R,0.6702479431258366,0.9354838709677419,0.5829749103942652,62
999,40,cold,CF-EASE_R,0.6579130922167691,0.921875,0.573015873015873,64
2024,40,cold,CF-EASE_R,0.7110524356682442,0.9375,0.6384486607142857,64
555,40,cold,CF-EASE_R,0.6702867913703936,0.9365079365079365,0.5855757117661882,63
42,40,mid,CF-EASE_R,0.5056751608580464,0.8285714285714286,0.4046201814058957,70
123,40,mid,CF-EASE_R,0.5550601133896856,0.8571428571428571,0.46257369614512467,70
999,40,mid,CF-EASE_R,0.6697106158858251,0.9142857142857143,0.5929478458049887,70
2024,40,mid,CF-EASE_R,0.6394157071445754,0.8985507246376812,0.5573786519438693,69
555,40,mid,CF-EASE_R,0.6631163915187942,0.9142857142857143,0.5835430839002268,70
42,40,heavy,CF-EASE_R,0.5455562938774304,0.8181818181818182,0.45871212121212124,22
123,40,heavy,CF-EASE_R,0.7372585752239998,1.0,0.6554834054834054,22
999,40,heavy,CF-EASE_R,0.5790712256330788,0.8636363636363636,0.4931457431457431,22
2024,40,heavy,CF-EASE_R,0.545784900078544,0.9090909090909091,0.4272727272727273,22
555,40,heavy,CF-EASE_R,0.5646405561222669,0.8181818181818182,0.48394660894660896,22
42,40,cold,CF-BiasedMF,0.6305951385146155,0.9375,0.5348028273809524,64
123,40,cold,CF-BiasedMF,0.5599616358136416,0.9032258064516129,0.45234254992319506,62
999,40,cold,CF-BiasedMF,0.5429097591350112,0.84375,0.45032862103174603,64
2024,40,cold,CF-BiasedMF,0.6732019790002843,0.984375,0.5736297123015872,64
555,40,cold,CF-BiasedMF,0.5873938214009641,0.9365079365079365,0.4756298815822625,63
42,40,mid,CF-BiasedMF,0.5238740718404857,0.8571428571428571,0.42183673469387756,70
123,40,mid,CF-BiasedMF,0.46114408186087213,0.7857142857142857,0.3627834467120181,70
999,40,mid,CF-BiasedMF,0.4905766714351003,0.7857142857142857,0.40122448979591835,70
2024,40,mid,CF-BiasedMF,0.48572677696939265,0.7681159420289855,0.39802162410858066,69
555,40,mid,CF-BiasedMF,0.5569359717296599,0.8285714285714286,0.4715646258503402,70
42,40,heavy,CF-BiasedMF,0.43324007121618635,0.7272727272727273,0.3403318903318903,22
123,40,heavy,CF-BiasedMF,0.42974525328905566,0.5454545454545454,0.3901515151515151,22
999,40,heavy,CF-BiasedMF,0.5251491591774241,0.8636363636363636,0.4265151515151515,22
2024,40,heavy,CF-BiasedMF,0.4156530379603147,0.7727272727272727,0.31047979797979797,22
555,40,heavy,CF-BiasedMF,0.5555317503354604,0.7272727272727273,0.5031565656565656,22
42,40,cold,CF-BiasedMF-BPR,0.4271490483361643,0.734375,0.3300285218253968,64
123,40,cold,CF-BiasedMF-BPR,0.41164917348885355,0.7419354838709677,0.3083013312852022,62
999,40,cold,CF-BiasedMF-BPR,0.3564292763373904,0.65625,0.26305183531746035,64
2024,40,cold,CF-BiasedMF-BPR,0.42917268129837866,0.71875,0.3380084325396825,64
555,40,cold,CF-BiasedMF-BPR,0.4717187224127801,0.7777777777777778,0.3751889644746787,63
42,40,mid,CF-BiasedMF-BPR,0.43999008611272894,0.7714285714285715,0.33425736961451247,70
123,40,mid,CF-BiasedMF-BPR,0.3801178039296651,0.7428571428571429,0.26938208616780046,70
999,40,mid,CF-BiasedMF-BPR,0.40563057154188975,0.7571428571428571,0.2970634920634921,70
2024,40,mid,CF-BiasedMF-BPR,0.4620255038098639,0.782608695652174,0.3613469059121233,69
555,40,mid,CF-BiasedMF-BPR,0.41657307201526045,0.8,0.3000340136054422,70
42,40,heavy,CF-BiasedMF-BPR,0.34653748321463035,0.6818181818181818,0.24606782106782113,22
123,40,heavy,CF-BiasedMF-BPR,0.27209723368696354,0.5909090909090909,0.17727272727272728,22
999,40,heavy,CF-BiasedMF-BPR,0.2730774255896914,0.5909090909090909,0.18003246753246754,22
2024,40,heavy,CF-BiasedMF-BPR,0.2558810068026775,0.5454545454545454,0.16747835497835498,22
555,40,heavy,CF-BiasedMF-BPR,0.506215254572126,0.7727272727272727,0.4272005772005772,22
42,40,cold,CF-ItemKNN,0.8004236099135539,0.984375,0.7397693452380952,64
123,40,cold,CF-ItemKNN,0.834973322766302,0.9838709677419355,0.7866039426523298,62
999,40,cold,CF-ItemKNN,0.7850890833341599,0.953125,0.7296006944444444,64
2024,40,cold,CF-ItemKNN,0.8336120127854422,1.0,0.776971726190476,64
555,40,cold,CF-ItemKNN,0.8184197518698537,0.9523809523809523,0.7734315948601663,63
42,40,mid,CF-ItemKNN,0.7851601110126243,0.9714285714285714,0.724778911564626,70
123,40,mid,CF-ItemKNN,0.7540917373016844,0.9428571428571428,0.6918650793650792,70
999,40,mid,CF-ItemKNN,0.8194076207822841,0.9428571428571428,0.7782539682539682,70
2024,40,mid,CF-ItemKNN,0.7517930561612388,0.9420289855072463,0.689187945709685,69
555,40,mid,CF-ItemKNN,0.8002414918383173,0.9714285714285714,0.7435884353741496,70
42,40,heavy,CF-ItemKNN,0.7176201368159524,0.9545454545454546,0.6397727272727273,22
123,40,heavy,CF-ItemKNN,0.8109658354360803,0.9545454545454546,0.7628787878787878,22
999,40,heavy,CF-ItemKNN,0.7920415491534012,1.0,0.7257575757575757,22
2024,40,heavy,CF-ItemKNN,0.7733145656130689,0.9545454545454546,0.7155303030303031,22
555,40,heavy,CF-ItemKNN,0.8628202567141269,0.9545454545454546,0.8337662337662337,22
42,40,cold,CF-SimpleX,0.757331804883113,0.953125,0.6910342261904762,64
123,40,cold,CF-SimpleX,0.6858198495295008,0.9193548387096774,0.6107462877624169,62
999,40,cold,CF-SimpleX,0.680847194686648,0.96875,0.5892051091269841,64
2024,40,cold,CF-SimpleX,0.7145583572426701,0.984375,0.626624503968254,64
555,40,cold,CF-SimpleX,0.7558149656955103,0.9523809523809523,0.6910430839002268,63
42,40,mid,CF-SimpleX,0.6906530260999967,0.9428571428571428,0.6114172335600907,70
123,40,mid,CF-SimpleX,0.6380605158815917,0.9142857142857143,0.549263038548753,70
999,40,mid,CF-SimpleX,0.6808933614649015,0.9142857142857143,0.6046598639455782,70
2024,40,mid,CF-SimpleX,0.6941835643905516,0.9130434782608695,0.6221359558316081,69
555,40,mid,CF-SimpleX,0.6337227271642748,0.9142857142857143,0.5432312925170067,70
42,40,heavy,CF-SimpleX,0.5965996007304682,0.9090909090909091,0.49707792207792206,22
123,40,heavy,CF-SimpleX,0.6432567456437925,0.8636363636363636,0.5734126984126984,22
999,40,heavy,CF-SimpleX,0.7485238577657927,0.9545454545454546,0.6823232323232324,22
2024,40,heavy,CF-SimpleX,0.6848765944499939,1.0,0.5806818181818181,22
555,40,heavy,CF-SimpleX,0.6370909947274579,0.8181818181818182,0.5757575757575757,22
42,40,cold,POP-Global,0.1771938432371804,0.3125,0.13640252976190476,64
123,40,cold,POP-Global,0.2489152519533824,0.43548387096774194,0.19269713261648747,62
999,40,cold,POP-Global,0.1928714499889354,0.40625,0.13000992063492064,64
2024,40,cold,POP-Global,0.19958408979265002,0.375,0.14719122023809522,64
555,40,cold,POP-Global,0.2551393022588208,0.42857142857142855,0.20234945830183926,63
42,40,mid,POP-Global,0.29078081356535174,0.5428571428571428,0.21499433106575963,70
123,40,mid,POP-Global,0.21050067814757192,0.42857142857142855,0.14421768707482996,70
999,40,mid,POP-Global,0.2682044721360579,0.5,0.19699546485260772,70
2024,40,mid,POP-Global,0.21911440739166327,0.43478260869565216,0.1542673107890499,69
555,40,mid,POP-Global,0.2462162262211042,0.45714285714285713,0.1821315192743764,70
42,40,heavy,POP-Global,0.31587716153931106,0.5454545454545454,0.24606782106782107,22
123,40,heavy,POP-Global,0.24283163255098267,0.5,0.16325757575757577,22
999,40,heavy,POP-Global,0.2700920536254401,0.45454545454545453,0.21111111111111108,22
2024,40,heavy,POP-Global,0.2401832491052301,0.5,0.16071428571428567,22
555,40,heavy,POP-Global,0.45590511272056583,0.7727272727272727,0.35925324675324677,22
42,40,cold,POP-Context,0.1771938432371804,0.3125,0.13640252976190476,64
123,40,cold,POP-Context,0.2489152519533824,0.43548387096774194,0.19269713261648747,62
999,40,cold,POP-Context,0.1928714499889354,0.40625,0.13000992063492064,64
2024,40,cold,POP-Context,0.19958408979265002,0.375,0.14719122023809522,64
555,40,cold,POP-Context,0.2551393022588208,0.42857142857142855,0.20234945830183926,63
42,40,mid,POP-Context,0.29078081356535174,0.5428571428571428,0.21499433106575963,70
123,40,mid,POP-Context,0.21050067814757192,0.42857142857142855,0.14421768707482996,70
999,40,mid,POP-Context,0.2682044721360579,0.5,0.19699546485260772,70
2024,40,mid,POP-Context,0.21911440739166327,0.43478260869565216,0.1542673107890499,69
555,40,mid,POP-Context,0.2462162262211042,0.45714285714285713,0.1821315192743764,70
42,40,heavy,POP-Context,0.31587716153931106,0.5454545454545454,0.24606782106782107,22
123,40,heavy,POP-Context,0.24283163255098267,0.5,0.16325757575757577,22
999,40,heavy,POP-Context,0.2700920536254401,0.45454545454545453,0.21111111111111108,22
2024,40,heavy,POP-Context,0.2401832491052301,0.5,0.16071428571428567,22
555,40,heavy,POP-Context,0.45590511272056583,0.7727272727272727,0.35925324675324677,22
42,40,cold,Hybrid-WeightedSum,0.8929976740478283,1.0,0.8572916666666667,64
123,40,cold,Hybrid-WeightedSum,0.8799597332112242,0.9838709677419355,0.8446236559139785,62
999,40,cold,Hybrid-WeightedSum,0.9125123469174439,1.0,0.8834635416666666,64
2024,40,cold,Hybrid-WeightedSum,0.9267077739955403,1.0,0.9010416666666666,64
555,40,cold,Hybrid-WeightedSum,0.9272461630952413,0.9682539682539683,0.9126984126984127,63
42,40,mid,Hybrid-WeightedSum,0.875722335049121,0.9857142857142858,0.839047619047619,70
123,40,mid,Hybrid-WeightedSum,0.8893590116754414,1.0,0.852891156462585,70
999,40,mid,Hybrid-WeightedSum,0.9147005560015121,1.0,0.8859523809523809,70
2024,40,mid,Hybrid-WeightedSum,0.8871773641667795,0.9710144927536232,0.8596618357487922,69
555,40,mid,Hybrid-WeightedSum,0.9185091993136142,1.0,0.8909523809523808,70
42,40,heavy,Hybrid-WeightedSum,0.869236937422259,1.0,0.8257575757575758,22
123,40,heavy,Hybrid-WeightedSum,0.8595714464327441,0.9545454545454546,0.8272727272727273,22
999,40,heavy,Hybrid-WeightedSum,0.8699513952533408,1.0,0.8276515151515152,22
2024,40,heavy,Hybrid-WeightedSum,0.8847353268710538,1.0,0.8481060606060605,22
555,40,heavy,Hybrid-WeightedSum,0.9237939008539894,1.0,0.8977272727272727,22
42,40,cold,Hybrid-WeightedProduct,0.8167488271510494,0.890625,0.7921875,64
123,40,cold,Hybrid-WeightedProduct,0.8491116860196827,0.9838709677419355,0.8037634408602151,62
999,40,cold,Hybrid-WeightedProduct,0.8821043653762423,1.0,0.8430989583333333,64
2024,40,cold,Hybrid-WeightedProduct,0.8971329417968782,0.96875,0.8723958333333333,64
555,40,cold,Hybrid-WeightedProduct,0.8604484783730175,0.9047619047619048,0.8458994708994708,63
42,40,mid,Hybrid-WeightedProduct,0.8880673456911647,0.9714285714285714,0.86,70
123,40,mid,Hybrid-WeightedProduct,0.8714257099563169,1.0,0.8292857142857143,70
999,40,mid,Hybrid-WeightedProduct,0.8932408262709912,0.9857142857142858,0.861904761904762,70
2024,40,mid,Hybrid-WeightedProduct,0.8899276097898903,0.9710144927536232,0.863664596273292,69
555,40,mid,Hybrid-WeightedProduct,0.9344113020674064,1.0,0.9119047619047619,70
42,40,heavy,Hybrid-WeightedProduct,0.8129578241105736,0.9545454545454546,0.7651515151515151,22
123,40,heavy,Hybrid-WeightedProduct,0.8536200939976779,0.9545454545454546,0.8196969696969696,22
999,40,heavy,Hybrid-WeightedProduct,0.8655267032197016,1.0,0.8227813852813852,22
2024,40,heavy,Hybrid-WeightedProduct,0.8664487523096611,1.0,0.8262626262626264,22
555,40,heavy,Hybrid-WeightedProduct,0.8252113076298767,0.9090909090909091,0.7954545454545454,22
42,40,cold,Hybrid-RRF,0.7368471653345139,1.0,0.6514322916666667,64
123,40,cold,Hybrid-RRF,0.7578631483884556,0.9838709677419355,0.6856822836661547,62
999,40,cold,Hybrid-RRF,0.7246925317711126,0.984375,0.6399925595238095,64
2024,40,cold,Hybrid-RRF,0.7457577659185259,1.0,0.6618675595238095,64
555,40,cold,Hybrid-RRF,0.7559817940558409,0.9682539682539683,0.6846560846560847,63
42,40,mid,Hybrid-RRF,0.815390876506443,0.9857142857142858,0.7594217687074829,70
123,40,mid,Hybrid-RRF,0.7632300062539035,0.9857142857142858,0.6901360544217688,70
999,40,mid,Hybrid-RRF,0.8242214728345236,0.9857142857142858,0.7708503401360544,70
2024,40,mid,Hybrid-RRF,0.7624941633211371,0.9710144927536232,0.6936335403726709,69
555,40,mid,Hybrid-RRF,0.7700639868326848,1.0,0.6942063492063492,70
42,40,heavy,Hybrid-RRF,0.7484823357794219,1.0,0.6670995670995671,22
123,40,heavy,Hybrid-RRF,0.6742514204232731,0.9090909090909091,0.5962121212121212,22
999,40,heavy,Hybrid-RRF,0.7438276422322755,0.9545454545454546,0.6761363636363636,22
2024,40,heavy,Hybrid-RRF,0.7571855610583248,0.9545454545454546,0.6933621933621933,22
555,40,heavy,Hybrid-RRF,0.8448852595542952,1.0,0.7943722943722943,22
42,40,cold,Hybrid-ReliabilityGate,0.8395302310587374,1.0,0.7861979166666666,64
123,40,cold,Hybrid-ReliabilityGate,0.8487910681325902,0.9838709677419355,0.8024193548387096,62
999,40,cold,Hybrid-ReliabilityGate,0.816676946866849,1.0,0.7548611111111112,64
2024,40,cold,Hybrid-ReliabilityGate,0.8514705698538927,1.0,0.80078125,64
555,40,cold,Hybrid-ReliabilityGate,0.8651084698560458,0.9682539682539683,0.8293650793650794,63
42,40,mid,Hybrid-ReliabilityGate,0.8585023475557377,0.9857142857142858,0.8164285714285714,70
123,40,mid,Hybrid-ReliabilityGate,0.8299146582530469,1.0,0.773922902494331,70
999,40,mid,Hybrid-ReliabilityGate,0.8816276129107874,0.9857142857142858,0.8461904761904762,70
2024,40,mid,Hybrid-ReliabilityGate,0.8408841634961038,0.9710144927536232,0.798567977915804,69
555,40,mid,Hybrid-ReliabilityGate,0.8916032102877758,1.0,0.8560090702947847,70
42,40,heavy,Hybrid-ReliabilityGate,0.8085292277250432,1.0,0.7458333333333332,22
123,40,heavy,Hybrid-ReliabilityGate,0.8366877963894921,0.9545454545454546,0.8,22
999,40,heavy,Hybrid-ReliabilityGate,0.8070647985465094,1.0,0.7436868686868686,22
2024,40,heavy,Hybrid-ReliabilityGate,0.8013778729959843,0.9545454545454546,0.7522727272727271,22
555,40,heavy,Hybrid-ReliabilityGate,0.8858173682359373,1.0,0.8474025974025974,22
all,40,cold,CBF-multilingual-e5-large-instruct,0.8841467028186865,0.9873817034700315,0.849723348855841,317
all,40,mid,CBF-multilingual-e5-large-instruct,0.8822482388565189,0.9856733524355301,0.8477191067448946,349
all,40,heavy,CBF-multilingual-e5-large-instruct,0.8782190575196037,0.990909090909091,0.8415367965367966,110
all,40,cold,CBF-bge-m3,0.8878223440527601,0.9842271293375394,0.8562690901807621,317
all,40,mid,CBF-bge-m3,0.8558297017905284,0.9799426934097422,0.8152874425797062,349
all,40,heavy,CBF-bge-m3,0.8700917034504556,0.990909090909091,0.8306565656565656,110
all,40,cold,CBF-SCT-KD-model-phayathaibert,0.8055880487252263,0.9716088328075709,0.7507698663061438,317
all,40,mid,CBF-SCT-KD-model-phayathaibert,0.8028955981318403,0.9541547277936963,0.7539079910856414,349
all,40,heavy,CBF-SCT-KD-model-phayathaibert,0.7445131205278768,0.9454545454545454,0.6793506493506494,110
all,40,cold,CBF-wangchanberta-base-att-spm-uncased,0.7986199445021299,0.9716088328075709,0.7430111161183717,317
all,40,mid,CBF-wangchanberta-base-att-spm-uncased,0.7597450097539334,0.9541547277936963,0.6973973256924546,349
all,40,heavy,CBF-wangchanberta-base-att-spm-uncased,0.7442113877562504,0.9727272727272728,0.671875901875902,110
all,40,cold,CF-EASE_R,0.6787335319858319,0.943217665615142,0.5938861348955986,317
all,40,mid,CF-EASE_R,0.6065015573313476,0.8825214899713467,0.5201061991176604,349
all,40,heavy,CF-EASE_R,0.5944623101870637,0.8818181818181818,0.5037121212121213,110
all,40,cold,CF-BiasedMF,0.5990936033889616,0.9211356466876972,0.4976991637874918,317
all,40,mid,CF-BiasedMF,0.5037028750473249,0.8051575931232091,0.41112361850184204,349
all,40,heavy,CF-BiasedMF,0.4718638543956882,0.7272727272727273,0.39412698412698416,110
all,40,cold,CF-BiasedMF-BPR,0.4191059705063654,0.7255520504731862,0.3228431225276651,317
all,40,mid,CF-BiasedMF-BPR,0.42074947597377854,0.7707736389684814,0.31227657252012553,349
all,40,heavy,CF-BiasedMF-BPR,0.33076168077321777,0.6363636363636364,0.23961038961038958,110
all,40,cold,CF-ItemKNN,0.814362055411462,0.9747634069400631,0.7610773121025487,317
all,40,mid,CF-ItemKNN,0.7822257539844388,0.9541547277936963,0.7256390139627962,349
all,40,heavy,CF-ItemKNN,0.7913524687465259,0.9636363636363636,0.7355411255411255,110
all,40,cold,CF-SimpleX,0.7189664490398794,0.9558359621451105,0.6417705673226178,317
all,40,mid,CF-SimpleX,0.6674261893573111,0.9197707736389685,0.5860383408377677,349
all,40,heavy,CF-SimpleX,0.6620695586635008,0.9090909090909091,0.5818506493506493,110
all,40,cold,POP-Global,0.21439773557292255,0.3911671924290221,0.16140653948224926,317
all,40,mid,POP-Global,0.24704311580209387,0.47277936962750716,0.17859075817528539,349
all,40,heavy,POP-Global,0.304977841908306,0.5545454545454546,0.22808080808080808,110
all,40,cold,POP-Context,0.21439773557292255,0.3911671924290221,0.16140653948224926,317
all,40,mid,POP-Context,0.24704311580209387,0.47277936962750716,0.17859075817528539,349
all,40,heavy,POP-Context,0.304977841908306,0.5545454545454546,0.22808080808080808,110
all,40,cold,Hybrid-WeightedSum,0.9079998442005935,0.9905362776025236,0.8799421661409043,317
all,40,mid,Hybrid-WeightedSum,0.8971221067916504,0.9914040114613181,0.8657183790421612,349
all,40,heavy,Hybrid-WeightedSum,0.8814578013666773,0.990909090909091,0.8453030303030302,110
all,40,cold,Hybrid-WeightedProduct,0.8611870386986351,0.9495268138801262,0.8315983175604627,317
all,40,mid,Hybrid-WeightedProduct,0.8954302806719596,0.9856733524355301,0.8653568017464864,349
all,40,heavy,Hybrid-WeightedProduct,0.844752936253498,0.9636363636363636,0.8058694083694085,110
all,40,cold,Hybrid-RRF,0.7441053812591418,0.9873817034700315,0.6645310700515747,317
all,40,mid,Hybrid-RRF,0.7871505479630009,0.9856733524355301,0.7217298858416338,349
all,40,heavy,Hybrid-RRF,0.7537264438095179,0.9636363636363636,0.6854365079365079,110
all,40,cold,Hybrid-ReliabilityGate,0.8442216267603726,0.9905362776025236,0.7945671223273747,317
all,40,mid,Hybrid-ReliabilityGate,0.8605626226697578,0.9885386819484241,0.818280120070951,349
all,40,heavy,Hybrid-ReliabilityGate,0.827895412778593,0.9818181818181818,0.7778391053391054,110
42,80,cold,CBF-multilingual-e5-large-instruct,0.8785640810441924,0.96875,0.8486979166666666,64
123,80,cold,CBF-multilingual-e5-large-instruct,0.8921278325139999,0.984375,0.8606770833333333,64
999,80,cold,CBF-multilingual-e5-large-instruct,0.9040318873131079,1.0,0.87109375,64
2024,80,cold,CBF-multilingual-e5-large-instruct,0.8786568381298147,0.984375,0.84296875,64
555,80,cold,CBF-multilingual-e5-large-instruct,0.9151947229157837,1.0,0.88671875,64
42,80,mid,CBF-multilingual-e5-large-instruct,0.8328772659135659,0.9857142857142858,0.7815646258503401,70
123,80,mid,CBF-multilingual-e5-large-instruct,0.8728944343013829,0.9714285714285714,0.8396825396825397,70
999,80,mid,CBF-multilingual-e5-large-instruct,0.8790540634972868,0.9714285714285714,0.8480952380952381,70
2024,80,mid,CBF-multilingual-e5-large-instruct,0.8509287339356586,0.9714285714285714,0.8120634920634922,70
555,80,mid,CBF-multilingual-e5-large-instruct,0.8653317361625672,0.9714285714285714,0.8296428571428572,70
42,80,heavy,CBF-multilingual-e5-large-instruct,0.878339355399444,1.0,0.837121212121212,22
123,80,heavy,CBF-multilingual-e5-large-instruct,0.7203872440369133,0.9523809523809523,0.6444444444444444,21
999,80,heavy,CBF-multilingual-e5-large-instruct,0.8305420426212344,1.0,0.7742424242424242,22
2024,80,heavy,CBF-multilingual-e5-large-instruct,0.8842907078345102,1.0,0.8446969696969696,22
555,80,heavy,CBF-multilingual-e5-large-instruct,0.7642121476358842,0.9545454545454546,0.7041666666666667,22
42,80,cold,CBF-bge-m3,0.8944682756777487,0.984375,0.8659040178571429,64
123,80,cold,CBF-bge-m3,0.8650698423162456,0.984375,0.8246527777777778,64
999,80,cold,CBF-bge-m3,0.8951640316080347,0.96875,0.8703125,64
2024,80,cold,CBF-bge-m3,0.9005323215352345,0.984375,0.8723958333333333,64
555,80,cold,CBF-bge-m3,0.8916366427551314,0.984375,0.8606770833333334,64
42,80,mid,CBF-bge-m3,0.8106340983221809,0.9857142857142858,0.7527380952380952,70
123,80,mid,CBF-bge-m3,0.8280262166510058,0.9571428571428572,0.7862244897959183,70
999,80,mid,CBF-bge-m3,0.8489442607496456,0.9571428571428572,0.8130952380952382,70
2024,80,mid,CBF-bge-m3,0.8679954373043499,0.9857142857142858,0.8291836734693878,70
555,80,mid,CBF-bge-m3,0.8662304723825316,0.9714285714285714,0.8320238095238095,70
42,80,heavy,CBF-bge-m3,0.8480363250964136,0.9545454545454546,0.8133116883116883,22
123,80,heavy,CBF-bge-m3,0.7642258691583015,0.9523809523809523,0.7063492063492063,21
999,80,heavy,CBF-bge-m3,0.7779770678639975,0.9545454545454546,0.7196969696969697,22
2024,80,heavy,CBF-bge-m3,0.785087497166689,0.9545454545454546,0.7287878787878787,22
555,80,heavy,CBF-bge-m3,0.7658404571284666,0.9090909090909091,0.7196969696969696,22
42,80,cold,CBF-SCT-KD-model-phayathaibert,0.7780065237435425,0.9375,0.7242373511904762,64
123,80,cold,CBF-SCT-KD-model-phayathaibert,0.7772765833341599,0.96875,0.7139756944444444,64
999,80,cold,CBF-SCT-KD-model-phayathaibert,0.834264570947234,0.953125,0.7952008928571428,64
2024,80,cold,CBF-SCT-KD-model-phayathaibert,0.78383910373127,0.96875,0.7224330357142857,64
555,80,cold,CBF-SCT-KD-model-phayathaibert,0.7967640122462063,0.953125,0.7458085317460317,64
42,80,mid,CBF-SCT-KD-model-phayathaibert,0.7878496840849466,0.9714285714285714,0.7284920634920635,70
123,80,mid,CBF-SCT-KD-model-phayathaibert,0.7614809265103382,0.9571428571428572,0.6990022675736961,70
999,80,mid,CBF-SCT-KD-model-phayathaibert,0.8446797062895194,0.9714285714285714,0.80374716553288,70
2024,80,mid,CBF-SCT-KD-model-phayathaibert,0.8091519786994108,1.0,0.7489965986394558,70
555,80,mid,CBF-SCT-KD-model-phayathaibert,0.8242293960240261,0.9428571428571428,0.7862301587301588,70
42,80,heavy,CBF-SCT-KD-model-phayathaibert,0.7686623555236533,0.8636363636363636,0.7363636363636363,22
123,80,heavy,CBF-SCT-KD-model-phayathaibert,0.6883599857857783,0.9047619047619048,0.6190476190476191,21
999,80,heavy,CBF-SCT-KD-model-phayathaibert,0.728058412507551,0.9545454545454546,0.6527777777777778,22
2024,80,heavy,CBF-SCT-KD-model-phayathaibert,0.6740043949833665,0.9090909090909091,0.6006313131313132,22
555,80,heavy,CBF-SCT-KD-model-phayathaibert,0.7133515163925794,1.0,0.6237193362193362,22
42,80,cold,CBF-wangchanberta-base-att-spm-uncased,0.759179342117071,0.953125,0.6971726190476191,64
123,80,cold,CBF-wangchanberta-base-att-spm-uncased,0.747860096644781,0.953125,0.6812686011904762,64
999,80,cold,CBF-wangchanberta-base-att-spm-uncased,0.835292164471639,0.96875,0.7916666666666666,64
2024,80,cold,CBF-wangchanberta-base-att-spm-uncased,0.8071838466456476,0.96875,0.754203869047619,64
555,80,cold,CBF-wangchanberta-base-att-spm-uncased,0.7600951353494132,0.96875,0.6941964285714286,64
42,80,mid,CBF-wangchanberta-base-att-spm-uncased,0.7858863744086128,0.9571428571428572,0.7300000000000001,70
123,80,mid,CBF-wangchanberta-base-att-spm-uncased,0.7545635863896926,0.9571428571428572,0.6880102040816327,70
999,80,mid,CBF-wangchanberta-base-att-spm-uncased,0.7933729829407878,0.9142857142857143,0.7539455782312926,70
2024,80,mid,CBF-wangchanberta-base-att-spm-uncased,0.7364454233372354,0.9428571428571428,0.67015306122449,70
555,80,mid,CBF-wangchanberta-base-att-spm-uncased,0.7628185213880506,0.9428571428571428,0.705890022675737,70
42,80,heavy,CBF-wangchanberta-base-att-spm-uncased,0.7797567621753313,0.8636363636363636,0.75,22
123,80,heavy,CBF-wangchanberta-base-att-spm-uncased,0.605699459758476,0.9047619047619048,0.5120937263794406,21
999,80,heavy,CBF-wangchanberta-base-att-spm-uncased,0.6396573757550074,0.8636363636363636,0.5643939393939393,22
2024,80,heavy,CBF-wangchanberta-base-att-spm-uncased,0.7158595705491269,0.9545454545454546,0.6413961038961038,22
555,80,heavy,CBF-wangchanberta-base-att-spm-uncased,0.6712211320168181,0.9090909090909091,0.595508658008658,22
42,80,cold,CF-EASE_R,0.6396427185635581,0.890625,0.5576140873015873,64
123,80,cold,CF-EASE_R,0.6420666077074115,0.96875,0.5361731150793652,64
999,80,cold,CF-EASE_R,0.6747274084899144,0.9375,0.5896391369047619,64
2024,80,cold,CF-EASE_R,0.6740021133136761,0.9375,0.5880394345238095,64
555,80,cold,CF-EASE_R,0.6787387885269491,0.90625,0.6067708333333334,64
42,80,mid,CF-EASE_R,0.569953801770523,0.8428571428571429,0.48465986394557825,70
123,80,mid,CF-EASE_R,0.5625675989492004,0.8857142857142857,0.4614569160997732,70
999,80,mid,CF-EASE_R,0.6810773653647908,0.8857142857142857,0.6157709750566894,70
2024,80,mid,CF-EASE_R,0.6025179144360115,0.8571428571428571,0.5225623582766441,70
555,80,mid,CF-EASE_R,0.6029046775716654,0.8857142857142857,0.5109467120181407,70
42,80,heavy,CF-EASE_R,0.6045642476365535,0.8181818181818182,0.5376262626262626,22
123,80,heavy,CF-EASE_R,0.5847557735047201,0.9047619047619048,0.48384353741496594,21
999,80,heavy,CF-EASE_R,0.5127846272861148,0.7727272727272727,0.4338203463203463,22
2024,80,heavy,CF-EASE_R,0.5609986464529523,0.9090909090909091,0.45326479076479076,22
555,80,heavy,CF-EASE_R,0.4796244907772401,0.7272727272727273,0.3993506493506494,22
42,80,cold,CF-BiasedMF,0.5972148866719287,0.890625,0.506045386904762,64
123,80,cold,CF-BiasedMF,0.5198522889315151,0.84375,0.41878100198412704,64
999,80,cold,CF-BiasedMF,0.5270446719710482,0.84375,0.42993551587301587,64
2024,80,cold,CF-BiasedMF,0.6297275313748081,0.953125,0.5262338789682539,64
555,80,cold,CF-BiasedMF,0.5810119048716458,0.96875,0.4591145833333333,64
42,80,mid,CF-BiasedMF,0.5186449592022313,0.7714285714285715,0.4422278911564626,70
123,80,mid,CF-BiasedMF,0.41815164021151413,0.6714285714285714,0.34056122448979587,70
999,80,mid,CF-BiasedMF,0.43873521558023887,0.6428571428571429,0.37481292517006803,70
2024,80,mid,CF-BiasedMF,0.4398716068260148,0.6857142857142857,0.3642063492063492,70
555,80,mid,CF-BiasedMF,0.5162547736376686,0.7714285714285715,0.43602607709750557,70
42,80,heavy,CF-BiasedMF,0.46376813611726253,0.7272727272727273,0.3834595959595959,22
123,80,heavy,CF-BiasedMF,0.41303507392456934,0.5238095238095238,0.37857142857142856,21
999,80,heavy,CF-BiasedMF,0.4938231008871911,0.7727272727272727,0.413510101010101,22
2024,80,heavy,CF-BiasedMF,0.3817730317103619,0.6363636363636364,0.3069444444444444,22
555,80,heavy,CF-BiasedMF,0.5848316631354199,0.7272727272727273,0.5444444444444444,22
42,80,cold,CF-BiasedMF-BPR,0.4089634933853147,0.703125,0.3170944940476191,64
123,80,cold,CF-BiasedMF-BPR,0.37921900628902555,0.703125,0.2787884424603175,64
999,80,cold,CF-BiasedMF-BPR,0.3245421595155058,0.59375,0.24089161706349205,64
2024,80,cold,CF-BiasedMF-BPR,0.38837894475049306,0.671875,0.29992559523809526,64
555,80,cold,CF-BiasedMF-BPR,0.4442742624441192,0.78125,0.34014136904761905,64
42,80,mid,CF-BiasedMF-BPR,0.41421266271309715,0.7571428571428571,0.3083219954648526,70
123,80,mid,CF-BiasedMF-BPR,0.30841347099767236,0.6,0.21902494331065758,70
999,80,mid,CF-BiasedMF-BPR,0.35067900169676236,0.6857142857142857,0.24833900226757372,70
2024,80,mid,CF-BiasedMF-BPR,0.39191328274585824,0.6857142857142857,0.3010827664399093,70
555,80,mid,CF-BiasedMF-BPR,0.3663093274130159,0.7142857142857143,0.26046485260770974,70
42,80,heavy,CF-BiasedMF-BPR,0.315308788862696,0.5909090909090909,0.2312950937950938,22
123,80,heavy,CF-BiasedMF-BPR,0.20225831552481752,0.38095238095238093,0.14616402116402116,21
999,80,heavy,CF-BiasedMF-BPR,0.22450134704476038,0.45454545454545453,0.156998556998557,22
2024,80,heavy,CF-BiasedMF-BPR,0.2438805571932809,0.5,0.16477272727272727,22
555,80,heavy,CF-BiasedMF-BPR,0.49677088116098117,0.6818181818181818,0.44209956709956705,22
42,80,cold,CF-ItemKNN,0.8042682277122651,0.96875,0.7497767857142856,64
123,80,cold,CF-ItemKNN,0.7994714275988257,0.96875,0.7447048611111111,64
999,80,cold,CF-ItemKNN,0.8068737364998944,0.96875,0.7538132440476191,64
2024,80,cold,CF-ItemKNN,0.8222578863324295,0.984375,0.7671874999999999,64
555,80,cold,CF-ItemKNN,0.8182326076648764,1.0,0.7567894345238095,64
42,80,mid,CF-ItemKNN,0.8178431796045409,0.9571428571428572,0.7716666666666666,70
123,80,mid,CF-ItemKNN,0.7377410813740459,0.9714285714285714,0.659937641723356,70
999,80,mid,CF-ItemKNN,0.7864509572230868,0.9,0.7485714285714286,70
2024,80,mid,CF-ItemKNN,0.7453506911776226,0.9571428571428572,0.6773922902494331,70
555,80,mid,CF-ItemKNN,0.7986975213756403,0.9714285714285714,0.7419444444444444,70
42,80,heavy,CF-ItemKNN,0.7533928794430288,0.9545454545454546,0.6863636363636364,22
123,80,heavy,CF-ItemKNN,0.7192954111871627,0.8571428571428571,0.6746031746031746,21
999,80,heavy,CF-ItemKNN,0.7113905417839063,1.0,0.6189393939393939,22
2024,80,heavy,CF-ItemKNN,0.6747319723889563,0.9090909090909091,0.5981060606060606,22
555,80,heavy,CF-ItemKNN,0.8161248957849329,1.0,0.7611652236652237,22
42,80,cold,CF-SimpleX,0.7219566503298829,0.90625,0.6588541666666666,64
123,80,cold,CF-SimpleX,0.6202126213712001,0.890625,0.5318762400793651,64
999,80,cold,CF-SimpleX,0.6430859807366516,0.921875,0.5534660218253968,64
2024,80,cold,CF-SimpleX,0.6852418459177936,0.9375,0.6026475694444444,64
555,80,cold,CF-SimpleX,0.7060837843452833,0.953125,0.6241939484126984,64
42,80,mid,CF-SimpleX,0.6536892111583901,0.9,0.575827664399093,70
123,80,mid,CF-SimpleX,0.566875431132477,0.8285714285714286,0.4815986394557824,70
999,80,mid,CF-SimpleX,0.6434751395489592,0.8714285714285714,0.5699603174603175,70
2024,80,mid,CF-SimpleX,0.6496398043704369,0.8428571428571429,0.5866836734693878,70
555,80,mid,CF-SimpleX,0.6314816520502329,0.8714285714285714,0.5549716553287982,70
42,80,heavy,CF-SimpleX,0.6567403330634628,0.9090909090909091,0.5754329004329004,22
123,80,heavy,CF-SimpleX,0.631491850248796,0.8095238095238095,0.5770408163265307,21
999,80,heavy,CF-SimpleX,0.6687091735083798,0.9545454545454546,0.5747474747474747,22
2024,80,heavy,CF-SimpleX,0.6288857228588726,0.9545454545454546,0.5227272727272727,22
555,80,heavy,CF-SimpleX,0.6538669150196644,0.8181818181818182,0.6022727272727273,22
42,80,cold,POP-Global,0.17107105879246748,0.296875,0.1331845238095238,64
123,80,cold,POP-Global,0.2269228956706084,0.390625,0.17819940476190477,64
999,80,cold,POP-Global,0.15310973267669956,0.28125,0.11390128968253967,64
2024,80,cold,POP-Global,0.1825772600357901,0.328125,0.1386594742063492,64
555,80,cold,POP-Global,0.24597753919847942,0.421875,0.1937003968253968,64
42,80,mid,POP-Global,0.25930595939558926,0.45714285714285713,0.1995124716553288,70
123,80,mid,POP-Global,0.1836001673327397,0.35714285714285715,0.13061791383219956,70
999,80,mid,POP-Global,0.2529561202987599,0.4714285714285714,0.18692743764172337,70
2024,80,mid,POP-Global,0.19232570439874094,0.35714285714285715,0.14189909297052153,70
555,80,mid,POP-Global,0.2289276610210702,0.4142857142857143,0.17269841269841268,70
42,80,heavy,POP-Global,0.2890546696310443,0.45454545454545453,0.23647186147186144,22
123,80,heavy,POP-Global,0.254395043624839,0.5238095238095238,0.17103174603174603,21
999,80,heavy,POP-Global,0.26869907089241646,0.45454545454545453,0.20959595959595959,22
2024,80,heavy,POP-Global,0.23495274231086719,0.5,0.15476190476190474,22
555,80,heavy,POP-Global,0.4381808287318795,0.7272727272727273,0.3497835497835498,22
42,80,cold,POP-Context,0.17107105879246748,0.296875,0.1331845238095238,64
123,80,cold,POP-Context,0.2269228956706084,0.390625,0.17819940476190477,64
999,80,cold,POP-Context,0.15310973267669956,0.28125,0.11390128968253967,64
2024,80,cold,POP-Context,0.1825772600357901,0.328125,0.1386594742063492,64
555,80,cold,POP-Context,0.24597753919847942,0.421875,0.1937003968253968,64
42,80,mid,POP-Context,0.25930595939558926,0.45714285714285713,0.1995124716553288,70
123,80,mid,POP-Context,0.1836001673327397,0.35714285714285715,0.13061791383219956,70
999,80,mid,POP-Context,0.2529561202987599,0.4714285714285714,0.18692743764172337,70
2024,80,mid,POP-Context,0.19232570439874094,0.35714285714285715,0.14189909297052153,70
555,80,mid,POP-Context,0.2289276610210702,0.4142857142857143,0.17269841269841268,70
42,80,heavy,POP-Context,0.2890546696310443,0.45454545454545453,0.23647186147186144,22
123,80,heavy,POP-Context,0.254395043624839,0.5238095238095238,0.17103174603174603,21
999,80,heavy,POP-Context,0.26869907089241646,0.45454545454545453,0.20959595959595959,22
2024,80,heavy,POP-Context,0.23495274231086719,0.5,0.15476190476190474,22
555,80,heavy,POP-Context,0.4381808287318795,0.7272727272727273,0.3497835497835498,22
42,80,cold,Hybrid-WeightedSum,0.9075673183427552,0.984375,0.8825520833333333,64
123,80,cold,Hybrid-WeightedSum,0.9110827739955403,0.984375,0.8854166666666667,64
999,80,cold,Hybrid-WeightedSum,0.9433498461288838,1.0,0.9247395833333334,64
2024,80,cold,Hybrid-WeightedSum,0.9012244965959862,0.984375,0.8723958333333334,64
555,80,cold,Hybrid-WeightedSum,0.9565039856172209,1.0,0.94140625,64
42,80,mid,Hybrid-WeightedSum,0.8737138381953902,0.9857142857142858,0.8359523809523809,70
123,80,mid,Hybrid-WeightedSum,0.8999043143858664,0.9857142857142858,0.871326530612245,70
999,80,mid,Hybrid-WeightedSum,0.9043337297462106,0.9714285714285714,0.8814285714285713,70
2024,80,mid,Hybrid-WeightedSum,0.8773701277287446,1.0,0.8392063492063493,70
555,80,mid,Hybrid-WeightedSum,0.9138882590452174,0.9714285714285714,0.8945238095238094,70
42,80,heavy,Hybrid-WeightedSum,0.8344114703463256,0.9545454545454546,0.7943722943722943,22
123,80,heavy,Hybrid-WeightedSum,0.7372578740558419,0.9523809523809523,0.6683673469387754,21
999,80,heavy,Hybrid-WeightedSum,0.8616217619782396,1.0,0.8156565656565656,22
2024,80,heavy,Hybrid-WeightedSum,0.8815842613289354,1.0,0.8443181818181817,22
555,80,heavy,Hybrid-WeightedSum,0.8319364462484186,0.9545454545454546,0.7935606060606062,22
42,80,cold,Hybrid-WeightedProduct,0.8785640810441924,0.96875,0.8486979166666666,64
123,80,cold,Hybrid-WeightedProduct,0.8921278325139999,0.984375,0.8606770833333333,64
999,80,cold,Hybrid-WeightedProduct,0.8712894711038306,0.9375,0.8501736111111111,64
2024,80,cold,Hybrid-WeightedProduct,0.8786568381298147,0.984375,0.84296875,64
555,80,cold,Hybrid-WeightedProduct,0.8878867032804658,0.921875,0.8767361111111112,64
42,80,mid,Hybrid-WeightedProduct,0.8328772659135659,0.9857142857142858,0.7815646258503401,70
123,80,mid,Hybrid-WeightedProduct,0.8728944343013829,0.9714285714285714,0.8396825396825397,70
999,80,mid,Hybrid-WeightedProduct,0.9149634004081666,0.9571428571428572,0.9,70
2024,80,mid,Hybrid-WeightedProduct,0.8509287339356586,0.9714285714285714,0.8120634920634922,70
555,80,mid,Hybrid-WeightedProduct,0.9086158269533812,0.9714285714285714,0.8873809523809524,70
42,80,heavy,Hybrid-WeightedProduct,0.878339355399444,1.0,0.837121212121212,22
123,80,heavy,Hybrid-WeightedProduct,0.7203872440369133,0.9523809523809523,0.6444444444444444,21
999,80,heavy,Hybrid-WeightedProduct,0.8679633109307385,1.0,0.8246753246753247,22
2024,80,heavy,Hybrid-WeightedProduct,0.8842907078345102,1.0,0.8446969696969696,22
555,80,heavy,Hybrid-WeightedProduct,0.7813427509291525,0.8636363636363636,0.7564935064935064,22
42,80,cold,Hybrid-RRF,0.7224064267817435,0.984375,0.6356770833333334,64
123,80,cold,Hybrid-RRF,0.7387431632321407,0.984375,0.6582217261904761,64
999,80,cold,Hybrid-RRF,0.7173539895341068,1.0,0.6243489583333333,64
2024,80,cold,Hybrid-RRF,0.7643147631591878,0.984375,0.6922061011904762,64
555,80,cold,Hybrid-RRF,0.8068070148749862,1.0,0.7434895833333333,64
42,80,mid,Hybrid-RRF,0.7890585003496448,0.9714285714285714,0.7289285714285714,70
123,80,mid,Hybrid-RRF,0.7665482152261025,0.9857142857142858,0.6933503401360543,70
999,80,mid,Hybrid-RRF,0.7730219417195372,0.9714285714285714,0.7072789115646259,70
2024,80,mid,Hybrid-RRF,0.7339297640435021,0.9571428571428572,0.6625566893424037,70
555,80,mid,Hybrid-RRF,0.7365980230255789,0.9571428571428572,0.6651530612244899,70
42,80,heavy,Hybrid-RRF,0.7717918095635329,0.9545454545454546,0.712121212121212,22
123,80,heavy,Hybrid-RRF,0.6604636614252754,0.8571428571428571,0.598941798941799,21
999,80,heavy,Hybrid-RRF,0.7623602244394163,0.9545454545454546,0.6984848484848485,22
2024,80,heavy,Hybrid-RRF,0.7906510498781082,1.0,0.7246753246753247,22
555,80,heavy,Hybrid-RRF,0.758166954813445,0.8636363636363636,0.7234848484848485,22
42,80,cold,Hybrid-ReliabilityGate,0.8242877738570719,0.984375,0.7708333333333333,64
123,80,cold,Hybrid-ReliabilityGate,0.8556827048136532,0.984375,0.8111979166666666,64
999,80,cold,Hybrid-ReliabilityGate,0.8563856404383559,1.0,0.8080729166666667,64
2024,80,cold,Hybrid-ReliabilityGate,0.8368924646379486,0.984375,0.7861979166666666,64
555,80,cold,Hybrid-ReliabilityGate,0.8648562361063501,1.0,0.8182291666666667,64
42,80,mid,Hybrid-ReliabilityGate,0.8446435174888656,0.9714285714285714,0.8011904761904762,70
123,80,mid,Hybrid-ReliabilityGate,0.8367603075911385,0.9857142857142858,0.7867857142857143,70
999,80,mid,Hybrid-ReliabilityGate,0.8956836567290906,0.9857142857142858,0.8657142857142858,70
2024,80,mid,Hybrid-ReliabilityGate,0.8231351700807151,0.9714285714285714,0.7754138321995464,70
555,80,mid,Hybrid-ReliabilityGate,0.8656904523594258,0.9714285714285714,0.8306122448979592,70
42,80,heavy,Hybrid-ReliabilityGate,0.7949082773268464,0.9545454545454546,0.7413419913419914,22
123,80,heavy,Hybrid-ReliabilityGate,0.7501157153927739,0.9047619047619048,0.7025699168556312,21
999,80,heavy,Hybrid-ReliabilityGate,0.824918855851708,1.0,0.7664141414141414,22
2024,80,heavy,Hybrid-ReliabilityGate,0.7683115768744826,0.9545454545454546,0.7060606060606059,22
555,80,heavy,Hybrid-ReliabilityGate,0.8068664061974818,0.9545454545454546,0.7609848484848485,22
all,80,cold,CBF-multilingual-e5-large-instruct,0.8937150723833798,0.9875,0.86203125,320
all,80,mid,CBF-multilingual-e5-large-instruct,0.8602172467620923,0.9742857142857143,0.8222097505668934,350
all,80,heavy,CBF-multilingual-e5-large-instruct,0.8164273917576035,0.981651376146789,0.7620030581039754,109
all,80,cold,CBF-bge-m3,0.889374222778479,0.98125,0.8587884424603175,320
all,80,mid,CBF-bge-m3,0.8443660970819429,0.9714285714285714,0.8026530612244899,350
all,80,heavy,CBF-bge-m3,0.7884536962563927,0.944954128440367,0.7378549584971603,109
all,80,cold,CBF-SCT-KD-model-phayathaibert,0.7940301588004826,0.95625,0.7403311011904762,320
all,80,mid,CBF-SCT-KD-model-phayathaibert,0.8054783383216482,0.9685714285714285,0.7532936507936507,350
all,80,heavy,CBF-SCT-KD-model-phayathaibert,0.7147270334720977,0.926605504587156,0.6467598660259211,109
all,80,cold,CBF-wangchanberta-base-att-spm-uncased,0.7819221170457104,0.9625,0.7237016369047619,320
all,80,mid,CBF-wangchanberta-base-att-spm-uncased,0.7666173776928759,0.9428571428571428,0.7095997732426302,350
all,80,heavy,CBF-wangchanberta-base-att-spm-uncased,0.6831428912462957,0.8990825688073395,0.6136012814911898,109
all,80,cold,CF-EASE_R,0.6618355273203018,0.928125,0.5756473214285714,320
all,80,mid,CF-EASE_R,0.6038042716184382,0.8714285714285714,0.519079365079365,350
all,80,heavy,CF-EASE_R,0.5482133533115785,0.8256880733944955,0.461376874908985,109
all,80,cold,CF-BiasedMF,0.5709702567641892,0.9,0.4680220734126984,320
all,80,mid,CF-BiasedMF,0.46633163909153347,0.7085714285714285,0.3915668934240363,350
all,80,heavy,CF-BiasedMF,0.46794538580845074,0.6788990825688074,0.405632008154944,109
all,80,cold,CF-BiasedMF-BPR,0.3890755732768917,0.690625,0.29536830357142857,320
all,80,mid,CF-BiasedMF-BPR,0.3663055491132812,0.6885714285714286,0.2674467120181406,350
all,80,heavy,CF-BiasedMF-BPR,0.2974089840346695,0.5229357798165137,0.22901922236784622,109
all,80,cold,CF-ItemKNN,0.8102207771616581,0.978125,0.7544543650793651,320
all,80,mid,CF-ItemKNN,0.7772166861509875,0.9514285714285714,0.7199024943310657,350
all,80,heavy,CF-ItemKNN,0.7351311009334729,0.944954128440367,0.6677734090578127,109
all,80,cold,CF-SimpleX,0.6753161765401623,0.921875,0.5942075892857143,320
all,80,mid,CF-SimpleX,0.6290322476520992,0.8628571428571429,0.5538083900226757,350
all,80,heavy,CF-SimpleX,0.6480896883773675,0.8899082568807339,0.5703837192369302,109
all,80,cold,POP-Global,0.195931697274809,0.34375,0.15152901785714284,320
all,80,mid,POP-Global,0.22342312248938004,0.4114285714285714,0.1663310657596372,350
all,80,heavy,POP-Global,0.29744786028053377,0.5321100917431193,0.2248179700014562,109
all,80,cold,POP-Context,0.195931697274809,0.34375,0.15152901785714284,320
all,80,mid,POP-Context,0.22342312248938004,0.4114285714285714,0.1663310657596372,350
all,80,heavy,POP-Context,0.29744786028053377,0.5321100917431193,0.2248179700014562,109
all,80,cold,Hybrid-WeightedSum,0.9239456841360774,0.990625,0.9013020833333332,320
all,80,mid,Hybrid-WeightedSum,0.893842053820286,0.9828571428571429,0.8644875283446712,350
all,80,heavy,Hybrid-WeightedSum,0.8302073581010541,0.9724770642201835,0.7843090141255278,109
all,80,cold,Hybrid-WeightedProduct,0.8817049852144606,0.959375,0.8558506944444446,320
all,80,mid,Hybrid-WeightedProduct,0.876055932302431,0.9714285714285714,0.8441383219954647,350
all,80,heavy,Hybrid-WeightedProduct,0.8274378612554107,0.963302752293578,0.7827435561380516,109
all,80,cold,Hybrid-RRF,0.7499250715164331,0.990625,0.6707886904761905,320
all,80,mid,Hybrid-RRF,0.7598312888728729,0.9685714285714285,0.691453514739229,350
all,80,heavy,Hybrid-RRF,0.7494961260661452,0.926605504587156,0.6923911460608708,109
all,80,cold,Hybrid-ReliabilityGate,0.847620963970676,0.990625,0.79890625,320
all,80,mid,Hybrid-ReliabilityGate,0.8531826208498472,0.9771428571428571,0.8119433106575964,350
all,80,heavy,Hybrid-ReliabilityGate,0.7893811245941255,0.9541284403669725,0.7357761759137905,109
42,all,cold,CBF-multilingual-e5-large-instruct,0.8756406888976868,0.96875,0.8441840277777777,64
123,all,cold,CBF-multilingual-e5-large-instruct,0.8763332082176669,0.9375,0.85546875,64
999,all,cold,CBF-multilingual-e5-large-instruct,0.8953650169099179,0.984375,0.8651041666666667,64
2024,all,cold,CBF-multilingual-e5-large-instruct,0.8864706802507772,1.0,0.8492373511904762,64
555,all,cold,CBF-multilingual-e5-large-instruct,0.8754474768089268,0.953125,0.8494791666666667,64
42,all,mid,CBF-multilingual-e5-large-instruct,0.8843805822922091,0.9857142857142858,0.8505102040816327,70
123,all,mid,CBF-multilingual-e5-large-instruct,0.8380673456911647,0.9428571428571428,0.8028571428571429,70
999,all,mid,CBF-multilingual-e5-large-instruct,0.9273786896428602,1.0,0.9023809523809524,70
2024,all,mid,CBF-multilingual-e5-large-instruct,0.8832243469155892,1.0,0.8453571428571428,70
555,all,mid,CBF-multilingual-e5-large-instruct,0.9043082915061832,0.9857142857142858,0.8761904761904762,70
42,all,heavy,CBF-multilingual-e5-large-instruct,0.8652529600732727,1.0,0.8212121212121212,22
123,all,heavy,CBF-multilingual-e5-large-instruct,0.7962402306893691,0.9545454545454546,0.7436868686868686,22
999,all,heavy,CBF-multilingual-e5-large-instruct,0.83359926777598,0.9545454545454546,0.793560606060606,22
2024,all,heavy,CBF-multilingual-e5-large-instruct,0.8814904209415624,0.9545454545454546,0.856060606060606,22
555,all,heavy,CBF-multilingual-e5-large-instruct,0.7413910345212383,0.9545454545454546,0.6704545454545454,22
42,all,cold,CBF-bge-m3,0.9028996643973242,0.984375,0.8763020833333333,64
123,all,cold,CBF-bge-m3,0.8933192395103638,0.953125,0.8729166666666668,64
999,all,cold,CBF-bge-m3,0.9044542520380097,0.96875,0.8828125,64
2024,all,cold,CBF-bge-m3,0.895245778870228,1.0,0.8609561011904762,64
555,all,cold,CBF-bge-m3,0.8954054608929604,0.96875,0.8720486111111111,64
42,all,mid,CBF-bge-m3,0.8590556683824544,0.9857142857142858,0.8172789115646258,70
123,all,mid,CBF-bge-m3,0.8354421949571675,0.9428571428571428,0.80156462585034,70
999,all,mid,CBF-bge-m3,0.8986612609523497,1.0,0.8660090702947846,70
2024,all,mid,CBF-bge-m3,0.8841424228475353,0.9857142857142858,0.8496825396825396,70
555,all,mid,CBF-bge-m3,0.8578112969148457,0.9714285714285714,0.820374149659864,70
42,all,heavy,CBF-bge-m3,0.8305420426212344,1.0,0.7742424242424242,22
123,all,heavy,CBF-bge-m3,0.8252113076298767,0.9545454545454546,0.7803030303030302,22
999,all,heavy,CBF-bge-m3,0.820165998152529,0.9545454545454546,0.7769480519480519,22
2024,all,heavy,CBF-bge-m3,0.8732738297322512,1.0,0.8340909090909091,22
555,all,heavy,CBF-bge-m3,0.7647613186340824,0.9090909090909091,0.7171717171717171,22
42,all,cold,CBF-SCT-KD-model-phayathaibert,0.8013499245369574,0.96875,0.7445312500000001,64
123,all,cold,CBF-SCT-KD-model-phayathaibert,0.7706486461016036,0.921875,0.7202008928571428,64
999,all,cold,CBF-SCT-KD-model-phayathaibert,0.8308682836460444,0.96875,0.784375,64
2024,all,cold,CBF-SCT-KD-model-phayathaibert,0.7768842374938458,1.0,0.7039868551587302,64
555,all,cold,CBF-SCT-KD-model-phayathaibert,0.7809567346852675,0.953125,0.7256510416666667,64
42,all,mid,CBF-SCT-KD-model-phayathaibert,0.8223839069714514,0.9571428571428572,0.7774376417233559,70
123,all,mid,CBF-SCT-KD-model-phayathaibert,0.7326096137757178,0.9,0.6774546485260772,70
999,all,mid,CBF-SCT-KD-model-phayathaibert,0.8275249668900817,0.9857142857142858,0.7757142857142858,70
2024,all,mid,CBF-SCT-KD-model-phayathaibert,0.7909532915161973,1.0,0.7240986394557822,70
555,all,mid,CBF-SCT-KD-model-phayathaibert,0.8379630438022865,0.9857142857142858,0.789875283446712,70
42,all,heavy,CBF-SCT-KD-model-phayathaibert,0.7178498326237465,1.0,0.6285353535353536,22
123,all,heavy,CBF-SCT-KD-model-phayathaibert,0.746158696500266,1.0,0.6621212121212121,22
999,all,heavy,CBF-SCT-KD-model-phayathaibert,0.736920117396947,0.9545454545454546,0.6686147186147187,22
2024,all,heavy,CBF-SCT-KD-model-phayathaibert,0.7551352455128295,0.9090909090909091,0.7049783549783549,22
555,all,heavy,CBF-SCT-KD-model-phayathaibert,0.7503597748300197,0.9545454545454546,0.6849567099567099,22
42,all,cold,CBF-wangchanberta-base-att-spm-uncased,0.8139123141769494,0.96875,0.7631696428571428,64
123,all,cold,CBF-wangchanberta-base-att-spm-uncased,0.7945305304733635,0.953125,0.7432663690476191,64
999,all,cold,CBF-wangchanberta-base-att-spm-uncased,0.8244663045677751,0.96875,0.7756696428571428,64
2024,all,cold,CBF-wangchanberta-base-att-spm-uncased,0.8123070213320485,0.984375,0.7562686011904762,64
555,all,cold,CBF-wangchanberta-base-att-spm-uncased,0.7457159444162762,0.953125,0.6800967261904762,64
42,all,mid,CBF-wangchanberta-base-att-spm-uncased,0.7880086374329556,0.9714285714285714,0.7281519274376418,70
123,all,mid,CBF-wangchanberta-base-att-spm-uncased,0.7028117336356325,0.9285714285714286,0.6301190476190476,70
999,all,mid,CBF-wangchanberta-base-att-spm-uncased,0.8037823869336327,0.9857142857142858,0.7453174603174603,70
2024,all,mid,CBF-wangchanberta-base-att-spm-uncased,0.7269852888555101,0.9142857142857143,0.6667176870748298,70
555,all,mid,CBF-wangchanberta-base-att-spm-uncased,0.773126904902678,0.9428571428571428,0.7177891156462585,70
42,all,heavy,CBF-wangchanberta-base-att-spm-uncased,0.8305420426212344,1.0,0.7742424242424242,22
123,all,heavy,CBF-wangchanberta-base-att-spm-uncased,0.7095020154643868,0.9090909090909091,0.6401515151515151,22
999,all,heavy,CBF-wangchanberta-base-att-spm-uncased,0.6258604269496457,0.9090909090909091,0.5345238095238095,22
2024,all,heavy,CBF-wangchanberta-base-att-spm-uncased,0.7713286590424844,0.9545454545454546,0.7156565656565657,22
555,all,heavy,CBF-wangchanberta-base-att-spm-uncased,0.7010189967657519,0.9090909090909091,0.6333333333333333,22
42,all,cold,CF-EASE_R,0.6505400535980319,0.90625,0.5682911706349206,64
123,all,cold,CF-EASE_R,0.6570265369101651,0.9375,0.5653397817460317,64
999,all,cold,CF-EASE_R,0.6710331137278852,0.953125,0.5802641369047619,64
2024,all,cold,CF-EASE_R,0.6482227794824369,0.921875,0.5613405257936508,64
555,all,cold,CF-EASE_R,0.635949011712722,0.890625,0.5545138888888889,64
42,all,mid,CF-EASE_R,0.596594150314503,0.8428571428571429,0.5181689342403628,70
123,all,mid,CF-EASE_R,0.574392146347631,0.8428571428571429,0.48918367346938774,70
999,all,mid,CF-EASE_R,0.6704242760814045,0.9285714285714286,0.5880952380952381,70
2024,all,mid,CF-EASE_R,0.6230992588674802,0.8571428571428571,0.5501133786848074,70
555,all,mid,CF-EASE_R,0.6559022549907991,0.9142857142857143,0.5740022675736961,70
42,all,heavy,CF-EASE_R,0.5708560297361611,0.7727272727272727,0.5103535353535353,22
123,all,heavy,CF-EASE_R,0.6771685800999933,0.9545454545454546,0.5848484848484848,22
999,all,heavy,CF-EASE_R,0.47679046137495507,0.7727272727272727,0.38787878787878777,22
2024,all,heavy,CF-EASE_R,0.5683468859729333,0.8181818181818182,0.48762626262626263,22
555,all,heavy,CF-EASE_R,0.5474387254252564,0.7727272727272727,0.4739177489177489,22
42,all,cold,CF-BiasedMF,0.6006196646848665,0.875,0.5150731646825397,64
123,all,cold,CF-BiasedMF,0.5152219815904415,0.84375,0.41185515873015877,64
999,all,cold,CF-BiasedMF,0.5161080336955491,0.828125,0.4206969246031746,64
2024,all,cold,CF-BiasedMF,0.6269975514031517,0.96875,0.5185515873015873,64
555,all,cold,CF-BiasedMF,0.5489513845465994,0.890625,0.4415674603174603,64
42,all,mid,CF-BiasedMF,0.5148608822035219,0.7285714285714285,0.44951247165532876,70
123,all,mid,CF-BiasedMF,0.41423316301133445,0.6571428571428571,0.3401077097505669,70
999,all,mid,CF-BiasedMF,0.4280441053678883,0.6428571428571429,0.36049319727891155,70
2024,all,mid,CF-BiasedMF,0.43235383750158096,0.6714285714285714,0.359484126984127,70
555,all,mid,CF-BiasedMF,0.5244083045648162,0.7714285714285715,0.44688208616780045,70
42,all,heavy,CF-BiasedMF,0.45294356826012233,0.7272727272727273,0.3683080808080808,22
123,all,heavy,CF-BiasedMF,0.4557540350688713,0.6363636363636364,0.40075757575757576,22
999,all,heavy,CF-BiasedMF,0.4460172098795578,0.6818181818181818,0.3752525252525253,22
2024,all,heavy,CF-BiasedMF,0.39334626372784937,0.7272727272727273,0.296518759018759,22
555,all,heavy,CF-BiasedMF,0.5848316631354199,0.7272727272727273,0.5444444444444444,22
42,all,cold,CF-BiasedMF-BPR,0.395358368948262,0.6875,0.3040984623015873,64
123,all,cold,CF-BiasedMF-BPR,0.3603512497791799,0.671875,0.26277281746031744,64
999,all,cold,CF-BiasedMF-BPR,0.31405027086799386,0.59375,0.2277281746031746,64
2024,all,cold,CF-BiasedMF-BPR,0.3763257990078085,0.65625,0.2893353174603175,64
555,all,cold,CF-BiasedMF-BPR,0.44594788355933024,0.796875,0.3387276785714286,64
42,all,mid,CF-BiasedMF-BPR,0.4087519716110847,0.7428571428571429,0.30570294784580504,70
123,all,mid,CF-BiasedMF-BPR,0.29152450397291074,0.5714285714285714,0.20538548752834465,70
999,all,mid,CF-BiasedMF-BPR,0.34493423867295814,0.6714285714285714,0.2453684807256236,70
2024,all,mid,CF-BiasedMF-BPR,0.39340788737972837,0.6714285714285714,0.30782879818594105,70
555,all,mid,CF-BiasedMF-BPR,0.356132771746504,0.7142857142857143,0.24865646258503402,70
42,all,heavy,CF-BiasedMF-BPR,0.33208470915490246,0.5909090909090909,0.25402236652236654,22
123,all,heavy,CF-BiasedMF-BPR,0.20821627087975003,0.4090909090909091,0.1460137085137085,22
999,all,heavy,CF-BiasedMF-BPR,0.22774625297425188,0.45454545454545453,0.16040764790764792,22
2024,all,heavy,CF-BiasedMF-BPR,0.23753750068267634,0.5,0.15757575757575756,22
555,all,heavy,CF-BiasedMF-BPR,0.48880732386157644,0.6818181818181818,0.43257575757575756,22
42,all,cold,CF-ItemKNN,0.8291540083751131,0.984375,0.7784474206349206,64
123,all,cold,CF-ItemKNN,0.7996019102802832,0.953125,0.7508680555555555,64
999,all,cold,CF-ItemKNN,0.8228247365205593,0.96875,0.7739955357142856,64
2024,all,cold,CF-ItemKNN,0.8108817134834789,1.0,0.746875,64
555,all,cold,CF-ItemKNN,0.7933859288641081,0.96875,0.7340029761904762,64
42,all,mid,CF-ItemKNN,0.8372575341174594,0.9571428571428572,0.7973809523809524,70
123,all,mid,CF-ItemKNN,0.73986831192335,0.9142857142857143,0.6820238095238095,70
999,all,mid,CF-ItemKNN,0.8188280731602694,0.9714285714285714,0.7683730158730159,70
2024,all,mid,CF-ItemKNN,0.7516841752735268,0.9714285714285714,0.6820181405895691,70
555,all,mid,CF-ItemKNN,0.8038373229937039,0.9571428571428572,0.7516666666666667,70
42,all,heavy,CF-ItemKNN,0.7638666686509983,1.0,0.6863636363636364,22
123,all,heavy,CF-ItemKNN,0.782557049068279,0.9545454545454546,0.7234848484848485,22
999,all,heavy,CF-ItemKNN,0.6715848111987289,0.9090909090909091,0.5936147186147186,22
2024,all,heavy,CF-ItemKNN,0.6897498098720679,0.9545454545454546,0.6034090909090909,22
555,all,heavy,CF-ItemKNN,0.8315078333441157,1.0,0.7823773448773449,22
42,all,cold,CF-SimpleX,0.7070560830237941,0.90625,0.6391927083333333,64
123,all,cold,CF-SimpleX,0.6240723059575222,0.84375,0.5531436011904762,64
999,all,cold,CF-SimpleX,0.6424053004276024,0.875,0.5686383928571429,64
2024,all,cold,CF-SimpleX,0.6778012678462413,0.96875,0.5844122023809524,64
555,all,cold,CF-SimpleX,0.6939005349126189,0.9375,0.6134982638888888,64
42,all,mid,CF-SimpleX,0.6784286647670518,0.9142857142857143,0.6038265306122449,70
123,all,mid,CF-SimpleX,0.5665562564910631,0.8428571428571429,0.48039115646258507,70
999,all,mid,CF-SimpleX,0.5868277835901221,0.8857142857142857,0.49162131519274377,70
2024,all,mid,CF-SimpleX,0.657274879651281,0.8857142857142857,0.5841609977324264,70
555,all,mid,CF-SimpleX,0.6418026567804854,0.8714285714285714,0.570827664399093,70
42,all,heavy,CF-SimpleX,0.6346120662776598,0.9090909090909091,0.5458874458874459,22
123,all,heavy,CF-SimpleX,0.6798327058668069,0.8636363636363636,0.6216450216450217,22
999,all,heavy,CF-SimpleX,0.5857523332257523,0.8181818181818182,0.5121212121212121,22
2024,all,heavy,CF-SimpleX,0.6149691987702398,1.0,0.49494949494949486,22
555,all,heavy,CF-SimpleX,0.6342907078345102,0.7727272727272727,0.587121212121212,22
42,all,cold,POP-Global,0.17023347489179852,0.296875,0.13234747023809523,64
123,all,cold,POP-Global,0.22636450640349576,0.390625,0.17764136904761907,64
999,all,cold,POP-Global,0.15255134340958693,0.28125,0.11334325396825395,64
2024,all,cold,POP-Global,0.1825772600357901,0.328125,0.1386594742063492,64
555,all,cold,POP-Global,0.2445815660306978,0.421875,0.19230530753968253,64
42,all,mid,POP-Global,0.25782465556532974,0.45714285714285713,0.1979875283446712,70
123,all,mid,POP-Global,0.18237290008542303,0.35714285714285715,0.12939909297052155,70
999,all,mid,POP-Global,0.25227466197816983,0.4714285714285714,0.18625850340136055,70
2024,all,mid,POP-Global,0.19232570439874094,0.35714285714285715,0.14189909297052153,70
555,all,mid,POP-Global,0.22750833134689608,0.4142857142857143,0.17125283446712017,70
42,all,heavy,POP-Global,0.2890546696310443,0.45454545454545453,0.23647186147186144,22
123,all,heavy,POP-Global,0.24283163255098267,0.5,0.16325757575757577,22
999,all,heavy,POP-Global,0.26869907089241646,0.45454545454545453,0.20959595959595959,22
2024,all,heavy,POP-Global,0.23414053974052154,0.5,0.15395021645021642,22
555,all,heavy,POP-Global,0.4381808287318795,0.7272727272727273,0.3497835497835498,22
42,all,cold,POP-Context,0.17023347489179852,0.296875,0.13234747023809523,64
123,all,cold,POP-Context,0.22636450640349576,0.390625,0.17764136904761907,64
999,all,cold,POP-Context,0.15255134340958693,0.28125,0.11334325396825395,64
2024,all,cold,POP-Context,0.1825772600357901,0.328125,0.1386594742063492,64
555,all,cold,POP-Context,0.2445815660306978,0.421875,0.19230530753968253,64
42,all,mid,POP-Context,0.25782465556532974,0.45714285714285713,0.1979875283446712,70
123,all,mid,POP-Context,0.18237290008542303,0.35714285714285715,0.12939909297052155,70
999,all,mid,POP-Context,0.25227466197816983,0.4714285714285714,0.18625850340136055,70
2024,all,mid,POP-Context,0.19232570439874094,0.35714285714285715,0.14189909297052153,70
555,all,mid,POP-Context,0.22750833134689608,0.4142857142857143,0.17125283446712017,70
42,all,heavy,POP-Context,0.2890546696310443,0.45454545454545453,0.23647186147186144,22
123,all,heavy,POP-Context,0.24283163255098267,0.5,0.16325757575757577,22
999,all,heavy,POP-Context,0.26869907089241646,0.45454545454545453,0.20959595959595959,22
2024,all,heavy,POP-Context,0.23414053974052154,0.5,0.15395021645021642,22
555,all,heavy,POP-Context,0.4381808287318795,0.7272727272727273,0.3497835497835498,22
42,all,cold,Hybrid-WeightedSum,0.8914430864071428,0.984375,0.8598958333333333,64
123,all,cold,Hybrid-WeightedSum,0.8930413869977701,0.9375,0.8776041666666666,64
999,all,cold,Hybrid-WeightedSum,0.9292527833307066,0.984375,0.9106770833333333,64
2024,all,cold,Hybrid-WeightedSum,0.8965732104088029,1.0,0.8618489583333333,64
555,all,cold,Hybrid-WeightedSum,0.903862263016775,0.96875,0.8815104166666667,64
42,all,mid,Hybrid-WeightedSum,0.9157586840962383,0.9857142857142858,0.8921428571428572,70
123,all,mid,Hybrid-WeightedSum,0.878026655177758,0.9714285714285714,0.8475170068027211,70
999,all,mid,Hybrid-WeightedSum,0.9636342224622747,1.0,0.9511904761904761,70
2024,all,mid,Hybrid-WeightedSum,0.8902287846810529,1.0,0.854920634920635,70
555,all,mid,Hybrid-WeightedSum,0.9326511217346963,0.9857142857142858,0.9142857142857143,70
42,all,heavy,Hybrid-WeightedSum,0.878339355399444,1.0,0.837121212121212,22
123,all,heavy,Hybrid-WeightedSum,0.8189091765456399,0.9545454545454546,0.7727272727272727,22
999,all,heavy,Hybrid-WeightedSum,0.8403628227813918,0.9545454545454546,0.801948051948052,22
2024,all,heavy,Hybrid-WeightedSum,0.8843490347055123,1.0,0.8459595959595959,22
555,all,heavy,Hybrid-WeightedSum,0.8411327046129763,0.9545454545454546,0.8045454545454546,22
42,all,cold,Hybrid-WeightedProduct,0.8756406888976868,0.96875,0.8441840277777777,64
123,all,cold,Hybrid-WeightedProduct,0.8763332082176669,0.9375,0.85546875,64
999,all,cold,Hybrid-WeightedProduct,0.8430374308181129,0.890625,0.8268229166666666,64
2024,all,cold,Hybrid-WeightedProduct,0.8856330963501083,0.96875,0.8577008928571429,64
555,all,cold,Hybrid-WeightedProduct,0.8321160245003626,0.890625,0.8129340277777778,64
42,all,mid,Hybrid-WeightedProduct,0.8843805822922091,0.9857142857142858,0.8505102040816327,70
123,all,mid,Hybrid-WeightedProduct,0.8380673456911647,0.9428571428571428,0.8028571428571429,70
999,all,mid,Hybrid-WeightedProduct,0.9247719662901164,0.9857142857142858,0.904047619047619,70
2024,all,mid,Hybrid-WeightedProduct,0.882277594082979,1.0,0.8437074829931973,70
555,all,mid,Hybrid-WeightedProduct,0.9345215467857173,0.9857142857142858,0.9166666666666665,70
42,all,heavy,Hybrid-WeightedProduct,0.8652529600732727,1.0,0.8212121212121212,22
123,all,heavy,Hybrid-WeightedProduct,0.7962402306893691,0.9545454545454546,0.7436868686868686,22
999,all,heavy,Hybrid-WeightedProduct,0.8354511909724479,0.9545454545454546,0.7954545454545454,22
2024,all,heavy,Hybrid-WeightedProduct,0.8790538132305254,1.0,0.8390151515151515,22
555,all,heavy,Hybrid-WeightedProduct,0.776335857838675,0.8636363636363636,0.7477272727272727,22
42,all,cold,Hybrid-RRF,0.7293088760832112,0.984375,0.644828869047619,64
123,all,cold,Hybrid-RRF,0.7411212666581813,0.953125,0.673325892857143,64
999,all,cold,Hybrid-RRF,0.7474502695491145,0.984375,0.6708333333333333,64
2024,all,cold,Hybrid-RRF,0.7452378993960324,0.984375,0.6664062500000001,64
555,all,cold,Hybrid-RRF,0.727028513627652,0.96875,0.6465029761904761,64
42,all,mid,Hybrid-RRF,0.7974393753004451,1.0,0.7320578231292517,70
123,all,mid,Hybrid-RRF,0.7637055586983508,0.9857142857142858,0.6923356009070295,70
999,all,mid,Hybrid-RRF,0.7948475218218692,1.0,0.7273979591836734,70
2024,all,mid,Hybrid-RRF,0.741998340260607,0.9714285714285714,0.6675396825396825,70
555,all,mid,Hybrid-RRF,0.7795750301585744,1.0,0.706921768707483,70
42,all,heavy,Hybrid-RRF,0.7650243502062298,1.0,0.6898268398268399,22
123,all,heavy,Hybrid-RRF,0.6976970553335184,0.9090909090909091,0.6277056277056277,22
999,all,heavy,Hybrid-RRF,0.7443882062051081,0.9545454545454546,0.6777056277056277,22
2024,all,heavy,Hybrid-RRF,0.79374529610733,1.0,0.7253787878787878,22
555,all,heavy,Hybrid-RRF,0.7758848509925095,0.9545454545454546,0.7186147186147186,22
42,all,cold,Hybrid-ReliabilityGate,0.813734159271505,0.984375,0.7565290178571429,64
123,all,cold,Hybrid-ReliabilityGate,0.813475358759084,0.953125,0.7666666666666666,64
999,all,cold,Hybrid-ReliabilityGate,0.8628030297529015,0.984375,0.8216145833333333,64
2024,all,cold,Hybrid-ReliabilityGate,0.8242394174292853,1.0,0.7652777777777777,64
555,all,cold,Hybrid-ReliabilityGate,0.8353741609933104,0.96875,0.7890625,64
42,all,mid,Hybrid-ReliabilityGate,0.9033741146367422,1.0,0.8715646258503401,70
123,all,mid,Hybrid-ReliabilityGate,0.8132526443600469,0.9714285714285714,0.7610090702947846,70
999,all,mid,Hybrid-ReliabilityGate,0.9116871963774821,1.0,0.8826190476190476,70
2024,all,mid,Hybrid-ReliabilityGate,0.861127270395355,0.9857142857142858,0.8210714285714286,70
555,all,mid,Hybrid-ReliabilityGate,0.8743952965159802,1.0,0.8330498866213152,70
42,all,heavy,Hybrid-ReliabilityGate,0.8097821449800416,1.0,0.746969696969697,22
123,all,heavy,Hybrid-ReliabilityGate,0.8127239182451752,0.9545454545454546,0.7651515151515151,22
999,all,heavy,Hybrid-ReliabilityGate,0.7949082773268464,0.9545454545454546,0.7413419913419914,22
2024,all,heavy,Hybrid-ReliabilityGate,0.7973409806859922,0.9545454545454546,0.743939393939394,22
555,all,heavy,Hybrid-ReliabilityGate,0.841944907183322,1.0,0.7939935064935064,22
all,all,cold,CBF-multilingual-e5-large-instruct,0.8818514142169951,0.96875,0.8526946924603174,320
all,all,mid,CBF-multilingual-e5-large-instruct,0.887471851209601,0.9828571428571429,0.8554591836734694,350
all,all,heavy,CBF-multilingual-e5-large-instruct,0.8235947828002844,0.9636363636363636,0.7769949494949494,110
all,all,cold,CBF-bge-m3,0.8982648791417773,0.975,0.8730071924603173,320
all,all,mid,CBF-bge-m3,0.8670225688108706,0.9771428571428571,0.8309818594104308,350
all,all,heavy,CBF-bge-m3,0.8227908993539947,0.9636363636363636,0.7765512265512265,110
all,all,cold,CBF-SCT-KD-model-phayathaibert,0.7921415652927438,0.9625,0.7357490079365079,320
all,all,mid,CBF-SCT-KD-model-phayathaibert,0.8022869645911468,0.9657142857142857,0.7489160997732427,350
all,all,heavy,CBF-SCT-KD-model-phayathaibert,0.7412847333727616,0.9636363636363636,0.6698412698412699,110
all,all,cold,CBF-wangchanberta-base-att-spm-uncased,0.7981864229932827,0.965625,0.7436941964285714,320
all,all,mid,CBF-wangchanberta-base-att-spm-uncased,0.7589429903520818,0.9485714285714286,0.6976190476190476,350
all,all,heavy,CBF-wangchanberta-base-att-spm-uncased,0.7276504281687007,0.9363636363636364,0.6595815295815296,110
all,all,cold,CF-EASE_R,0.6525542990862482,0.921875,0.5659499007936508,320
all,all,mid,CF-EASE_R,0.6240824173203636,0.8771428571428571,0.5439126984126984,350
all,all,heavy,CF-EASE_R,0.5681201365218598,0.8181818181818182,0.48892496392496393,110
all,all,cold,CF-BiasedMF,0.5615797231841217,0.88125,0.4615488591269841,320
all,all,mid,CF-BiasedMF,0.46278005852982834,0.6942857142857143,0.3912959183673469,350
all,all,heavy,CF-BiasedMF,0.46657854801436405,0.7,0.39705627705627705,110
all,all,cold,CF-BiasedMF-BPR,0.3784067144325149,0.68125,0.2845324900793651,320
all,all,mid,CF-BiasedMF-BPR,0.35895027467663715,0.6742857142857143,0.2625884353741496,350
all,all,heavy,CF-BiasedMF-BPR,0.2988784115106315,0.5272727272727272,0.23011904761904758,110
all,all,cold,CF-ItemKNN,0.8111696595047085,0.975,0.7568377976190476,320
all,all,mid,CF-ItemKNN,0.790295083493662,0.9542857142857143,0.7362925170068028,350
all,all,heavy,CF-ItemKNN,0.7478532344268379,0.9636363636363636,0.6778499278499278,110
all,all,cold,CF-SimpleX,0.6690470984335558,0.90625,0.5917770337301587,320
all,all,mid,CF-SimpleX,0.6261780482560008,0.88,0.5461655328798185,350
all,all,heavy,CF-SimpleX,0.6298914023949937,0.8727272727272727,0.5523448773448774,110
all,all,cold,POP-Global,0.19526163015427384,0.34375,0.15085937500000002,320
all,all,mid,POP-Global,0.22246125067491196,0.4114285714285714,0.16535941043083902,350
all,all,heavy,POP-Global,0.2945813483093689,0.5272727272727272,0.22261183261183262,110
all,all,cold,POP-Context,0.19526163015427384,0.34375,0.15085937500000002,320
all,all,mid,POP-Context,0.22246125067491196,0.4114285714285714,0.16535941043083902,350
all,all,heavy,POP-Context,0.2945813483093689,0.5272727272727272,0.22261183261183262,110
all,all,cold,Hybrid-WeightedSum,0.9028345460322396,0.975,0.8783072916666667,320
all,all,mid,Hybrid-WeightedSum,0.9160598936304041,0.9885714285714285,0.8920113378684806,350
all,all,heavy,Hybrid-WeightedSum,0.8526186188089927,0.9727272727272728,0.8124603174603174,110
all,all,cold,Hybrid-WeightedProduct,0.8625520897567875,0.93125,0.8394221230158732,320
all,all,mid,Hybrid-WeightedProduct,0.8928038070284372,0.98,0.8635578231292518,350
all,all,heavy,Hybrid-WeightedProduct,0.8304668105608579,0.9545454545454546,0.7894191919191919,110
all,all,cold,Hybrid-RRF,0.7380293650628383,0.975,0.6603794642857144,320
all,all,mid,Hybrid-RRF,0.7755131652479692,0.9914285714285714,0.7052505668934241,350
all,all,heavy,Hybrid-RRF,0.7553479517689391,0.9636363636363636,0.6878463203463203,110
all,all,cold,Hybrid-ReliabilityGate,0.8299252252412174,0.978125,0.7798301091269841,320
all,all,mid,Hybrid-ReliabilityGate,0.8727673044571211,0.9914285714285714,0.8338628117913832,350
all,all,heavy,Hybrid-ReliabilityGate,0.8113400456842754,0.9727272727272728,0.7582792207792208,110
