word,cluster_label,stopword_type,reason
เครื่องแบบ,0,คำที่มีความหมายกว้าง (Umbrella Terms),นามทั่วไป ใช้เป็นหมวดหมู่
เครื่องมือ,0,คำที่มีความหมายกว้าง (Umbrella Terms),นามทั่วไป ใช้เป็นหมวดหมู่
คุณูปการ,0,คำเชิงนามธรรม หรือ คำเชิงประเมินค่า (Abstract or Evaluative Terms),แสดงคุณค่า/ความคิดเห็น
ขนบธรรมเนียมประเพณี,0,คำเฉพาะโดเมนที่พบบ่อยเกินไป (Domain-Specific Overuse),คำพื้นฐานในโดเมน ทำให้จำแนกต่ำ
ติดมือ,0,คำซ้ำซ้อน หรือ คำพ้องความหมาย (Redundant or Synonym),ความหมายซ้ำซ้อน
ตามคำสั่ง,1,คำที่มีความหมายกว้าง (Umbrella Terms),นามทั่วไป ใช้เป็นหมวดหมู่
รื่นเริง,1,คำเชิงนามธรรม หรือ คำเชิงประเมินค่า (Abstract or Evaluative Terms),แสดงความรู้สึก/คุณค่า
ร้อนแรง,1,คำเชิงนามธรรม หรือ คำเชิงประเมินค่า (Abstract or Evaluative Terms),แสดงความรู้สึก/คุณค่า
เจ้าหญิง,1,คำเฉพาะโดเมนที่พบบ่อยเกินไป (Domain-Specific Overuse),คำพื้นฐานในโดเมน ทำให้จำแนกต่ำ
เชษฐา,1,คำเฉพาะโดเมนที่พบบ่อยเกินไป (Domain-Specific Overuse),คำพื้นฐานในโดเมน ทำให้จำแนกต่ำ
เพลงกลม,1,คำเฉพาะโดเมนที่พบบ่อยเกินไป (Domain-Specific Overuse),คำพื้นฐานในโดเมน ทำให้จำแนกต่ำ
ปราชัย,1,คำเฉพาะโดเมนที่พบบ่อยเกินไป (Domain-Specific Overuse),คำพื้นฐานในโดเมน ทำให้จำแนกต่ำ
แต่งตัว,1,คำซ้ำซ้อน หรือ คำพ้องความหมาย (Redundant or Synonym),ความหมายซ้ำซ้อน
คู่ต่อสู้,2,คำที่มีความหมายกว้าง (Umbrella Terms),นามทั่วไป ใช้เป็นหมวดหมู่
อาณาจักร,2,คำที่มีความหมายกว้าง (Umbrella Terms),นามทั่วไป ใช้เป็นหมวดหมู่
สีทอง,2,คำเชิงนามธรรม หรือ คำเชิงประเมินค่า (Abstract or Evaluative Terms),แสดงคุณค่า/ความคิดเห็น
มรดกภูมิปัญญาทางวัฒนธรรม,2,คำเฉพาะโดเมนที่พบบ่อยเกินไป (Domain-Specific Overuse),คำพื้นฐานในโดเมน ทำให้จำแนกต่ำ
ตัวตน,3,คำที่มีความหมายกว้าง (Umbrella Terms),นามทั่วไป ใช้เป็นหมวดหมู่
หลักฐาน,3,คำที่มีความหมายกว้าง (Umbrella Terms),นามทั่วไป ใช้เป็นหมวดหมู่
นครพนม,3,คำที่มีความหมายกว้าง (Umbrella Terms),นามทั่วไป ใช้เป็นหมวดหมู่
รู้คุณค่า,3,คำเชิงนามธรรม หรือ คำเชิงประเมินค่า (Abstract or Evaluative Terms),แสดงคุณค่า/ความคิดเห็น
อุบาย,3,คำเชิงนามธรรม หรือ คำเชิงประเมินค่า (Abstract or Evaluative Terms),แสดงแนวคิด/ความคิดเห็น
นิมิต,3,คำเชิงนามธรรม หรือ คำเชิงประเมินค่า (Abstract or Evaluative Terms),แสดงแนวคิด/ความคิดเห็น
อินทราภิเษก,3,คำเฉพาะโดเมนที่พบบ่อยเกินไป (Domain-Specific Overuse),คำพื้นฐานในโดเมน ทำให้จำแนกต่ำ
จับนาง,3,คำเฉพาะโดเมนที่พบบ่อยเกินไป (Domain-Specific Overuse),คำพื้นฐานในโดเมน ทำให้จำแนกต่ำ
ขุนช้าง,3,คำเฉพาะโดเมนที่พบบ่อยเกินไป (Domain-Specific Overuse),คำพื้นฐานในโดเมน ทำให้จำแนกต่ำ
ศรนาคบาศ,3,คำเฉพาะโดเมนที่พบบ่อยเกินไป (Domain-Specific Overuse),คำพื้นฐานในโดเมน ทำให้จำแนกต่ำ
ตารีบุหงา,3,คำเฉพาะโดเมนที่พบบ่อยเกินไป (Domain-Specific Overuse),คำพื้นฐานในโดเมน ทำให้จำแนกต่ำ
ปรศุราม,3,คำเฉพาะโดเมนที่พบบ่อยเกินไป (Domain-Specific Overuse),คำพื้นฐานในโดเมน ทำให้จำแนกต่ำ
พิธีกรรม,3,คำซ้ำซ้อน หรือ คำพ้องความหมาย (Redundant or Synonym),ความหมายซ้ำซ้อน
นักษัตร,0,คำที่มีความหมายกว้าง (Umbrella Terms),นามทั่วไป
ความว่องไว,0,คำที่มีความหมายกว้าง (Umbrella Terms),นามทั่วไป
สี่ภาค,0,คำที่มีความหมายกว้าง (Umbrella Terms),นามทั่วไป
ภูเขา,0,คำที่มีความหมายกว้าง (Umbrella Terms),นามทั่วไป
บริเวณ,0,คำที่มีความหมายกว้าง (Umbrella Terms),นามทั่วไป
เพลงรำซิมารำ,0,คำที่มีความหมายกว้าง (Umbrella Terms),นามทั่วไป
เชื้อชาติ,0,คำที่มีความหมายกว้าง (Umbrella Terms),นามทั่วไป
ฝั่งน้ำ,0,คำที่มีความหมายกว้าง (Umbrella Terms),นามทั่วไป
หญิงสาว,1,คำที่มีความหมายกว้าง (Umbrella Terms),นามทั่วไป
โบราณวัตถุ,1,คำที่มีความหมายกว้าง (Umbrella Terms),นามทั่วไป
นางเอก,1,คำที่มีความหมายกว้าง (Umbrella Terms),นามทั่วไป
มโนราห์,1,คำที่มีความหมายกว้าง (Umbrella Terms),นามทั่วไป
สร้างสรรค์,1,คำเชิงนามธรรม หรือ คำเชิงประเมินค่า (Abstract or Evaluative Terms),แสดงความคิดเห็น
แกล้งทำ,1,คำเชิงนามธรรม หรือ คำเชิงประเมินค่า (Abstract or Evaluative Terms),แสดงพฤติกรรม
ศิลปะป้องกันตัว,1,คำเฉพาะโดเมนที่พบบ่อยเกินไป (Domain-Specific Overuse),คำเฉพาะโดเมน
หลักปฏิบัติ,2,คำที่มีความหมายกว้าง (Umbrella Terms),นามทั่วไป
ชุมนุม,2,คำที่มีความหมายกว้าง (Umbrella Terms),นามทั่วไป
วิรุณจำบัง,2,คำที่มีความหมายกว้าง (Umbrella Terms),นามทั่วไป
สุรินทร์,2,คำที่มีความหมายกว้าง (Umbrella Terms),นามทั่วไป
อิริยาบถ,2,คำที่มีความหมายกว้าง (Umbrella Terms),นามทั่วไป
มือเปล่า,2,คำที่มีความหมายกว้าง (Umbrella Terms),นามทั่วไป
บุคคล,3,คำที่มีความหมายกว้าง (Umbrella Terms),นามทั่วไป
ความไพเราะ,3,คำเชิงนามธรรม หรือ คำเชิงประเมินค่า (Abstract or Evaluative Terms),แสดงความรู้สึก
ความเคารพ,3,คำเชิงนามธรรม หรือ คำเชิงประเมินค่า (Abstract or Evaluative Terms),แสดงความรู้สึก
โลดโผน,3,คำเชิงนามธรรม หรือ คำเชิงประเมินค่า (Abstract or Evaluative Terms),แสดงพฤติกรรม
เข้าเฝ้า,3,คำเฉพาะโดเมนที่พบบ่อยเกินไป (Domain-Specific Overuse),คำเฉพาะโดเมน
วาดภาพ,3,คำเฉพาะโดเมนที่พบบ่อยเกินไป (Domain-Specific Overuse),คำเฉพาะโดเมน
รูปแบบ,0,คำที่มีความหมายกว้าง (Umbrella Terms),นามทั่วไป ใช้เป็นหมวดหมู่
ระดับชาติ,0,คำที่มีความหมายกว้าง (Umbrella Terms),นามทั่วไป ใช้เป็นหมวดหมู่
พระราชพิธี,0,คำที่มีความหมายกว้าง (Umbrella Terms),นามทั่วไป ใช้เป็นหมวดหมู่
การแสดง,0,คำเฉพาะโดเมนที่พบบ่อยเกินไป (Domain-Specific Overuse),คำพื้นฐานในโดเมน ทำให้จำแนกต่ำ
ทางการ,1,คำที่มีความหมายกว้าง (Umbrella Terms),นามทั่วไป ใช้เป็นหมวดหมู่
ทางวัฒนธรรม,1,คำที่มีความหมายกว้าง (Umbrella Terms),นามทั่วไป ใช้เป็นหมวดหมู่
ความประทับใจ,1,คำเชิงนามธรรม หรือ คำเชิงประเมินค่า (Abstract or Evaluative Terms),แสดงความรู้สึก/คุณค่า
ศิลปหัตถกรรม,1,คำเฉพาะโดเมนที่พบบ่อยเกินไป (Domain-Specific Overuse),คำพื้นฐานในโดเมน ทำให้จำแนกต่ำ
แห่งชาติ,2,คำที่มีความหมายกว้าง (Umbrella Terms),นามทั่วไป ใช้เป็นหมวดหมู่
เถิดเทิง,2,คำเชิงนามธรรม หรือ คำเชิงประเมินค่า (Abstract or Evaluative Terms),แสดงความรู้สึก/คุณค่า
ความบันเทิง,3,คำเชิงนามธรรม หรือ คำเชิงประเมินค่า (Abstract or Evaluative Terms),แสดงความรู้สึก/คุณค่า
สนุกสนาน,3,คำเชิงนามธรรม หรือ คำเชิงประเมินค่า (Abstract or Evaluative Terms),แสดงความรู้สึก/คุณค่า
ดนตรีพื้นบ้าน,3,คำเฉพาะโดเมนที่พบบ่อยเกินไป (Domain-Specific Overuse),คำพื้นฐานในโดเมน ทำให้จำแนกต่ำ
ที่มา,0,คำที่มีความหมายกว้าง (Umbrella Terms),นามทั่วไป ใช้เป็นหมวดหมู่
ศิลปวัฒนธรรม,0,คำเฉพาะโดเมนที่พบบ่อยเกินไป (Domain-Specific Overuse),คำพื้นฐานในโดเมน ทำให้จำแนกต่ำ
มูลเหตุ,1,คำที่มีความหมายกว้าง (Umbrella Terms),นามทั่วไป ใช้เป็นหมวดหมู่
ความสำคัญ,1,คำเชิงนามธรรม หรือ คำเชิงประเมินค่า (Abstract or Evaluative Terms),แสดงความคิดเห็น/คุณค่า
เริงใจ,2,คำเชิงนามธรรม หรือ คำเชิงประเมินค่า (Abstract or Evaluative Terms),แสดงความรู้สึก/คุณค่า
ความมีน้ำใจ,3,คำเชิงนามธรรม หรือ คำเชิงประเมินค่า (Abstract or Evaluative Terms),แสดงความคิดเห็น/คุณค่า
เกียรติยศ,3,คำเชิงนามธรรม หรือ คำเชิงประเมินค่า (Abstract or Evaluative Terms),แสดงความคิดเห็น/คุณค่า
สาวงาม,3,คำเชิงนามธรรม หรือ คำเชิงประเมินค่า (Abstract or Evaluative Terms),แสดงคุณค่า/ความคิดเห็น
จังหวัด,3,คำที่มีความหมายกว้าง (Umbrella Terms),นามทั่วไป ใช้เป็นหมวดหมู่
ฟ้อนรำ,0,คำเฉพาะโดเมนที่พบบ่อยเกินไป (Domain-Specific Overuse),คำพื้นฐานในโดเมน ทำให้จำแนกต่ำ
ระบำ,0,คำเฉพาะโดเมนที่พบบ่อยเกินไป (Domain-Specific Overuse),คำพื้นฐานในโดเมน ทำให้จำแนกต่ำ
เครื่องดนตรีตะวันตก,0,คำเฉพาะโดเมนที่พบบ่อยเกินไป (Domain-Specific Overuse),คำพื้นฐานในโดเมน ทำให้จำแนกต่ำ
ขึ้นทะเบียน,0,คำเฉพาะโดเมนที่พบบ่อยเกินไป (Domain-Specific Overuse),คำพื้นฐานในโดเมน ทำให้จำแนกต่ำ
นิสัย,0,คำเฉพาะโดเมนที่พบบ่อยเกินไป (Domain-Specific Overuse),คำพื้นฐานในโดเมน ทำให้จำแนกต่ำ
สังข์ทอง,0,คำเฉพาะโดเมนที่พบบ่อยเกินไป (Domain-Specific Overuse),คำพื้นฐานในโดเมน ทำให้จำแนกต่ำ
ชีวิต,1,คำที่มีความหมายกว้าง (Umbrella Terms),นามทั่วไป ใช้เป็นหมวดหมู่
รูปร่าง,1,คำที่มีความหมายกว้าง (Umbrella Terms),นามทั่วไป ใช้เป็นหมวดหมู่
ผู้หญิง,1,คำที่มีความหมายกว้าง (Umbrella Terms),นามทั่วไป ใช้เป็นหมวดหมู่
ราชสำนัก,1,คำเฉพาะโดเมนที่พบบ่อยเกินไป (Domain-Specific Overuse),คำพื้นฐานในโดเมน ทำให้จำแนกต่ำ
นนทก,1,คำเฉพาะโดเมนที่พบบ่อยเกินไป (Domain-Specific Overuse),คำพื้นฐานในโดเมน ทำให้จำแนกต่ำ
มังกรกัณฐ์,1,คำเฉพาะโดเมนที่พบบ่อยเกินไป (Domain-Specific Overuse),คำพื้นฐานในโดเมน ทำให้จำแนกต่ำ
เพลงสำเนียงลาว,1,คำเฉพาะโดเมนที่พบบ่อยเกินไป (Domain-Specific Overuse),คำพื้นฐานในโดเมน ทำให้จำแนกต่ำ
ฮินดู,1,คำเฉพาะโดเมนที่พบบ่อยเกินไป (Domain-Specific Overuse),คำพื้นฐานในโดเมน ทำให้จำแนกต่ำ
วิดน้ำ,1,คำเฉพาะโดเมนที่พบบ่อยเกินไป (Domain-Specific Overuse),คำพื้นฐานในโดเมน ทำให้จำแนกต่ำ
รับอาสา,1,คำเฉพาะโดเมนที่พบบ่อยเกินไป (Domain-Specific Overuse),คำพื้นฐานในโดเมน ทำให้จำแนกต่ำ
หล่อสำริด,2,คำที่มีความหมายกว้าง (Umbrella Terms),นามทั่วไป ใช้เป็นหมวดหมู่
แนวความคิด,2,คำที่มีความหมายกว้าง (Umbrella Terms),นามทั่วไป ใช้เป็นหมวดหมู่
รุ่นหลัง,2,คำที่มีความหมายกว้าง (Umbrella Terms),นามทั่วไป ใช้เป็นหมวดหมู่
ยั่วเย้า,2,คำเชิงนามธรรม หรือ คำเชิงประเมินค่า (Abstract or Evaluative Terms),แสดงความรู้สึก/คุณค่า
อสูร,2,คำเฉพาะโดเมนที่พบบ่อยเกินไป (Domain-Specific Overuse),คำพื้นฐานในโดเมน ทำให้จำแนกต่ำ
พระอุโบสถ,3,คำที่มีความหมายกว้าง (Umbrella Terms),นามทั่วไป ใช้เป็นหมวดหมู่
มีแบบแผน,3,คำที่มีความหมายกว้าง (Umbrella Terms),นามทั่วไป ใช้เป็นหมวดหมู่
วรรณคดี,3,คำที่มีความหมายกว้าง (Umbrella Terms),นามทั่วไป ใช้เป็นหมวดหมู่
ของป่า,3,คำที่มีความหมายกว้าง (Umbrella Terms),นามทั่วไป ใช้เป็นหมวดหมู่
พราหมณ์,3,คำที่มีความหมายกว้าง (Umbrella Terms),นามทั่วไป ใช้เป็นหมวดหมู่
เจ้าเมือง,3,คำที่มีความหมายกว้าง (Umbrella Terms),นามทั่วไป ใช้เป็นหมวดหมู่
เพทาย,3,คำที่มีความหมายกว้าง (Umbrella Terms),นามทั่วไป ใช้เป็นหมวดหมู่
อาหาร,0,คำที่มีความหมายกว้าง (Umbrella Terms),นามทั่วไป ใช้เป็นหมวดหมู่
ทิศตะวันตก,0,คำที่มีความหมายกว้าง (Umbrella Terms),นามทั่วไป ใช้เป็นหมวดหมู่
พระยา,0,คำที่มีความหมายกว้าง (Umbrella Terms),นามทั่วไป ใช้เป็นหมวดหมู่
กรุงเทพมหานคร,0,คำที่มีความหมายกว้าง (Umbrella Terms),นามทั่วไป ใช้เป็นหมวดหมู่
ไทยรามัญ,0,คำที่มีความหมายกว้าง (Umbrella Terms),นามทั่วไป ใช้เป็นหมวดหมู่
พระพี่เลี้ยง,0,คำที่มีความหมายกว้าง (Umbrella Terms),นามทั่วไป ใช้เป็นหมวดหมู่
ดวงแก้ว,0,คำที่มีความหมายกว้าง (Umbrella Terms),นามทั่วไป ใช้เป็นหมวดหมู่
อ่อนช้อย,0,คำที่มีความหมายกว้าง (Umbrella Terms),นามทั่วไป ใช้เป็นหมวดหมู่
เข้าพบ,1,คำที่มีความหมายกว้าง (Umbrella Terms),นามทั่วไป ใช้เป็นหมวดหมู่
มีวัฒนธรรม,1,คำที่มีความหมายกว้าง (Umbrella Terms),นามทั่วไป ใช้เป็นหมวดหมู่
สุทธาวาส,1,คำที่มีความหมายกว้าง (Umbrella Terms),นามทั่วไป ใช้เป็นหมวดหมู่
ปางลีลา,1,คำที่มีความหมายกว้าง (Umbrella Terms),นามทั่วไป ใช้เป็นหมวดหมู่
เขาอังกาศ,1,คำที่มีความหมายกว้าง (Umbrella Terms),นามทั่วไป ใช้เป็นหมวดหมู่
กระบวนท่า,1,คำที่มีความหมายกว้าง (Umbrella Terms),นามทั่วไป ใช้เป็นหมวดหมู่
จิตรกรรม,1,คำที่มีความหมายกว้าง (Umbrella Terms),นามทั่วไป ใช้เป็นหมวดหมู่
นครราชสีมา,1,คำที่มีความหมายกว้าง (Umbrella Terms),นามทั่วไป ใช้เป็นหมวดหมู่
แหลมมลายู,1,คำที่มีความหมายกว้าง (Umbrella Terms),นามทั่วไป ใช้เป็นหมวดหมู่
สังสรรค์,2,คำที่มีความหมายกว้าง (Umbrella Terms),นามทั่วไป ใช้เป็นหมวดหมู่
บุหรงซีงอ,2,คำที่มีความหมายกว้าง (Umbrella Terms),นามทั่วไป ใช้เป็นหมวดหมู่
แผ่นดิน,2,คำที่มีความหมายกว้าง (Umbrella Terms),นามทั่วไป ใช้เป็นหมวดหมู่
ชาวพื้นเมือง,2,คำที่มีความหมายกว้าง (Umbrella Terms),นามทั่วไป ใช้เป็นหมวดหมู่
ชายแดน,2,คำที่มีความหมายกว้าง (Umbrella Terms),นามทั่วไป ใช้เป็นหมวดหมู่
การบรรเลง,3,คำที่มีความหมายกว้าง (Umbrella Terms),นามทั่วไป ใช้เป็นหมวดหมู่
เพลงสากล,3,คำที่มีความหมายกว้าง (Umbrella Terms),นามทั่วไป ใช้เป็นหมวดหมู่
อเนก,3,คำที่มีความหมายกว้าง (Umbrella Terms),นามทั่วไป ใช้เป็นหมวดหมู่
เมืองหลวง,3,คำที่มีความหมายกว้าง (Umbrella Terms),นามทั่วไป ใช้เป็นหมวดหมู่
สิริมงคล,3,คำที่มีความหมายกว้าง (Umbrella Terms),นามทั่วไป ใช้เป็นหมวดหมู่
ภาษา,0,คำที่มีความหมายกว้าง (Umbrella Terms),นามทั่วไป ใช้เป็นหมวดหมู่
ศักดิ์สิทธิ์,0,คำเชิงนามธรรม หรือ คำเชิงประเมินค่า (Abstract or Evaluative Terms),แสดงคุณค่า/ความคิดเห็น
การแสดงพื้นเมือง,0,คำเฉพาะโดเมนที่พบบ่อยเกินไป (Domain-Specific Overuse),คำพื้นฐานในโดเมน ทำให้จำแนกต่ำ
ระบำโบราณคดี,0,คำเฉพาะโดเมนที่พบบ่อยเกินไป (Domain-Specific Overuse),คำพื้นฐานในโดเมน ทำให้จำแนกต่ำ
สำนึก,1,คำเชิงนามธรรม หรือ คำเชิงประเมินค่า (Abstract or Evaluative Terms),แสดงความรู้สึก/ความคิดเห็น
การเดินทาง,2,คำที่มีความหมายกว้าง (Umbrella Terms),นามทั่วไป ใช้เป็นหมวดหมู่
ผู้เชี่ยวชาญ,2,คำที่มีความหมายกว้าง (Umbrella Terms),นามทั่วไป ใช้เป็นหมวดหมู่
สวยงาม,2,คำเชิงนามธรรม หรือ คำเชิงประเมินค่า (Abstract or Evaluative Terms),แสดงคุณค่า/ความคิดเห็น
สะล้อ,2,คำเฉพาะโดเมนที่พบบ่อยเกินไป (Domain-Specific Overuse),คำพื้นฐานในโดเมน ทำให้จำแนกต่ำ
กลองสะบัดชัย,2,คำเฉพาะโดเมนที่พบบ่อยเกินไป (Domain-Specific Overuse),คำพื้นฐานในโดเมน ทำให้จำแนกต่ำ
ชาวบ้าน,3,คำที่มีความหมายกว้าง (Umbrella Terms),นามทั่วไป ใช้เป็นหมวดหมู่
โบราณสถาน,3,คำเฉพาะโดเมนที่พบบ่อยเกินไป (Domain-Specific Overuse),คำพื้นฐานในโดเมน ทำให้จำแนกต่ำ
พระลาน,0,คำที่มีความหมายกว้าง (Umbrella Terms),นามทั่วไป ใช้เป็นหมวดหมู่
ข้าศึก,0,คำที่มีความหมายกว้าง (Umbrella Terms),นามทั่วไป ใช้เป็นหมวดหมู่
เจ้าดารารัศมี,0,คำที่มีความหมายกว้าง (Umbrella Terms),นามทั่วไป ใช้เป็นหมวดหมู่
พระราชวังบวรสถานมงคล,0,คำที่มีความหมายกว้าง (Umbrella Terms),นามทั่วไป ใช้เป็นหมวดหมู่
สมมุติเทพ,0,คำที่มีความหมายกว้าง (Umbrella Terms),นามทั่วไป ใช้เป็นหมวดหมู่
เนื้อเรื่อง,0,คำที่มีความหมายกว้าง (Umbrella Terms),นามทั่วไป ใช้เป็นหมวดหมู่
พี่เลี้ยง,0,คำที่มีความหมายกว้าง (Umbrella Terms),นามทั่วไป ใช้เป็นหมวดหมู่
หางนกยูง,0,คำที่มีความหมายกว้าง (Umbrella Terms),นามทั่วไป ใช้เป็นหมวดหมู่
ความเข้มแข็ง,1,คำที่มีความหมายกว้าง (Umbrella Terms),นามทั่วไป ใช้เป็นหมวดหมู่
เสียงดนตรี,1,คำที่มีความหมายกว้าง (Umbrella Terms),นามทั่วไป ใช้เป็นหมวดหมู่
มนุษยชาติ,1,คำที่มีความหมายกว้าง (Umbrella Terms),นามทั่วไป ใช้เป็นหมวดหมู่
กิริยา,1,คำที่มีความหมายกว้าง (Umbrella Terms),นามทั่วไป ใช้เป็นหมวดหมู่
แนวคิด,1,คำที่มีความหมายกว้าง (Umbrella Terms),นามทั่วไป ใช้เป็นหมวดหมู่
สายน้ำ,1,คำที่มีความหมายกว้าง (Umbrella Terms),นามทั่วไป ใช้เป็นหมวดหมู่
ความสัมพันธ์,1,คำที่มีความหมายกว้าง (Umbrella Terms),นามทั่วไป ใช้เป็นหมวดหมู่
ต้นแบบ,1,คำที่มีความหมายกว้าง (Umbrella Terms),นามทั่วไป ใช้เป็นหมวดหมู่
อุณรุท,1,คำที่มีความหมายกว้าง (Umbrella Terms),นามทั่วไป ใช้เป็นหมวดหมู่
ประดุจ,2,คำที่มีความหมายกว้าง (Umbrella Terms),นามทั่วไป ใช้เป็นหมวดหมู่
อัญมณี,2,คำที่มีความหมายกว้าง (Umbrella Terms),นามทั่วไป ใช้เป็นหมวดหมู่
กระทุ้ง,2,คำที่มีความหมายกว้าง (Umbrella Terms),นามทั่วไป ใช้เป็นหมวดหมู่
ซุกซน,2,คำที่มีความหมายกว้าง (Umbrella Terms),นามทั่วไป ใช้เป็นหมวดหมู่
ปารวตี,2,คำที่มีความหมายกว้าง (Umbrella Terms),นามทั่วไป ใช้เป็นหมวดหมู่
บุรุษ,2,คำที่มีความหมายกว้าง (Umbrella Terms),นามทั่วไป ใช้เป็นหมวดหมู่
ผ้าไหม,3,คำที่มีความหมายกว้าง (Umbrella Terms),นามทั่วไป ใช้เป็นหมวดหมู่
ชั้นเชิง,3,คำที่มีความหมายกว้าง (Umbrella Terms),นามทั่วไป ใช้เป็นหมวดหมู่
ภูมิปัญญา,3,คำที่มีความหมายกว้าง (Umbrella Terms),นามทั่วไป ใช้เป็นหมวดหมู่
ลีลา,3,คำที่มีความหมายกว้าง (Umbrella Terms),นามทั่วไป ใช้เป็นหมวดหมู่
จัดแสดง,3,คำที่มีความหมายกว้าง (Umbrella Terms),นามทั่วไป ใช้เป็นหมวดหมู่
ทำพิธี,3,คำที่มีความหมายกว้าง (Umbrella Terms),นามทั่วไป ใช้เป็นหมวดหมู่
ละคร,3,คำที่มีความหมายกว้าง (Umbrella Terms),นามทั่วไป ใช้เป็นหมวดหมู่
ความหลากหลาย,0,คำที่มีความหมายกว้าง (Umbrella Terms),นามทั่วไป ใช้เป็นหมวดหมู่
เครื่องประดับ,0,คำที่มีความหมายกว้าง (Umbrella Terms),นามทั่วไป ใช้ได้หลายบริบท
ร่มพระบารมี,0,คำเชิงนามธรรม หรือ คำเชิงประเมินค่า (Abstract or Evaluative Terms),แสดงแนวคิด/ความเชื่อ
วัฒนธรรม,0,คำเฉพาะโดเมนที่พบบ่อยเกินไป (Domain-Specific Overuse),คำพื้นฐานในโดเมน ทำให้จำแนกต่ำ
ชาติพันธุ์,1,คำที่มีความหมายกว้าง (Umbrella Terms),นามทั่วไป ใช้เป็นหมวดหมู่
การแต่งกาย,1,คำที่มีความหมายกว้าง (Umbrella Terms),นามทั่วไป ใช้ได้หลายบริบท
การแปร,1,คำที่มีความหมายกว้าง (Umbrella Terms),นามทั่วไป ใช้ได้หลายบริบท
กระบวน,1,คำที่มีความหมายกว้าง (Umbrella Terms),นามทั่วไป ใช้ได้หลายบริบท
พระคุณ,1,คำเชิงนามธรรม หรือ คำเชิงประเมินค่า (Abstract or Evaluative Terms),แสดงแนวคิด/ความเชื่อ
ตัวละคร,1,คำเฉพาะโดเมนที่พบบ่อยเกินไป (Domain-Specific Overuse),คำพื้นฐานในโดเมน ทำให้จำแนกต่ำ
การร้อง,1,คำเฉพาะโดเมนที่พบบ่อยเกินไป (Domain-Specific Overuse),คำพื้นฐานในโดเมน ทำให้จำแนกต่ำ
กิริยาอาการ,2,คำที่มีความหมายกว้าง (Umbrella Terms),นามทั่วไป ใช้ได้หลายบริบท
การดำเนินชีวิต,2,คำที่มีความหมายกว้าง (Umbrella Terms),นามทั่วไป ใช้ได้หลายบริบท
เสนียดจัญไร,2,คำเชิงนามธรรม หรือ คำเชิงประเมินค่า (Abstract or Evaluative Terms),แสดงความรู้สึก/คุณค่า
ค้าขาย,3,คำที่มีความหมายกว้าง (Umbrella Terms),นามทั่วไป ใช้ได้หลายบริบท
ผู้แสดง,3,คำที่มีความหมายกว้าง (Umbrella Terms),นามทั่วไป ใช้ได้หลายบริบท
ชั้นใน,3,คำที่มีความหมายกว้าง (Umbrella Terms),นามทั่วไป ใช้ได้หลายบริบท
รับใช้,3,คำที่มีความหมายกว้าง (Umbrella Terms),นามทั่วไป ใช้ได้หลายบริบท
ความร่มเย็น,3,คำเชิงนามธรรม หรือ คำเชิงประเมินค่า (Abstract or Evaluative Terms),แสดงความรู้สึก/คุณค่า
ร่างกาย,0,คำที่มีความหมายกว้าง (Umbrella Terms),นามทั่วไป ใช้เป็นหมวดหมู่
ประเทศ,1,คำที่มีความหมายกว้าง (Umbrella Terms),นามทั่วไป ใช้เป็นหมวดหมู่
ผู้ประดิษฐ์,1,คำที่มีความหมายกว้าง (Umbrella Terms),นามทั่วไป ใช้เป็นหมวดหมู่
ผู้ชม,1,คำที่มีความหมายกว้าง (Umbrella Terms),นามทั่วไป ใช้เป็นหมวดหมู่
ความงาม,1,คำเชิงนามธรรม หรือ คำเชิงประเมินค่า (Abstract or Evaluative Terms),แสดงคุณค่า/ความคิดเห็น
นาฏศิลป์พื้นบ้าน,1,คำเฉพาะโดเมนที่พบบ่อยเกินไป (Domain-Specific Overuse),คำพื้นฐานในโดเมน ทำให้จำแนกต่ำ
การประกอบอาชีพ,2,คำที่มีความหมายกว้าง (Umbrella Terms),นามทั่วไป ใช้เป็นหมวดหมู่
ประกอบอาชีพ,3,คำซ้ำซ้อน หรือ คำพ้องความหมาย (Redundant or Synonym),ความหมายซ้ำกับ `การประกอบอาชีพ`
ขั้นตอน,0,คำที่มีความหมายกว้าง (Umbrella Terms),นามทั่วไป ใช้เป็นหมวดหมู่
ประชากร,1,คำที่มีความหมายกว้าง (Umbrella Terms),นามทั่วไป ใช้เป็นหมวดหมู่
เครื่องดนตรี,3,คำเฉพาะโดเมนที่พบบ่อยเกินไป (Domain-Specific Overuse),คำพื้นฐานในโดเมน ทำให้จำแนกต่ำ
ทำนองเพลง,3,คำเฉพาะโดเมนที่พบบ่อยเกินไป (Domain-Specific Overuse),คำพื้นฐานในโดเมน ทำให้จำแนกต่ำ
ประทับ,3,คำเฉพาะโดเมนที่พบบ่อยเกินไป (Domain-Specific Overuse),คำพื้นฐานในโดเมน ทำให้จำแนกต่ำ
ขนเพชร,3,คำเฉพาะโดเมนที่พบบ่อยเกินไป (Domain-Specific Overuse),คำพื้นฐานในโดเมน ทำให้จำแนกต่ำ
มวยไทย,3,คำเฉพาะโดเมนที่พบบ่อยเกินไป (Domain-Specific Overuse),คำพื้นฐานในโดเมน ทำให้จำแนกต่ำ
ไตรรงค์,3,คำเฉพาะโดเมนที่พบบ่อยเกินไป (Domain-Specific Overuse),คำพื้นฐานในโดเมน ทำให้จำแนกต่ำ
พุทธศตวรรษ,3,คำเฉพาะโดเมนที่พบบ่อยเกินไป (Domain-Specific Overuse),คำพื้นฐานในโดเมน ทำให้จำแนกต่ำ
กะลา,2,คำที่มีความหมายกว้าง (Umbrella Terms),นามทั่วไป ใช้เป็นหมวดหมู่
ร้ายกาจ,2,คำเชิงนามธรรม หรือ คำเชิงประเมินค่า (Abstract or Evaluative Terms),แสดงความรู้สึก/คุณค่า
ความชำนาญ,2,คำเชิงนามธรรม หรือ คำเชิงประเมินค่า (Abstract or Evaluative Terms),แสดงความรู้สึก/คุณค่า
ภูมิภาค,0,คำที่มีความหมายกว้าง (Umbrella Terms),นามทั่วไป ใช้เป็นหมวดหมู่
ชาวไทย,0,คำที่มีความหมายกว้าง (Umbrella Terms),นามทั่วไป ใช้เป็นหมวดหมู่
โบราณ,0,คำเฉพาะโดเมนที่พบบ่อยเกินไป (Domain-Specific Overuse),คำพื้นฐานในโดเมน ทำให้จำแนกต่ำ
แหล่งน้ำ,1,คำที่มีความหมายกว้าง (Umbrella Terms),นามทั่วไป ใช้เป็นหมวดหมู่
ความตาย,1,คำเชิงนามธรรม หรือ คำเชิงประเมินค่า (Abstract or Evaluative Terms),แสดงแนวคิดนามธรรม
ยุติธรรม,1,คำเชิงนามธรรม หรือ คำเชิงประเมินค่า (Abstract or Evaluative Terms),แสดงแนวคิดนามธรรม
ท่าทาง,2,คำที่มีความหมายกว้าง (Umbrella Terms),นามทั่วไป ใช้เป็นหมวดหมู่
ความเพลิดเพลิน,2,คำเชิงนามธรรม หรือ คำเชิงประเมินค่า (Abstract or Evaluative Terms),แสดงความรู้สึก/คุณค่า
กระบวนการ,3,คำที่มีความหมายกว้าง (Umbrella Terms),นามทั่วไป ใช้เป็นหมวดหมู่
การสอน,3,คำที่มีความหมายกว้าง (Umbrella Terms),นามทั่วไป ใช้เป็นหมวดหมู่
ขอความช่วยเหลือ,3,คำเชิงนามธรรม หรือ คำเชิงประเมินค่า (Abstract or Evaluative Terms),แสดงแนวคิดนามธรรม
ลักษณะพิเศษ,0,คำที่มีความหมายกว้าง (Umbrella Terms),นามทั่วไป ใช้เป็นหมวดหมู่
คืนหนึ่ง,0,คำที่มีความหมายกว้าง (Umbrella Terms),นามทั่วไป ใช้เป็นหมวดหมู่
ชาวเหนือ,0,คำที่มีความหมายกว้าง (Umbrella Terms),นามทั่วไป ใช้เป็นหมวดหมู่
สมัยทวารวดี,0,คำที่มีความหมายกว้าง (Umbrella Terms),นามทั่วไป ใช้เป็นหมวดหมู่
มาจาก,1,คำที่มีความหมายกว้าง (Umbrella Terms),นามทั่วไป ใช้เป็นหมวดหมู่
กีฬา,1,คำที่มีความหมายกว้าง (Umbrella Terms),นามทั่วไป ใช้เป็นหมวดหมู่
รับสั่ง,1,คำที่มีความหมายกว้าง (Umbrella Terms),นามทั่วไป ใช้เป็นหมวดหมู่
การหลอมรวม,1,คำที่มีความหมายกว้าง (Umbrella Terms),นามทั่วไป ใช้เป็นหมวดหมู่
ความจงรักภักดี,1,คำเชิงนามธรรม หรือ คำเชิงประเมินค่า (Abstract or Evaluative Terms),แสดงความรู้สึก/คุณค่า
ธงไทย,2,คำที่มีความหมายกว้าง (Umbrella Terms),นามทั่วไป ใช้เป็นหมวดหมู่
กิริยาท่าทาง,2,คำที่มีความหมายกว้าง (Umbrella Terms),นามทั่วไป ใช้เป็นหมวดหมู่
ธัญญาหาร,2,คำที่มีความหมายกว้าง (Umbrella Terms),นามทั่วไป ใช้เป็นหมวดหมู่
ยูเนสโก,2,คำที่มีความหมายกว้าง (Umbrella Terms),นามทั่วไป ใช้เป็นหมวดหมู่
สากตำข้าว,3,คำที่มีความหมายกว้าง (Umbrella Terms),นามทั่วไป ใช้เป็นหมวดหมู่
นางโรย,3,คำที่มีความหมายกว้าง (Umbrella Terms),นามทั่วไป ใช้เป็นหมวดหมู่
ละครพันทาง,3,คำที่มีความหมายกว้าง (Umbrella Terms),นามทั่วไป ใช้เป็นหมวดหมู่
โอกาส,3,คำที่มีความหมายกว้าง (Umbrella Terms),นามทั่วไป ใช้เป็นหมวดหมู่
พืชพรรณ,3,คำที่มีความหมายกว้าง (Umbrella Terms),นามทั่วไป ใช้เป็นหมวดหมู่
ทำนอง,3,คำที่มีความหมายกว้าง (Umbrella Terms),นามทั่วไป ใช้เป็นหมวดหมู่
พบปะ,3,คำที่มีความหมายกว้าง (Umbrella Terms),นามทั่วไป ใช้เป็นหมวดหมู่
นำเสนอ,3,คำที่มีความหมายกว้าง (Umbrella Terms),นามทั่วไป ใช้เป็นหมวดหมู่
มรดกวัฒนธรรม,3,คำที่มีความหมายกว้าง (Umbrella Terms),นามทั่วไป ใช้เป็นหมวดหมู่
เครื่องดนตรีพื้นบ้าน,0,คำเฉพาะโดเมนที่พบบ่อยเกินไป (Domain-Specific Overuse),คำพื้นฐานในโดเมน ทำให้จำแนกต่ำ
คำร้อง,1,คำเฉพาะโดเมนที่พบบ่อยเกินไป (Domain-Specific Overuse),คำพื้นฐานในโดเมน ทำให้จำแนกต่ำ
อิทธิพล,2,คำที่มีความหมายกว้าง (Umbrella Terms),นามทั่วไป ใช้เป็นหมวดหมู่
สัญลักษณ์,2,คำที่มีความหมายกว้าง (Umbrella Terms),นามทั่วไป ใช้เป็นหมวดหมู่
อุปกรณ์,3,คำที่มีความหมายกว้าง (Umbrella Terms),นามทั่วไป ใช้เป็นหมวดหมู่
พี่น้อง,3,คำที่มีความหมายกว้าง (Umbrella Terms),นามทั่วไป ใช้เป็นหมวดหมู่
น้องชาย,3,คำที่มีความหมายกว้าง (Umbrella Terms),นามทั่วไป ใช้เป็นหมวดหมู่
การปั้น,3,คำเฉพาะโดเมนที่พบบ่อยเกินไป (Domain-Specific Overuse),คำพื้นฐานในโดเมน ทำให้จำแนกต่ำ
ขับร้อง,3,คำเฉพาะโดเมนที่พบบ่อยเกินไป (Domain-Specific Overuse),คำพื้นฐานในโดเมน ทำให้จำแนกต่ำ
ลักษณะ,0,คำที่มีความหมายกว้าง (Umbrella Terms),นามทั่วไป ใช้เป็นหมวดหมู่
การตีกลอง,0,คำเฉพาะโดเมนที่พบบ่อยเกินไป (Domain-Specific Overuse),คำพื้นฐานในโดเมน ทำให้จำแนกต่ำ
สง่างาม,1,คำเชิงนามธรรม หรือ คำเชิงประเมินค่า (Abstract or Evaluative Terms),แสดงคุณค่า/ความคิดเห็น
หล่อหลอม,1,คำเชิงนามธรรม หรือ คำเชิงประเมินค่า (Abstract or Evaluative Terms),แสดงแนวคิด/ความรู้สึก
หมดแรง,1,คำเชิงนามธรรม หรือ คำเชิงประเมินค่า (Abstract or Evaluative Terms),แสดงความรู้สึก/คุณค่า
จารีตประเพณี,1,คำเฉพาะโดเมนที่พบบ่อยเกินไป (Domain-Specific Overuse),คำพื้นฐานในโดเมน ทำให้จำแนกต่ำ
ความเป็นอยู่,2,คำที่มีความหมายกว้าง (Umbrella Terms),นามทั่วไป ใช้เป็นหมวดหมู่
คล่องแคล่ว,2,คำเชิงนามธรรม หรือ คำเชิงประเมินค่า (Abstract or Evaluative Terms),แสดงคุณค่า/ความคิดเห็น
วัตถุประสงค์,3,คำที่มีความหมายกว้าง (Umbrella Terms),นามทั่วไป ใช้เป็นหมวดหมู่
ความสามัคคี,3,คำเชิงนามธรรม หรือ คำเชิงประเมินค่า (Abstract or Evaluative Terms),แสดงแนวคิด/ความรู้สึก
การขับร้อง,3,คำเฉพาะโดเมนที่พบบ่อยเกินไป (Domain-Specific Overuse),คำพื้นฐานในโดเมน ทำให้จำแนกต่ำ
งานประติมากรรม,3,คำเฉพาะโดเมนที่พบบ่อยเกินไป (Domain-Specific Overuse),คำพื้นฐานในโดเมน ทำให้จำแนกต่ำ
เต้นสาก,3,คำเฉพาะโดเมนที่พบบ่อยเกินไป (Domain-Specific Overuse),คำพื้นฐานในโดเมน ทำให้จำแนกต่ำ
เมืองชมพู,0,คำที่มีความหมายกว้าง (Umbrella Terms),นามทั่วไป
สถานที่,1,คำที่มีความหมายกว้าง (Umbrella Terms),นามทั่วไป
พื้นที่,1,คำที่มีความหมายกว้าง (Umbrella Terms),นามทั่วไป
ความศรัทธา,0,คำเชิงนามธรรม หรือ คำเชิงประเมินค่า (Abstract or Evaluative Terms),แสดงความรู้สึก/คุณค่า
พิธีทางศาสนา,0,คำเฉพาะโดเมนที่พบบ่อยเกินไป (Domain-Specific Overuse),คำพื้นฐานในโดเมน
เครื่องประกอบจังหวะ,0,คำเฉพาะโดเมนที่พบบ่อยเกินไป (Domain-Specific Overuse),คำพื้นฐานในโดเมน
รังควาญ,1,คำที่มีความหมายกว้าง (Umbrella Terms),นามทั่วไป
นวัตกรรม,1,คำที่มีความหมายกว้าง (Umbrella Terms),นามทั่วไป
ระยะเวลา,2,คำที่มีความหมายกว้าง (Umbrella Terms),นามทั่วไป
ลำเพลิน,2,คำที่มีความหมายกว้าง (Umbrella Terms),นามทั่วไป
ฟันปลา,2,คำที่มีความหมายกว้าง (Umbrella Terms),นามทั่วไป
วันวาน,3,คำที่มีความหมายกว้าง (Umbrella Terms),นามทั่วไป
การดำรงชีวิต,3,คำที่มีความหมายกว้าง (Umbrella Terms),นามทั่วไป
ล้านนา,3,คำที่มีความหมายกว้าง (Umbrella Terms),นามทั่วไป
มหรสพ,3,คำเฉพาะโดเมนที่พบบ่อยเกินไป (Domain-Specific Overuse),คำพื้นฐานในโดเมน
เพลงลาวคำหอม,3,คำเฉพาะโดเมนที่พบบ่อยเกินไป (Domain-Specific Overuse),คำพื้นฐานในโดเมน
คำบอกเล่า,3,คำเฉพาะโดเมนที่พบบ่อยเกินไป (Domain-Specific Overuse),คำพื้นฐานในโดเมน
กองทัพ,0,คำที่มีความหมายกว้าง (Umbrella Terms),นามทั่วไป ใช้เป็นหมวดหมู่
กรุงเทพ,0,คำที่มีความหมายกว้าง (Umbrella Terms),นามทั่วไป ใช้เป็นหมวดหมู่
ประกอบการ,0,คำที่มีความหมายกว้าง (Umbrella Terms),นามทั่วไป ใช้เป็นหมวดหมู่
การรบ,0,คำที่มีความหมายกว้าง (Umbrella Terms),นามทั่วไป ใช้เป็นหมวดหมู่
ร่ายรำ,0,คำที่มีความหมายกว้าง (Umbrella Terms),นามทั่วไป ใช้เป็นหมวดหมู่
ออกรบ,0,คำที่มีความหมายกว้าง (Umbrella Terms),นามทั่วไป ใช้เป็นหมวดหมู่
ฉลองพระองค์,0,คำที่มีความหมายกว้าง (Umbrella Terms),นามทั่วไป ใช้เป็นหมวดหมู่
การให้กำเนิด,1,คำที่มีความหมายกว้าง (Umbrella Terms),นามทั่วไป ใช้เป็นหมวดหมู่
แม่น้ำโขง,1,คำที่มีความหมายกว้าง (Umbrella Terms),นามทั่วไป ใช้เป็นหมวดหมู่
หน้าบัน,1,คำที่มีความหมายกว้าง (Umbrella Terms),นามทั่วไป ใช้เป็นหมวดหมู่
นางกินรี,1,คำที่มีความหมายกว้าง (Umbrella Terms),นามทั่วไป ใช้เป็นหมวดหมู่
สัจจะ,1,คำที่มีความหมายกว้าง (Umbrella Terms),นามทั่วไป ใช้เป็นหมวดหมู่
กลุ่มชาติพันธุ์,1,คำที่มีความหมายกว้าง (Umbrella Terms),นามทั่วไป ใช้เป็นหมวดหมู่
กตเวที,1,คำที่มีความหมายกว้าง (Umbrella Terms),นามทั่วไป ใช้เป็นหมวดหมู่
สมัยสุโขทัย,1,คำที่มีความหมายกว้าง (Umbrella Terms),นามทั่วไป ใช้เป็นหมวดหมู่
วิชา,2,คำที่มีความหมายกว้าง (Umbrella Terms),นามทั่วไป ใช้เป็นหมวดหมู่
พระสวามี,2,คำที่มีความหมายกว้าง (Umbrella Terms),นามทั่วไป ใช้เป็นหมวดหมู่
กลยุทธ,2,คำที่มีความหมายกว้าง (Umbrella Terms),นามทั่วไป ใช้เป็นหมวดหมู่
ไพฑูรย์,2,คำที่มีความหมายกว้าง (Umbrella Terms),นามทั่วไป ใช้เป็นหมวดหมู่
กรรมวิธี,2,คำที่มีความหมายกว้าง (Umbrella Terms),นามทั่วไป ใช้เป็นหมวดหมู่
ไฟไหม้,2,คำที่มีความหมายกว้าง (Umbrella Terms),นามทั่วไป ใช้เป็นหมวดหมู่
ขี่ม้า,2,คำที่มีความหมายกว้าง (Umbrella Terms),นามทั่วไป ใช้เป็นหมวดหมู่
มีฤทธิ์,2,คำที่มีความหมายกว้าง (Umbrella Terms),นามทั่วไป ใช้เป็นหมวดหมู่
ทอผ้า,3,คำที่มีความหมายกว้าง (Umbrella Terms),นามทั่วไป ใช้เป็นหมวดหมู่
ความหมาย,3,คำที่มีความหมายกว้าง (Umbrella Terms),นามทั่วไป ใช้เป็นหมวดหมู่
ลอยน้ำ,3,คำที่มีความหมายกว้าง (Umbrella Terms),นามทั่วไป ใช้เป็นหมวดหมู่
การฟ้อนรำ,3,คำที่มีความหมายกว้าง (Umbrella Terms),นามทั่วไป ใช้เป็นหมวดหมู่
น้ำมันยาง,3,คำที่มีความหมายกว้าง (Umbrella Terms),นามทั่วไป ใช้เป็นหมวดหมู่
กลางคืน,0,คำที่มีความหมายกว้าง (Umbrella Terms),นามทั่วไป ใช้ได้หลายบริบท
ว่าการ,0,คำที่มีความหมายกว้าง (Umbrella Terms),นามทั่วไป ใช้ได้หลายบริบท
ความนิยม,0,คำที่มีความหมายกว้าง (Umbrella Terms),นามทั่วไป ใช้ได้หลายบริบท
ประเทศไทย,0,คำที่มีความหมายกว้าง (Umbrella Terms),นามทั่วไป ใช้เป็นหมวดหมู่
หน่อไม้,0,คำที่มีความหมายกว้าง (Umbrella Terms),นามทั่วไป ใช้ได้หลายบริบท
พระอินทร์,0,คำเฉพาะโดเมนที่พบบ่อยเกินไป (Domain-Specific Overuse),คำพื้นฐานในโดเมน ทำให้จำแนกต่ำ
ดาวดึงส์,0,คำเฉพาะโดเมนที่พบบ่อยเกินไป (Domain-Specific Overuse),คำพื้นฐานในโดเมน ทำให้จำแนกต่ำ
ชาวภูไท,0,คำเฉพาะโดเมนที่พบบ่อยเกินไป (Domain-Specific Overuse),คำพื้นฐานในโดเมน ทำให้จำแนกต่ำ
ลาวเวียง,0,คำเฉพาะโดเมนที่พบบ่อยเกินไป (Domain-Specific Overuse),คำพื้นฐานในโดเมน ทำให้จำแนกต่ำ
จังหวะ,0,คำเฉพาะโดเมนที่พบบ่อยเกินไป (Domain-Specific Overuse),คำพื้นฐานในโดเมน ทำให้จำแนกต่ำ
พระนิพนธ์,1,คำที่มีความหมายกว้าง (Umbrella Terms),นามทั่วไป ใช้ได้หลายบริบท
การโปรย,1,คำที่มีความหมายกว้าง (Umbrella Terms),นามทั่วไป ใช้ได้หลายบริบท
ดนตรีไทย,1,คำที่มีความหมายกว้าง (Umbrella Terms),นามทั่วไป ใช้ได้หลายบริบท
องคต,1,คำที่มีความหมายกว้าง (Umbrella Terms),นามทั่วไป ใช้ได้หลายบริบท
พละกำลัง,1,คำที่มีความหมายกว้าง (Umbrella Terms),นามทั่วไป ใช้ได้หลายบริบท
คำสั่ง,1,คำที่มีความหมายกว้าง (Umbrella Terms),นามทั่วไป ใช้ได้หลายบริบท
การร่ายรำ,1,คำที่มีความหมายกว้าง (Umbrella Terms),นามทั่วไป ใช้ได้หลายบริบท
ลิลิตพระลอ,1,คำที่มีความหมายกว้าง (Umbrella Terms),นามทั่วไป ใช้ได้หลายบริบท
งดงาม,1,คำเชิงนามธรรม หรือ คำเชิงประเมินค่า (Abstract or Evaluative Terms),แสดงคุณค่า/ความคิดเห็น
การต่อสู้,2,คำที่มีความหมายกว้าง (Umbrella Terms),นามทั่วไป ใช้ได้หลายบริบท
ข้างใน,2,คำที่มีความหมายกว้าง (Umbrella Terms),นามทั่วไป ใช้ได้หลายบริบท
ธรรมชาติ,2,คำที่มีความหมายกว้าง (Umbrella Terms),นามทั่วไป ใช้ได้หลายบริบท
เลียนแบบ,2,คำที่มีความหมายกว้าง (Umbrella Terms),นามทั่วไป ใช้ได้หลายบริบท
ป้องกันตัว,2,คำที่มีความหมายกว้าง (Umbrella Terms),นามทั่วไป ใช้ได้หลายบริบท
ความสุข,2,คำเชิงนามธรรม หรือ คำเชิงประเมินค่า (Abstract or Evaluative Terms),แสดงความรู้สึก/คุณค่า
ผู้พบเห็น,3,คำที่มีความหมายกว้าง (Umbrella Terms),นามทั่วไป ใช้ได้หลายบริบท
อยุธยา,3,คำที่มีความหมายกว้าง (Umbrella Terms),นามทั่วไป ใช้เป็นหมวดหมู่
เพลงฟ้อนดวงดอกไม้,3,คำเฉพาะโดเมนที่พบบ่อยเกินไป (Domain-Specific Overuse),คำพื้นฐานในโดเมน ทำให้จำแนกต่ำ
ละครเสภา,3,คำเฉพาะโดเมนที่พบบ่อยเกินไป (Domain-Specific Overuse),คำพื้นฐานในโดเมน ทำให้จำแนกต่ำ
ประวัติศาสตร์,0,คำที่มีความหมายกว้าง (Umbrella Terms),นามทั่วไป ใช้เป็นหมวดหมู่
ภาคตะวันออกเฉียงเหนือ,0,คำที่มีความหมายกว้าง (Umbrella Terms),นามทั่วไป ใช้เป็นหมวดหมู่
วัตถุดิบ,1,คำที่มีความหมายกว้าง (Umbrella Terms),นามทั่วไป ใช้เป็นหมวดหมู่
กิจกรรม,3,คำที่มีความหมายกว้าง (Umbrella Terms),นามทั่วไป ใช้เป็นหมวดหมู่
ความภาคภูมิใจ,1,คำเชิงนามธรรม หรือ คำเชิงประเมินค่า (Abstract or Evaluative Terms),แสดงความรู้สึก/คุณค่า
การดีด,1,คำเฉพาะโดเมนที่พบบ่อยเกินไป (Domain-Specific Overuse),คำพื้นฐานในโดเมน ทำให้จำแนกต่ำ
จองถนน,2,คำที่มีความหมายกว้าง (Umbrella Terms),นามทั่วไป ใช้เป็นหมวดหมู่
รำมาตรฐาน,2,คำเฉพาะโดเมนที่พบบ่อยเกินไป (Domain-Specific Overuse),คำพื้นฐานในโดเมน ทำให้จำแนกต่ำ
ตะวันตก,3,คำที่มีความหมายกว้าง (Umbrella Terms),นามทั่วไป ใช้เป็นหมวดหมู่
เรื่องใหญ่,3,คำที่มีความหมายกว้าง (Umbrella Terms),นามทั่วไป ใช้เป็นหมวดหมู่
ภาคกลาง,3,คำที่มีความหมายกว้าง (Umbrella Terms),นามทั่วไป ใช้เป็นหมวดหมู่
พื้นบ้านภาคใต้,3,คำเฉพาะโดเมนที่พบบ่อยเกินไป (Domain-Specific Overuse),คำพื้นฐานในโดเมน ทำให้จำแนกต่ำ
ดนตรี,0,คำเฉพาะโดเมนที่พบบ่อยเกินไป (Domain-Specific Overuse),คำพื้นฐานในโดเมน ทำให้จำแนกต่ำ
ข่ายเหล็ก,0,คำเฉพาะโดเมนที่พบบ่อยเกินไป (Domain-Specific Overuse),คำพื้นฐานในโดเมน ทำให้จำแนกต่ำ
การขับ,0,คำเฉพาะโดเมนที่พบบ่อยเกินไป (Domain-Specific Overuse),คำพื้นฐานในโดเมน ทำให้จำแนกต่ำ
ฝากตัว,0,คำเฉพาะโดเมนที่พบบ่อยเกินไป (Domain-Specific Overuse),คำพื้นฐานในโดเมน ทำให้จำแนกต่ำ
ฝ่ามือ,0,คำเฉพาะโดเมนที่พบบ่อยเกินไป (Domain-Specific Overuse),คำพื้นฐานในโดเมน ทำให้จำแนกต่ำ
พระองค์,1,คำที่มีความหมายกว้าง (Umbrella Terms),นามทั่วไป ใช้เป็นหมวดหมู่
ชื่อเรื่อง,1,คำที่มีความหมายกว้าง (Umbrella Terms),นามทั่วไป ใช้เป็นหมวดหมู่
แม่บท,1,คำที่มีความหมายกว้าง (Umbrella Terms),นามทั่วไป ใช้เป็นหมวดหมู่
ตัวจริง,1,คำที่มีความหมายกว้าง (Umbrella Terms),นามทั่วไป ใช้เป็นหมวดหมู่
ความร้อน,1,คำที่มีความหมายกว้าง (Umbrella Terms),นามทั่วไป ใช้เป็นหมวดหมู่
นางใน,1,คำที่มีความหมายกว้าง (Umbrella Terms),นามทั่วไป ใช้เป็นหมวดหมู่
ความสวยงาม,1,คำเชิงนามธรรม หรือ คำเชิงประเมินค่า (Abstract or Evaluative Terms),แสดงคุณค่า/ความคิดเห็น
ไทยทรงดำ,2,คำที่มีความหมายกว้าง (Umbrella Terms),นามทั่วไป ใช้เป็นหมวดหมู่
มุกดาหาร,2,คำที่มีความหมายกว้าง (Umbrella Terms),นามทั่วไป ใช้เป็นหมวดหมู่
กุลสตรี,2,คำที่มีความหมายกว้าง (Umbrella Terms),นามทั่วไป ใช้เป็นหมวดหมู่
บูชายัญ,2,คำที่มีความหมายกว้าง (Umbrella Terms),นามทั่วไป ใช้เป็นหมวดหมู่
ข้าวเหนียว,2,คำที่มีความหมายกว้าง (Umbrella Terms),นามทั่วไป ใช้เป็นหมวดหมู่
สระอโนดาต,2,คำที่มีความหมายกว้าง (Umbrella Terms),นามทั่วไป ใช้เป็นหมวดหมู่
สุพรรณมัจฉา,2,คำที่มีความหมายกว้าง (Umbrella Terms),นามทั่วไป ใช้เป็นหมวดหมู่
ภาคอีสาน,2,คำที่มีความหมายกว้าง (Umbrella Terms),นามทั่วไป ใช้เป็นหมวดหมู่
การนุ่งห่ม,2,คำที่มีความหมายกว้าง (Umbrella Terms),นามทั่วไป ใช้เป็นหมวดหมู่
เครื่องแต่งกาย,2,คำเฉพาะโดเมนที่พบบ่อยเกินไป (Domain-Specific Overuse),คำพื้นฐานในโดเมน ทำให้จำแนกต่ำ
มลายู,3,คำที่มีความหมายกว้าง (Umbrella Terms),นามทั่วไป ใช้เป็นหมวดหมู่
เวลา,3,คำที่มีความหมายกว้าง (Umbrella Terms),นามทั่วไป ใช้เป็นหมวดหมู่
ละครใน,3,คำที่มีความหมายกว้าง (Umbrella Terms),นามทั่วไป ใช้เป็นหมวดหมู่
บุษราคัม,3,คำที่มีความหมายกว้าง (Umbrella Terms),นามทั่วไป ใช้เป็นหมวดหมู่
พระมหากษัตริย์,0,คำที่มีความหมายกว้าง (Umbrella Terms),นามทั่วไป ใช้เป็นหมวดหมู่
กรุงรัตนโกสินทร์,0,คำที่มีความหมายกว้าง (Umbrella Terms),นามทั่วไป ใช้เป็นหมวดหมู่
ลำนำ,0,คำที่มีความหมายกว้าง (Umbrella Terms),นามทั่วไป ใช้เป็นหมวดหมู่
เพลงบูชานักรบ,0,คำที่มีความหมายกว้าง (Umbrella Terms),นามทั่วไป ใช้เป็นหมวดหมู่
บุหงา,0,คำที่มีความหมายกว้าง (Umbrella Terms),นามทั่วไป ใช้เป็นหมวดหมู่
เครื่องดนตรีพื้นเมือง,0,คำที่มีความหมายกว้าง (Umbrella Terms),นามทั่วไป ใช้เป็นหมวดหมู่
ขันดอก,0,คำเฉพาะโดเมนที่พบบ่อยเกินไป (Domain-Specific Overuse),คำพื้นฐานในโดเมน ทำให้จำแนกต่ำ
วาดรูป,0,คำเฉพาะโดเมนที่พบบ่อยเกินไป (Domain-Specific Overuse),คำพื้นฐานในโดเมน ทำให้จำแนกต่ำ
โดยรวม,1,คำที่มีความหมายกว้าง (Umbrella Terms),นามทั่วไป ใช้เป็นหมวดหมู่
เพลงฝรั่งรำเท้า,1,คำที่มีความหมายกว้าง (Umbrella Terms),นามทั่วไป ใช้เป็นหมวดหมู่
ภาพจิตรกรรมฝาผนัง,1,คำที่มีความหมายกว้าง (Umbrella Terms),นามทั่วไป ใช้เป็นหมวดหมู่
ปูนปั้น,1,คำที่มีความหมายกว้าง (Umbrella Terms),นามทั่วไป ใช้เป็นหมวดหมู่
ความพร้อมเพรียง,1,คำเชิงนามธรรม หรือ คำเชิงประเมินค่า (Abstract or Evaluative Terms),แสดงความรู้สึก/คุณค่า
แม่ท่า,2,คำที่มีความหมายกว้าง (Umbrella Terms),นามทั่วไป ใช้เป็นหมวดหมู่
ผสมผสาน,2,คำที่มีความหมายกว้าง (Umbrella Terms),นามทั่วไป ใช้เป็นหมวดหมู่
ภารตนาฏยัม,2,คำที่มีความหมายกว้าง (Umbrella Terms),นามทั่วไป ใช้เป็นหมวดหมู่
นางฟ้า,2,คำที่มีความหมายกว้าง (Umbrella Terms),นามทั่วไป ใช้เป็นหมวดหมู่
กาฬสินธุ์,2,คำที่มีความหมายกว้าง (Umbrella Terms),นามทั่วไป ใช้เป็นหมวดหมู่
มัยราพณ์,2,คำที่มีความหมายกว้าง (Umbrella Terms),นามทั่วไป ใช้เป็นหมวดหมู่
น้องสาว,2,คำที่มีความหมายกว้าง (Umbrella Terms),นามทั่วไป ใช้เป็นหมวดหมู่
รัวฉิ่ง,2,คำที่มีความหมายกว้าง (Umbrella Terms),นามทั่วไป ใช้เป็นหมวดหมู่
ให้ร้าย,2,คำที่มีความหมายกว้าง (Umbrella Terms),นามทั่วไป ใช้เป็นหมวดหมู่
บุรี,3,คำที่มีความหมายกว้าง (Umbrella Terms),นามทั่วไป ใช้เป็นหมวดหมู่
เพลงหน้าพาทย์,3,คำที่มีความหมายกว้าง (Umbrella Terms),นามทั่วไป ใช้เป็นหมวดหมู่
สากล,3,คำที่มีความหมายกว้าง (Umbrella Terms),นามทั่วไป ใช้เป็นหมวดหมู่
ความคิดริเริ่ม,3,คำที่มีความหมายกว้าง (Umbrella Terms),นามทั่วไป ใช้เป็นหมวดหมู่
ตามเพลง,3,คำที่มีความหมายกว้าง (Umbrella Terms),นามทั่วไป ใช้เป็นหมวดหมู่
พื้นบ้าน,3,คำที่มีความหมายกว้าง (Umbrella Terms),นามทั่วไป ใช้เป็นหมวดหมู่
การจับปลา,3,คำที่มีความหมายกว้าง (Umbrella Terms),นามทั่วไป ใช้เป็นหมวดหมู่
ทำนาย,3,คำที่มีความหมายกว้าง (Umbrella Terms),นามทั่วไป ใช้เป็นหมวดหมู่
การออกไป,0,คำที่มีความหมายกว้าง (Umbrella Terms),นามทั่วไป ใช้เป็นหมวดหมู่
หลักราชการ,0,คำที่มีความหมายกว้าง (Umbrella Terms),นามทั่วไป ใช้เป็นหมวดหมู่
ตำรา,0,คำที่มีความหมายกว้าง (Umbrella Terms),นามทั่วไป ใช้เป็นหมวดหมู่
ไทยเรือนต้น,0,คำที่มีความหมายกว้าง (Umbrella Terms),นามทั่วไป ใช้เป็นหมวดหมู่
ศรัทธา,0,คำที่มีความหมายกว้าง (Umbrella Terms),นามทั่วไป ใช้เป็นหมวดหมู่
แสงอาทิตย์,0,คำที่มีความหมายกว้าง (Umbrella Terms),นามทั่วไป ใช้เป็นหมวดหมู่
นครปฐม,1,คำที่มีความหมายกว้าง (Umbrella Terms),นามทั่วไป ใช้เป็นหมวดหมู่
สมบัติ,1,คำที่มีความหมายกว้าง (Umbrella Terms),นามทั่วไป ใช้เป็นหมวดหมู่
เพลงฉิ่ง,1,คำเฉพาะโดเมนที่พบบ่อยเกินไป (Domain-Specific Overuse),คำพื้นฐานในโดเมน ทำให้จำแนกต่ำ
พระเมรุ,1,คำเฉพาะโดเมนที่พบบ่อยเกินไป (Domain-Specific Overuse),คำพื้นฐานในโดเมน ทำให้จำแนกต่ำ
จัดทัพ,2,คำที่มีความหมายกว้าง (Umbrella Terms),นามทั่วไป ใช้เป็นหมวดหมู่
ลำตังหวาย,2,คำที่มีความหมายกว้าง (Umbrella Terms),นามทั่วไป ใช้เป็นหมวดหมู่
หลงกล,2,คำที่มีความหมายกว้าง (Umbrella Terms),นามทั่วไป ใช้เป็นหมวดหมู่
พระเพื่อน,2,คำที่มีความหมายกว้าง (Umbrella Terms),นามทั่วไป ใช้เป็นหมวดหมู่
พลายชุมพล,2,คำที่มีความหมายกว้าง (Umbrella Terms),นามทั่วไป ใช้เป็นหมวดหมู่
วิถีชีวิต,2,คำที่มีความหมายกว้าง (Umbrella Terms),นามทั่วไป ใช้เป็นหมวดหมู่
ประชิดตัว,2,คำที่มีความหมายกว้าง (Umbrella Terms),นามทั่วไป ใช้เป็นหมวดหมู่
ไปมา,2,คำที่มีความหมายกว้าง (Umbrella Terms),นามทั่วไป ใช้เป็นหมวดหมู่
ชุมพร,2,คำที่มีความหมายกว้าง (Umbrella Terms),นามทั่วไป ใช้เป็นหมวดหมู่
ศรพาลจันทร์,2,คำที่มีความหมายกว้าง (Umbrella Terms),นามทั่วไป ใช้เป็นหมวดหมู่
ความทรงจำ,2,คำเชิงนามธรรม หรือ คำเชิงประเมินค่า (Abstract or Evaluative Terms),แสดงความรู้สึก/คุณค่า
เกษตรกรรม,3,คำที่มีความหมายกว้าง (Umbrella Terms),นามทั่วไป ใช้เป็นหมวดหมู่
ให้การ,3,คำที่มีความหมายกว้าง (Umbrella Terms),นามทั่วไป ใช้เป็นหมวดหมู่
กลางอากาศ,3,คำที่มีความหมายกว้าง (Umbrella Terms),นามทั่วไป ใช้เป็นหมวดหมู่
ทรงคุณค่า,3,คำเชิงนามธรรม หรือ คำเชิงประเมินค่า (Abstract or Evaluative Terms),แสดงคุณค่า/ความคิดเห็น
ความงดงาม,3,คำเชิงนามธรรม หรือ คำเชิงประเมินค่า (Abstract or Evaluative Terms),แสดงคุณค่า/ความคิดเห็น
การเคลื่อนไหว,0,คำเฉพาะโดเมนที่พบบ่อยเกินไป (Domain-Specific Overuse),คำพื้นฐานในโดเมน ทำให้จำแนกต่ำ
มหาสมุทร,1,คำที่มีความหมายกว้าง (Umbrella Terms),นามทั่วไป ใช้เป็นหมวดหมู่
ความสง่างาม,1,คำเชิงนามธรรม หรือ คำเชิงประเมินค่า (Abstract or Evaluative Terms),แสดงคุณค่า/ความคิดเห็น
ทะเล,3,คำที่มีความหมายกว้าง (Umbrella Terms),นามทั่วไป ใช้เป็นหมวดหมู่
หนังใหญ่,3,คำเฉพาะโดเมนที่พบบ่อยเกินไป (Domain-Specific Overuse),คำพื้นฐานในโดเมน ทำให้จำแนกต่ำ
การไถ,3,คำเฉพาะโดเมนที่พบบ่อยเกินไป (Domain-Specific Overuse),คำพื้นฐานในโดเมน ทำให้จำแนกต่ำ
ปกป้อง,3,คำเฉพาะโดเมนที่พบบ่อยเกินไป (Domain-Specific Overuse),คำพื้นฐานในโดเมน ทำให้จำแนกต่ำ
อาณาประชาราษฎร์,3,คำเฉพาะโดเมนที่พบบ่อยเกินไป (Domain-Specific Overuse),คำพื้นฐานในโดเมน ทำให้จำแนกต่ำ
ฉุยฉาย,3,คำเฉพาะโดเมนที่พบบ่อยเกินไป (Domain-Specific Overuse),คำพื้นฐานในโดเมน ทำให้จำแนกต่ำ
บรรพบุรุษ,3,คำเฉพาะโดเมนที่พบบ่อยเกินไป (Domain-Specific Overuse),คำพื้นฐานในโดเมน ทำให้จำแนกต่ำ
ท้องทะเล,3,คำซ้ำซ้อน หรือ คำพ้องความหมาย (Redundant or Synonym),ความหมายซ้ำกับ `ทะเล`
กตัญญู,2,คำเชิงนามธรรม หรือ คำเชิงประเมินค่า (Abstract or Evaluative Terms),แสดงความรู้สึก/คุณค่า
เทพเจ้า,2,คำเชิงนามธรรม หรือ คำเชิงประเมินค่า (Abstract or Evaluative Terms),แสดงแนวคิด/ความเชื่อ
รำลึก,2,คำเชิงนามธรรม หรือ คำเชิงประเมินค่า (Abstract or Evaluative Terms),แสดงความรู้สึก/ความคิด
ขัดตาทัพ,2,คำซ้ำซ้อน หรือ คำพ้องความหมาย (Redundant or Synonym),ความหมายซ้ำกับ `ถอยทัพ`
เคลื่อนไหว,0,คำที่มีความหมายกว้าง (Umbrella Terms),นามทั่วไป ใช้ได้หลายบริบท
ที่รวม,0,คำที่มีความหมายกว้าง (Umbrella Terms),นามทั่วไป ใช้ได้หลายบริบท
วิธี,0,คำที่มีความหมายกว้าง (Umbrella Terms),นามทั่วไป ใช้ได้หลายบริบท
สงคราม,0,คำที่มีความหมายกว้าง (Umbrella Terms),นามทั่วไป ใช้ได้หลายบริบท
พระราชบัญชา,0,คำที่มีความหมายกว้าง (Umbrella Terms),นามทั่วไป ใช้ได้หลายบริบท
ความห่วงใย,1,คำเชิงนามธรรม หรือ คำเชิงประเมินค่า (Abstract or Evaluative Terms),แสดงความรู้สึก/คุณค่า
บันเทิงใจ,1,คำเชิงนามธรรม หรือ คำเชิงประเมินค่า (Abstract or Evaluative Terms),แสดงความรู้สึก/คุณค่า
ผูกพัน,1,คำเชิงนามธรรม หรือ คำเชิงประเมินค่า (Abstract or Evaluative Terms),แสดงความรู้สึก/คุณค่า
ดอกไม้,1,คำเฉพาะโดเมนที่พบบ่อยเกินไป (Domain-Specific Overuse),คำพื้นฐานในโดเมน ทำให้จำแนกต่ำ
รัชกาล,1,คำเฉพาะโดเมนที่พบบ่อยเกินไป (Domain-Specific Overuse),คำพื้นฐานในโดเมน ทำให้จำแนกต่ำ
พรหมาสตร์,1,คำเฉพาะโดเมนที่พบบ่อยเกินไป (Domain-Specific Overuse),คำพื้นฐานในโดเมน ทำให้จำแนกต่ำ
ทางธรรมชาติ,2,คำที่มีความหมายกว้าง (Umbrella Terms),นามทั่วไป ใช้ได้หลายบริบท
ตอนนี้,2,คำที่มีความหมายกว้าง (Umbrella Terms),นามทั่วไป ใช้ได้หลายบริบท
เดินทาง,2,คำที่มีความหมายกว้าง (Umbrella Terms),นามทั่วไป ใช้ได้หลายบริบท
การละเล่นพื้นเมือง,2,คำเฉพาะโดเมนที่พบบ่อยเกินไป (Domain-Specific Overuse),คำพื้นฐานในโดเมน ทำให้จำแนกต่ำ
นางสวาหะ,2,คำเฉพาะโดเมนที่พบบ่อยเกินไป (Domain-Specific Overuse),คำพื้นฐานในโดเมน ทำให้จำแนกต่ำ
ลายเส้น,2,คำเฉพาะโดเมนที่พบบ่อยเกินไป (Domain-Specific Overuse),คำพื้นฐานในโดเมน ทำให้จำแนกต่ำ
นาฏศิลป์,3,คำเฉพาะโดเมนที่พบบ่อยเกินไป (Domain-Specific Overuse),คำพื้นฐานในโดเมน ทำให้จำแนกต่ำ
นาฏศิลป์อินเดีย,3,คำเฉพาะโดเมนที่พบบ่อยเกินไป (Domain-Specific Overuse),คำพื้นฐานในโดเมน ทำให้จำแนกต่ำ
ดอกไม้เงิน,3,คำเฉพาะโดเมนที่พบบ่อยเกินไป (Domain-Specific Overuse),คำพื้นฐานในโดเมน ทำให้จำแนกต่ำ
ภาคเหนือ,3,คำเฉพาะโดเมนที่พบบ่อยเกินไป (Domain-Specific Overuse),คำพื้นฐานในโดเมน ทำให้จำแนกต่ำ
เพลงคืนเดือนหงาย,3,คำเฉพาะโดเมนที่พบบ่อยเกินไป (Domain-Specific Overuse),คำพื้นฐานในโดเมน ทำให้จำแนกต่ำ
อินโดนีเซีย,0,คำที่มีความหมายกว้าง (Umbrella Terms),ชื่อประเทศ
ฤดูฝน,0,คำที่มีความหมายกว้าง (Umbrella Terms),ช่วงเวลาทั่วไป
เทพนิยาย,0,คำที่มีความหมายกว้าง (Umbrella Terms),ประเภทเรื่องทั่วไป
พวงมาลัย,0,คำที่มีความหมายกว้าง (Umbrella Terms),ของใช้ทั่วไป
ผู้ครองนคร,0,คำที่มีความหมายกว้าง (Umbrella Terms),ตำแหน่งทั่วไป
ปิดหน้า,0,คำที่มีความหมายกว้าง (Umbrella Terms),การกระทำทั่วไป
ลูกไม้,0,คำที่มีความหมายกว้าง (Umbrella Terms),ของใช้ทั่วไป
ที่รัก,0,คำที่มีความหมายกว้าง (Umbrella Terms),คำเรียกทั่วไป
ภาพจำหลัก,0,คำที่มีความหมายกว้าง (Umbrella Terms),ศิลปะทั่วไป
การเก็บใบชา,0,คำที่มีความหมายกว้าง (Umbrella Terms),กิจกรรมทั่วไป
บรรดา,0,คำที่มีความหมายกว้าง (Umbrella Terms),คำทั่วไป
เขาไกลลาศ,1,คำที่มีความหมายกว้าง (Umbrella Terms),ชื่อสถานที่ทั่วไป
เอกลักษณ์,1,คำที่มีความหมายกว้าง (Umbrella Terms),ลักษณะทั่วไป
มารีศ,1,คำที่มีความหมายกว้าง (Umbrella Terms),ชื่อทั่วไป
ไพร่พล,1,คำที่มีความหมายกว้าง (Umbrella Terms),กลุ่มคนทั่วไป
บุตรชาย,1,คำที่มีความหมายกว้าง (Umbrella Terms),ความสัมพันธ์ทั่วไป
รักสนุก,1,คำเชิงนามธรรม หรือ คำเชิงประเมินค่า (Abstract or Evaluative Terms),แสดงความรู้สึก
โอรส,2,คำที่มีความหมายกว้าง (Umbrella Terms),ตำแหน่งทั่วไป
ไทยอมรินทร์,2,คำที่มีความหมายกว้าง (Umbrella Terms),ชื่อทั่วไป
กาญจนบุรี,2,คำที่มีความหมายกว้าง (Umbrella Terms),ชื่อสถานที่ทั่วไป
ที่นั่ง,2,คำที่มีความหมายกว้าง (Umbrella Terms),ของใช้ทั่วไป
โดดเด่น,2,คำที่มีความหมายกว้าง (Umbrella Terms),ลักษณะทั่วไป
อารยธรรม,2,คำที่มีความหมายกว้าง (Umbrella Terms),แนวคิดทั่วไป
เล่นน้ำ,2,คำที่มีความหมายกว้าง (Umbrella Terms),กิจกรรมทั่วไป
ฤดูกาล,3,คำที่มีความหมายกว้าง (Umbrella Terms),ช่วงเวลาทั่วไป
ร่วมใน,3,คำที่มีความหมายกว้าง (Umbrella Terms),การกระทำทั่วไป
หลบหนี,3,คำที่มีความหมายกว้าง (Umbrella Terms),การกระทำทั่วไป
โปรตุเกส,3,คำที่มีความหมายกว้าง (Umbrella Terms),ชื่อประเทศทั่วไป
กิจการงาน,0,คำที่มีความหมายกว้าง (Umbrella Terms),นามทั่วไป ใช้เป็นหมวดหมู่
สภาพอากาศ,0,คำที่มีความหมายกว้าง (Umbrella Terms),นามทั่วไป ใช้เป็นหมวดหมู่
ประเพณี,0,คำที่มีความหมายกว้าง (Umbrella Terms),นามทั่วไป ใช้เป็นหมวดหมู่
ความเชื่อ,0,คำเชิงนามธรรม หรือ คำเชิงประเมินค่า (Abstract or Evaluative Terms),แสดงแนวคิด/ความเชื่อ
ความรื่นเริง,1,คำเชิงนามธรรม หรือ คำเชิงประเมินค่า (Abstract or Evaluative Terms),แสดงความรู้สึก/คุณค่า
บรรยากาศ,1,คำเชิงนามธรรม หรือ คำเชิงประเมินค่า (Abstract or Evaluative Terms),แสดงแนวคิด/ความรู้สึก
มีความหมาย,1,คำเชิงนามธรรม หรือ คำเชิงประเมินค่า (Abstract or Evaluative Terms),แสดงแนวคิด/คุณค่า
เดินอากาศ,1,คำเชิงนามธรรม หรือ คำเชิงประเมินค่า (Abstract or Evaluative Terms),แสดงแนวคิด/ความรู้สึก
วังหน้า,2,คำที่มีความหมายกว้าง (Umbrella Terms),นามทั่วไป ใช้เป็นหมวดหมู่
ว่องไว,2,คำเชิงนามธรรม หรือ คำเชิงประเมินค่า (Abstract or Evaluative Terms),แสดงคุณค่า/ความคิดเห็น
สืบทอด,3,คำที่มีความหมายกว้าง (Umbrella Terms),นามทั่วไป ใช้เป็นหมวดหมู่
แม่น้ำ,3,คำที่มีความหมายกว้าง (Umbrella Terms),นามทั่วไป ใช้เป็นหมวดหมู่
หน้าที่,3,คำที่มีความหมายกว้าง (Umbrella Terms),นามทั่วไป ใช้เป็นหมวดหมู่
ภาคใต้,3,คำที่มีความหมายกว้าง (Umbrella Terms),นามทั่วไป ใช้เป็นหมวดหมู่
เปรียบเสมือน,3,คำเชิงนามธรรม หรือ คำเชิงประเมินค่า (Abstract or Evaluative Terms),แสดงแนวคิด/ความคิดเห็น
นึกถึง,3,คำเชิงนามธรรม หรือ คำเชิงประเมินค่า (Abstract or Evaluative Terms),แสดงความรู้สึก/ความคิดเห็น
ความกตัญญู,3,คำเชิงนามธรรม หรือ คำเชิงประเมินค่า (Abstract or Evaluative Terms),แสดงแนวคิด/คุณค่า
ต้นไม้,0,คำที่มีความหมายกว้าง (Umbrella Terms),นามทั่วไป ใช้ได้หลายบริบท
เป็นบ้า,0,คำเชิงนามธรรม หรือ คำเชิงประเมินค่า (Abstract or Evaluative Terms),แสดงความรู้สึก/คุณค่า
ศิลปะการแสดง,0,คำเฉพาะโดเมนที่พบบ่อยเกินไป (Domain-Specific Overuse),คำพื้นฐานในโดเมน ทำให้จำแนกต่ำ
ผู้มาเยือน,1,คำที่มีความหมายกว้าง (Umbrella Terms),นามทั่วไป ใช้ได้หลายบริบท
ความวิจิตร,1,คำเชิงนามธรรม หรือ คำเชิงประเมินค่า (Abstract or Evaluative Terms),แสดงคุณค่า/ความคิดเห็น
หลากหลาย,1,คำเชิงนามธรรม หรือ คำเชิงประเมินค่า (Abstract or Evaluative Terms),แสดงแนวคิดทั่วไป
พิธี,1,คำเฉพาะโดเมนที่พบบ่อยเกินไป (Domain-Specific Overuse),คำพื้นฐานในโดเมน ทำให้จำแนกต่ำ
พื้นผิว,2,คำที่มีความหมายกว้าง (Umbrella Terms),นามทั่วไป ใช้ได้หลายบริบท
พื้นฐาน,2,คำที่มีความหมายกว้าง (Umbrella Terms),นามทั่วไป ใช้ได้หลายบริบท
ความสมบูรณ์,2,คำเชิงนามธรรม หรือ คำเชิงประเมินค่า (Abstract or Evaluative Terms),แสดงแนวคิดทั่วไป
แบบอย่าง,3,คำที่มีความหมายกว้าง (Umbrella Terms),นามทั่วไป ใช้ได้หลายบริบท
แรงบันดาลใจ,3,คำเชิงนามธรรม หรือ คำเชิงประเมินค่า (Abstract or Evaluative Terms),แสดงความรู้สึก/คุณค่า
โมโห,3,คำเชิงนามธรรม หรือ คำเชิงประเมินค่า (Abstract or Evaluative Terms),แสดงความรู้สึก/คุณค่า
การทอ,3,คำเฉพาะโดเมนที่พบบ่อยเกินไป (Domain-Specific Overuse),คำพื้นฐานในโดเมน ทำให้จำแนกต่ำ
ความตระหนัก,1,คำเชิงนามธรรม หรือ คำเชิงประเมินค่า (Abstract or Evaluative Terms),แสดงแนวคิด/ความรู้สึก
ความรัก,1,คำเชิงนามธรรม หรือ คำเชิงประเมินค่า (Abstract or Evaluative Terms),แสดงความรู้สึก
ความเรียบง่าย,1,คำเชิงนามธรรม หรือ คำเชิงประเมินค่า (Abstract or Evaluative Terms),แสดงแนวคิด/คุณค่า
ที่อยู่,2,คำที่มีความหมายกว้าง (Umbrella Terms),นามทั่วไป
คนไทย,2,คำที่มีความหมายกว้าง (Umbrella Terms),นามทั่วไป
การอนุรักษ์,3,คำเฉพาะโดเมนที่พบบ่อยเกินไป (Domain-Specific Overuse),คำพื้นฐานในโดเมน
นาฏกรรม,3,คำเฉพาะโดเมนที่พบบ่อยเกินไป (Domain-Specific Overuse),คำพื้นฐานในโดเมน
ผู้ใช้,0,คำที่มีความหมายกว้าง (Umbrella Terms),นามทั่วไป ใช้เป็นหมวดหมู่
ขึ้นไป,0,คำที่มีความหมายกว้าง (Umbrella Terms),นามทั่วไป ใช้เป็นหมวดหมู่
ไทภูเขา,0,คำที่มีความหมายกว้าง (Umbrella Terms),นามทั่วไป ใช้เป็นหมวดหมู่
ไหล่เขา,0,คำที่มีความหมายกว้าง (Umbrella Terms),นามทั่วไป ใช้เป็นหมวดหมู่
แต่งกาย,0,คำที่มีความหมายกว้าง (Umbrella Terms),นามทั่วไป ใช้เป็นหมวดหมู่
ฤทธิ์เดช,0,คำที่มีความหมายกว้าง (Umbrella Terms),นามทั่วไป ใช้เป็นหมวดหมู่
สังหาร,0,คำที่มีความหมายกว้าง (Umbrella Terms),นามทั่วไป ใช้เป็นหมวดหมู่
ทิศตะวันออก,0,คำที่มีความหมายกว้าง (Umbrella Terms),นามทั่วไป ใช้เป็นหมวดหมู่
รำเดี่ยว,0,คำที่มีความหมายกว้าง (Umbrella Terms),นามทั่วไป ใช้เป็นหมวดหมู่
กระบวนท่ารำ,0,คำที่มีความหมายกว้าง (Umbrella Terms),นามทั่วไป ใช้เป็นหมวดหมู่
สิ่งชั่วร้าย,1,คำที่มีความหมายกว้าง (Umbrella Terms),นามทั่วไป ใช้เป็นหมวดหมู่
เป็นครั้งแรก,1,คำที่มีความหมายกว้าง (Umbrella Terms),นามทั่วไป ใช้เป็นหมวดหมู่
ความสำนึก,1,คำที่มีความหมายกว้าง (Umbrella Terms),นามทั่วไป ใช้เป็นหมวดหมู่
คุณค่า,1,คำที่มีความหมายกว้าง (Umbrella Terms),นามทั่วไป ใช้เป็นหมวดหมู่
งานแต่งงาน,1,คำที่มีความหมายกว้าง (Umbrella Terms),นามทั่วไป ใช้เป็นหมวดหมู่
รูปนอก,1,คำที่มีความหมายกว้าง (Umbrella Terms),นามทั่วไป ใช้เป็นหมวดหมู่
เพลงไทย,3,คำที่มีความหมายกว้าง (Umbrella Terms),นามทั่วไป ใช้เป็นหมวดหมู่
เป็นต้นแบบ,3,คำที่มีความหมายกว้าง (Umbrella Terms),นามทั่วไป ใช้เป็นหมวดหมู่
เขาสัตภัณฑ์,3,คำที่มีความหมายกว้าง (Umbrella Terms),นามทั่วไป ใช้เป็นหมวดหมู่
จารึก,3,คำที่มีความหมายกว้าง (Umbrella Terms),นามทั่วไป ใช้เป็นหมวดหมู่
หมู่เกาะ,3,คำที่มีความหมายกว้าง (Umbrella Terms),นามทั่วไป ใช้เป็นหมวดหมู่
บทร้อง,3,คำที่มีความหมายกว้าง (Umbrella Terms),นามทั่วไป ใช้เป็นหมวดหมู่
ดินแดน,0,คำที่มีความหมายกว้าง (Umbrella Terms),นามทั่วไป ใช้เป็นหมวดหมู่
เรื่องราว,1,คำที่มีความหมายกว้าง (Umbrella Terms),นามทั่วไป ใช้เป็นหมวดหมู่
วิถี,1,คำที่มีความหมายกว้าง (Umbrella Terms),นามทั่วไป ใช้เป็นหมวดหมู่
ค่านิยม,1,คำเชิงนามธรรม หรือ คำเชิงประเมินค่า (Abstract or Evaluative Terms),แสดงแนวคิด/ความเชื่อ
ความคล่องแคล่ว,1,คำเชิงนามธรรม หรือ คำเชิงประเมินค่า (Abstract or Evaluative Terms),แสดงคุณค่า/ความคิดเห็น
กลุ่มชน,2,คำที่มีความหมายกว้าง (Umbrella Terms),นามทั่วไป ใช้เป็นหมวดหมู่
ศิลปกรรม,2,คำเฉพาะโดเมนที่พบบ่อยเกินไป (Domain-Specific Overuse),คำพื้นฐานในโดเมน ทำให้จำแนกต่ำ
ศิลปะ,3,คำเฉพาะโดเมนที่พบบ่อยเกินไป (Domain-Specific Overuse),คำพื้นฐานในโดเมน ทำให้จำแนกต่ำ
การรำ,3,คำเฉพาะโดเมนที่พบบ่อยเกินไป (Domain-Specific Overuse),คำพื้นฐานในโดเมน ทำให้จำแนกต่ำ
