item_name,item_key_norm,predicted_count,gold_count,TP,FP,FN,predicted_tokens,gold_tokens,tp_tokens,fp_tokens,fn_tokens
กระทบสากหรือกระทบไม้,กระทบสากหรือกระทบไม้,15,10,9,6,1,"กระทบไม้, กระทุ้ง, การละเล่นพื้นเมือง, กิจวัตร, ธงไทย, พระจันทร์, ภาคอีสาน, วานร, สากตำข้าว, สากล, สุรินทร์, อีสาน, เครื่องประกอบจังหวะ, เครื่องแบบ, เต้นสาก","กระทบไม้, การละเล่นพื้นเมือง, กิจวัตร, พระจันทร์, ภาคอีสาน, สากตําข้าว, สุรินทร์, อีสาน, เครื่องประกอบจังหวะ, เต้นสาก","กระทบไม้, การละเล่นพื้นเมือง, กิจวัตร, พระจันทร์, ภาคอีสาน, สุรินทร์, อีสาน, เครื่องประกอบจังหวะ, เต้นสาก","กระทุ้ง, ธงไทย, วานร, สากตำข้าว, สากล, เครื่องแบบ",สากตําข้าว
กราววีรชัยยักษ์,กราววีรชัยยักษ์,9,3,3,6,0,"กระบวนท่ารำ, กราววีรชัยลิง, กองทัพ, จัดทัพ, รังควาญ, รามเกียรติ์, วาจา, เกียรติศักดิ์ไทย, เต้นสาก","กองทัพ, จัดทัพ, รามเกียรติ์","กองทัพ, จัดทัพ, รามเกียรติ์","กระบวนท่ารำ, กราววีรชัยลิง, รังควาญ, วาจา, เกียรติศักดิ์ไทย, เต้นสาก",
กราววีรชัยลิง,กราววีรชัยลิง,15,9,8,7,1,"กราววีรชัยลิง, กองทัพ, การต่อสู้, การรบ, ความคล่องแคล่ว, ต่อสู้, พระยา, พระราม, พลลิง, รามเกียรติ์, วานร, สิบแปดมงกุฎ, องคต, อสูร, อาหาร","กราววีรชยลิง, กองทัพ, การต่อสู้, ความคล่องแคล่ว, ต่อสู้, พระราม, รามเกียรติ์, วานร, สิบแปดมงกุฎ","กองทัพ, การต่อสู้, ความคล่องแคล่ว, ต่อสู้, พระราม, รามเกียรติ์, วานร, สิบแปดมงกุฎ","กราววีรชัยลิง, การรบ, พระยา, พลลิง, องคต, อสูร, อาหาร",กราววีรชยลิง
กรุงเทพ,กรุงเทพ,15,6,6,9,0,"กระทุ้ง, กระบวนท่ารำ, กรุงรัตนโกสินทร์, กรุงลงกา, กรุงเทพ, การรบ, กินเนสส์บุ๊ค, นนทก, นางฟ้า, วาดภาพ, วานร, หนังใหญ่, ออกรบ, เทวดา, เวที","กรุงเทพ, กินเนสส์บุ๊ค, นางฟ้า, วาดภาพ, หนังใหญ่, เทวดา","กรุงเทพ, กินเนสส์บุ๊ค, นางฟ้า, วาดภาพ, หนังใหญ่, เทวดา","กระทุ้ง, กระบวนท่ารำ, กรุงรัตนโกสินทร์, กรุงลงกา, การรบ, นนทก, วานร, ออกรบ, เวที",
กลองสะบัดชัย,กลองสะบัดชัย,15,9,9,6,0,"กลองยาว, กลองสะบัดชัย, การตีกลอง, ขบวนแห่, ข้าศึก, ความคล่องแคล่ว, ชาวพื้นเมือง, ธงไทย, พิธีทางศาสนา, ภาคเหนือ, ล้านนา, สงคราม, องคต, อสูร, ออกรบ","กลองสะบัดชัย, การตีกลอง, ขบวนแห่, ข้าศึก, พิธีทางศาสนา, ภาคเหนือ, ล้านนา, สงคราม, ออกรบ","กลองสะบัดชัย, การตีกลอง, ขบวนแห่, ข้าศึก, พิธีทางศาสนา, ภาคเหนือ, ล้านนา, สงคราม, ออกรบ","กลองยาว, ความคล่องแคล่ว, ชาวพื้นเมือง, ธงไทย, องคต, อสูร",
การแสดงโขนเรื่องรามเกียรติ์ ชุดยกรบ,การแสดงโขนเรื่องรามเกียรติ์ ชุดยกรบ,15,14,14,1,0,"กรุงลงกา, กองทัพ, การขึ้นลอย, การรบ, การสอน, ชั้นเชิง, ทศกัณฐ์, พระราม, พระลักษมณ์, พลวานร, รามเกียรติ์, วานร, สงคราม, อาวุธ, ไพร่พล","กรุงลงกา, กองทัพ, การขึ้นลอย, การรบ, ชั้นเชิง, ทศกัณฐ์, พระราม, พระลักษมณ์, พลวานร, รามเกียรติ์, วานร, สงคราม, อาวุธ, ไพร่พล","กรุงลงกา, กองทัพ, การขึ้นลอย, การรบ, ชั้นเชิง, ทศกัณฐ์, พระราม, พระลักษมณ์, พลวานร, รามเกียรติ์, วานร, สงคราม, อาวุธ, ไพร่พล",การสอน,
การแสดงโขนเรื่องรามเกียรติ์ ตอน กุมภกรรณพุ่งหอกโมกขศักดิ์,การแสดงโขนเรื่องรามเกียรติ์ ตอน กุมภกรรณพุ่งหอกโมกขศักดิ์,15,17,14,1,3,"กรุงลงกา, การศึก, กุมภกรรณ, ขับไล่, นางสีดา, พระพรหม, พระราม, มัยราพณ์, มีฤทธิ์, รามเกียรติ์, สิ้นชีพ, หอกโมกขศักดิ์, อนุชา, อาสา, อุปราช","กรุงลงกา, การศึก, กุมภกรรณ, ขับไล่, ทศกัณฐ์, นางสีดา, พระพรหม, พระราม, มัยราพณ์, มีฤทธิ์, รับอาสา, สงคราม, สิ้นชีพ, หอกโมกขศักดิ์, อนุชา, อาสา, อุปราช","กรุงลงกา, การศึก, กุมภกรรณ, ขับไล่, นางสีดา, พระพรหม, พระราม, มัยราพณ์, มีฤทธิ์, สิ้นชีพ, หอกโมกขศักดิ์, อนุชา, อาสา, อุปราช",รามเกียรติ์,"ทศกัณฐ์, รับอาสา, สงคราม"
การแสดงโขนเรื่องรามเกียรติ์ ตอน ขับพิเภก,การแสดงโขนเรื่องรามเกียรติ์ ตอน ขับพิเภก,15,22,14,1,8,"กรุงลงกา, กลายร่าง, การศึก, จุดไฟ, ติดมือ, ทำนาย, น้ำมันยาง, ปราชัย, พิเภก, รับใช้, รามเกียรติ์, สะเดาะ, สำมนักขา, ไฟไหม้, ไส้กะลา","กรุงลงกา, กลายร่าง, กะลา, การศึก, ขับไล่, จุดไฟ, ติดมือ, ทศกัณฐ์, ทำนาย, นางสีดา, น้ำมันยาง, ปราชัย, พระญาติ, พระราม, พระลาน, พิเภก, รับใช้, สะเดาะ, สำมนักขา, ให้ร้าย, ไฟไหม้, ไส้กะลา","กรุงลงกา, กลายร่าง, การศึก, จุดไฟ, ติดมือ, ทำนาย, น้ำมันยาง, ปราชัย, พิเภก, รับใช้, สะเดาะ, สำมนักขา, ไฟไหม้, ไส้กะลา",รามเกียรติ์,"กะลา, ขับไล่, ทศกัณฐ์, นางสีดา, พระญาติ, พระราม, พระลาน, ให้ร้าย"
การแสดงโขนเรื่องรามเกียรติ์ ตอน  จองถนน,การแสดงโขนเรื่องรามเกียรติ์ ตอน จองถนน,15,18,14,1,4,"กราบทูล, กรุงลงกา, ขีดขิน, จองถนน, ชามพูวราช, บรรพต, พลลิง, พลวานร, รามเกียรติ์, วานร, วิดน้ำ, สำเภา, อาสา, เมืองชมพู, ไพร่พล","กราบทูล, กรุงลงกา, ขีดขิน, จองถนน, ชามพูวราช, ทะเล, บรรพต, พระราม, พระเมรุ, พลลิง, พลวานร, วานร, วิดน้ำ, สำเภา, อาสา, เมืองขีดขิน, เมืองชมพู, ไพร่พล","กราบทูล, กรุงลงกา, ขีดขิน, จองถนน, ชามพูวราช, บรรพต, พลลิง, พลวานร, วานร, วิดน้ำ, สำเภา, อาสา, เมืองชมพู, ไพร่พล",รามเกียรติ์,"ทะเล, พระราม, พระเมรุ, เมืองขีดขิน"
การแสดงโขนเรื่องรามเกียรติ์ ตอน นางลอย,การแสดงโขนเรื่องรามเกียรติ์ ตอน นางลอย,15,14,14,1,0,"กรุงลงกา, กองทัพ, จำแลง, ทศกัณฐ์, ทำนาย, นางสีดา, พระราม, พลับพลา, พิเภก, รามเกียรติ์, สงคราม, สะเดาะ, สะเดาะเคราะห์, เบญกาย, แม่น้ำ","กรุงลงกา, กองทัพ, จำแลง, ทศกัณฐ์, ทำนาย, นางสีดา, พระราม, พลับพลา, พิเภก, สงคราม, สะเดาะ, สะเดาะเคราะห์, เบญกาย, แม่น้ำ","กรุงลงกา, กองทัพ, จำแลง, ทศกัณฐ์, ทำนาย, นางสีดา, พระราม, พลับพลา, พิเภก, สงคราม, สะเดาะ, สะเดาะเคราะห์, เบญกาย, แม่น้ำ",รามเกียรติ์,
การแสดงโขนเรื่องรามเกียรติ์ ตอน  นารายณ์ปราบนนทก,การแสดงโขนเรื่องรามเกียรติ์ ตอน นารายณ์ปราบนนทก,15,13,13,2,0,"กราบทูล, นนทก, นิ้วเพชร, ประทาน, พระนารายณ์, พระศิวะ, พระองค์, พระอิศวร, มีฤทธิ์, รับใช้, รามเกียรติ์, เขาไกลลาศ, เข้าเฝ้า, เชิงบันได, เทวดา","กราบทูล, นนทก, นิ้วเพชร, ประทาน, พระนารายณ์, พระองค์, พระอิศวร, มีฤทธิ์, รับใช้, เขาไกลลาศ, เข้าเฝ้า, เชิงบันได, เทวดา","กราบทูล, นนทก, นิ้วเพชร, ประทาน, พระนารายณ์, พระองค์, พระอิศวร, มีฤทธิ์, รับใช้, เขาไกลลาศ, เข้าเฝ้า, เชิงบันได, เทวดา","พระศิวะ, รามเกียรติ์",
การแสดงโขนเรื่องรามเกียรติ์ ตอน พระคเณศเสียงา,การแสดงโขนเรื่องรามเกียรติ์ ตอน พระคเณศเสียงา,15,15,14,1,1,"กิจจะ, ตัวพระ, ต่อสู้, ปรศุราม, ปารวตี, พระคเณศ, พระตำหนัก, พระนารายณ์, พระศิวะ, พระองค์, พระอิศวร, รามเกียรติ์, อาวุธ, เขาไกรลาส, เข้าเฝ้า","กิจจะ, ตัวพระ, ต่อสู้, ปรศุราม, ปารวตี, พระคเณศ, พระตำหนัก, พระนารายณ์, พระศิวะ, พระองค์, พระอิศวร, อวตาร, อาวุธ, เขาไกรลาส, เข้าเฝ้า","กิจจะ, ตัวพระ, ต่อสู้, ปรศุราม, ปารวตี, พระคเณศ, พระตำหนัก, พระนารายณ์, พระศิวะ, พระองค์, พระอิศวร, อาวุธ, เขาไกรลาส, เข้าเฝ้า",รามเกียรติ์,อวตาร
การแสดงโขนเรื่องรามเกียรติ์ ตอน พระรามตามกวาง,การแสดงโขนเรื่องรามเกียรติ์ ตอน พระรามตามกวาง,15,10,9,6,1,"กลอุบาย, กากนาสูร, การทอ, การรบ, การสอน, การไถ, ทศกัณฐ์, นางสีดา, พระพรหม, พระยา, พระราชบัญชา, พระราม, มารีศ, รามเกียรติ์, แปลงกาย","กลอุบาย, กวางทอง, กากนาสูร, ทศกัณฐ์, นางสีดา, พระยา, พระราชบัญชา, พระราม, มารีศ, แปลงกาย","กลอุบาย, กากนาสูร, ทศกัณฐ์, นางสีดา, พระยา, พระราชบัญชา, พระราม, มารีศ, แปลงกาย","การทอ, การรบ, การสอน, การไถ, พระพรหม, รามเกียรติ์",กวางทอง
การแสดงโขนเรื่องรามเกียรติ์ ตอน พาลีสอนน้อง,การแสดงโขนเรื่องรามเกียรติ์ ตอน พาลีสอนน้อง,15,10,10,5,0,"การรบ, การสอน, การไถ, ขีดขิน, น้องสาว, ผู้ครองนคร, พระมหากษัตริย์, พระราม, พาลี, รับใช้, รามเกียรติ์, สมมุติเทพ, สุครีพ, หลักราชการ, อนุชา","ขีดขิน, ผู้ครองนคร, พระมหากษัตริย์, พระราม, พาลี, รับใช้, สมมุติเทพ, สุครีพ, หลักราชการ, อนุชา","ขีดขิน, ผู้ครองนคร, พระมหากษัตริย์, พระราม, พาลี, รับใช้, สมมุติเทพ, สุครีพ, หลักราชการ, อนุชา","การรบ, การสอน, การไถ, น้องสาว, รามเกียรติ์",
การแสดงโขนเรื่องรามเกียรติ์ ตอน ลักสีดา,การแสดงโขนเรื่องรามเกียรติ์ ตอน ลักสีดา,15,12,11,4,1,"กรุงลงกา, กวางทอง, การรบ, การสอน, การไถ, จำกาย, ทศกัณฐ์, พระราม, พระลักษมณ์, มารีศ, รามเกียรติ์, ฤาษี, สำมนักขา, แกล้งทำ, ได้ยิน","กรุงลงกา, กวางทอง, จำกาย, ทศกัณฐ์, นางสีดา, พระราม, พระลักษมณ์, มารีศ, ฤาษี, สำมนักขา, แกล้งทำ, ได้ยิน","กรุงลงกา, กวางทอง, จำกาย, ทศกัณฐ์, พระราม, พระลักษมณ์, มารีศ, ฤาษี, สำมนักขา, แกล้งทำ, ได้ยิน","การรบ, การสอน, การไถ, รามเกียรติ์",นางสีดา
การแสดงโขนเรื่องรามเกียรติ์ ตอน ศึกพรหมาสตร์,การแสดงโขนเรื่องรามเกียรติ์ ตอน ศึกพรหมาสตร์,15,23,14,1,9,"กราบทูล, กองทัพ, กาลสูร, ช้างเอราวัณ, ทำพิธี, นางฟ้า, พรหมาสตร์, พระอินทร์, มังกรกัณฐ์, รามเกียรติ์, รุทการ, สังหาร, สิ้นชีวิต, แปลงกาย, แปลงตัว","กราบทูล, กองทัพ, การุณราช, กาลสูร, ช้างเอราวัณ, ทศกัณฐ์, ทำพิธี, นางฟ้า, พรหมาสตร์, พระราม, พระอินทร์, มังกรกัณฐ์, รับสั่ง, รุทการ, ศรพรหมาสตร์, สังหาร, สิ้นชีวิต, อินทรชิต, เทวดา, แปลงกาย, แปลงตัว, แสงอาทิตย์, ไพร่พล","กราบทูล, กองทัพ, กาลสูร, ช้างเอราวัณ, ทำพิธี, นางฟ้า, พรหมาสตร์, พระอินทร์, มังกรกัณฐ์, รุทการ, สังหาร, สิ้นชีวิต, แปลงกาย, แปลงตัว",รามเกียรติ์,"การุณราช, ทศกัณฐ์, พระราม, รับสั่ง, ศรพรหมาสตร์, อินทรชิต, เทวดา, แสงอาทิตย์, ไพร่พล"
การแสดงโขนเรื่องรามเกียรติ์ ตอน ศึกวิรุญจำบัง,การแสดงโขนเรื่องรามเกียรติ์ ตอน ศึกวิรุญจำบัง,15,23,14,1,9,"กรุงลงกา, คู่ใจ, ท้าวลัสเตียน, นางสีดา, มารดา, รัชฎา, รับอาสา, รามเกียรติ์, วานร, วิรุญจำบัง, สมทบ, สัทธาสูร, หายตัว, อาสา, โอรส","กรุงลงกา, คู่ใจ, จารึก, ทศกัณฐ์, ท้าวลัสเตียน, ท้าวสัทธาสูร, นางสีดา, นิลพาหุ, พญาทูษณ์, พระราม, พลวานร, มารดา, รัชฎา, รับอาสา, วานร, วิรุญจำบัง, วิรุณจำบัง, สงคราม, สมทบ, สัทธาสูร, หายตัว, อาสา, โอรส","กรุงลงกา, คู่ใจ, ท้าวลัสเตียน, นางสีดา, มารดา, รัชฎา, รับอาสา, วานร, วิรุญจำบัง, สมทบ, สัทธาสูร, หายตัว, อาสา, โอรส",รามเกียรติ์,"จารึก, ทศกัณฐ์, ท้าวสัทธาสูร, นิลพาหุ, พญาทูษณ์, พระราม, พลวานร, วิรุณจำบัง, สงคราม"
การแสดงโขนเรื่องรามเกียรติ์ ตอน ศึกวิรุญมุข,การแสดงโขนเรื่องรามเกียรติ์ ตอน ศึกวิรุญมุข,15,22,14,1,8,"ข่ายเหล็ก, ชามพูวราช, ทำพิธี, พลลิง, มังกรกัณฐ์, รับอาสา, รามเกียรติ์, วิรุญจำบัง, วิรุญมุข, ศรนาคบาศ, สมรภูมิ, หนุมาน, อาสา, เดินอากาศ, โอรส","ขัดตาทัพ, ข่ายเหล็ก, ชามพูวราช, ทศกัณฐ์, ทำพิธี, พระราม, พระลักษมณ์, พลลิง, พิเภก, มังกรกัณฐ์, รับอาสา, วิรุญจำบัง, วิรุญมุข, ศรนาคบาศ, สมรภูมิ, หนุมาน, หายตัว, อาสา, อินทรชิต, เขาอังกาศ, เดินอากาศ, โอรส","ข่ายเหล็ก, ชามพูวราช, ทำพิธี, พลลิง, มังกรกัณฐ์, รับอาสา, วิรุญจำบัง, วิรุญมุข, ศรนาคบาศ, สมรภูมิ, หนุมาน, อาสา, เดินอากาศ, โอรส",รามเกียรติ์,"ขัดตาทัพ, ทศกัณฐ์, พระราม, พระลักษมณ์, พิเภก, หายตัว, อินทรชิต, เขาอังกาศ"
การแสดงโขนเรื่องรามเกียรติ์ ตอน ศึกสัทธาสูร,การแสดงโขนเรื่องรามเกียรติ์ ตอน ศึกสัทธาสูร,15,22,14,1,8,"ขี่ม้า, ข่ายเพชร, จนตาย, บอกทาง, ฟองน้ำ, ภูเขา, รามเกียรติ์, วานร, วิรุญจำบัง, ศรพาลจันทร์, สัทธาสูร, หนุมาน, หลบหนี, อาวุธ, เขาสัตภัณฑ์","ขี่ม้า, ข่ายเพชร, จนตาย, ดินดาล, ต่อสู้, ทศกัณฐ์, บอกทาง, พระยา, พระราม, ฟองน้ำ, ภูเขา, วานร, วานรินทร์, วิรุญจำบัง, ศรพาลจันทร์, สัทธาสูร, หนุมาน, หลบหนี, ออกอุบาย, อาวุธ, เขาสัตภัณฑ์, เทวดา","ขี่ม้า, ข่ายเพชร, จนตาย, บอกทาง, ฟองน้ำ, ภูเขา, วานร, วิรุญจำบัง, ศรพาลจันทร์, สัทธาสูร, หนุมาน, หลบหนี, อาวุธ, เขาสัตภัณฑ์",รามเกียรติ์,"ดินดาล, ต่อสู้, ทศกัณฐ์, พระยา, พระราม, วานรินทร์, ออกอุบาย, เทวดา"
การแสดงโขนเรื่องรามเกียรติ์ ตอน  ศึกแสงอาทิตย์,การแสดงโขนเรื่องรามเกียรติ์ ตอน ศึกแสงอาทิตย์,15,13,13,2,0,"กองทัพ, การสอน, ทศกัณฐ์, ประทาน, พญาขร, พระพรหม, พระราม, พิเภก, มังกรกัณฐ์, รามเกียรติ์, อนุชา, อาวุธ, แว่นแก้วสุรกานต์, แสงอาทิตย์, โอรส","กองทัพ, ทศกัณฐ์, ประทาน, พญาขร, พระพรหม, พระราม, พิเภก, มังกรกัณฐ์, อนุชา, อาวุธ, แว่นแก้วสุรกานต์, แสงอาทิตย์, โอรส","กองทัพ, ทศกัณฐ์, ประทาน, พญาขร, พระพรหม, พระราม, พิเภก, มังกรกัณฐ์, อนุชา, อาวุธ, แว่นแก้วสุรกานต์, แสงอาทิตย์, โอรส","การสอน, รามเกียรติ์",
การแสดงโขนเรื่องรามเกียรติ์ ตอน สามจับ,การแสดงโขนเรื่องรามเกียรติ์ ตอน สามจับ,15,9,9,6,0,"การทอ, การรบ, การสอน, การไถ, กุมภกรรณ, ต่อสู้, ต้นรัง, ถอยทัพ, รามเกียรติ์, สุครีพ, หนุมาน, หมดแรง, องคต, อสูร, ออกอุบาย","กุมภกรรณ, ต่อสู้, ต้นรัง, ถอยทัพ, สุครีพ, หนุมาน, หมดแรง, องคต, ออกอุบาย","กุมภกรรณ, ต่อสู้, ต้นรัง, ถอยทัพ, สุครีพ, หนุมาน, หมดแรง, องคต, ออกอุบาย","การทอ, การรบ, การสอน, การไถ, รามเกียรติ์, อสูร",
การแสดงโขนเรื่องรามเกียรติ์ ตอน สุครีพถอนต้นรัง,การแสดงโขนเรื่องรามเกียรติ์ ตอน สุครีพถอนต้นรัง,15,14,13,2,1,"การสอน, กุมภกรรณ, ต้นรัง, ถอยทัพ, ทศกัณฐ์, ทัพหน้า, พลับพลา, รามเกียรติ์, สุครีพ, หมดแรง, องคต, อนุชา, ออกศึก, ออกอุบาย, เชษฐา","กุมภกรรณ, ต้นรัง, ถอยทัพ, ทศกัณฐ์, ทัพหน้า, พลับพลา, สุครีพ, หนุมาน, หมดแรง, องคต, อนุชา, ออกศึก, ออกอุบาย, เชษฐา","กุมภกรรณ, ต้นรัง, ถอยทัพ, ทศกัณฐ์, ทัพหน้า, พลับพลา, สุครีพ, หมดแรง, องคต, อนุชา, ออกศึก, ออกอุบาย, เชษฐา","การสอน, รามเกียรติ์",หนุมาน
การแสดงโขนเรื่องรามเกียรติ์ ตอน  หนุมานชาญสมร,การแสดงโขนเรื่องรามเกียรติ์ ตอน หนุมานชาญสมร,15,21,13,2,8,"กรุงลงกา, กุณฑล, ขนเพชร, จำกาย, ทหารเอก, นางสวาหะ, ประทาน, ฝากตัว, พระนารายณ์, พระพาย, พระศิวะ, พระองค์, รามเกียรติ์, วานร, หนุมาน","กรุงลงกา, กองทัพ, กุณฑล, ขนเพชร, จำกาย, ทหารเอก, นางสวาหะ, ประทาน, ฝากตัว, พระนารายณ์, พระพาย, พระราม, พระองค์, พระอิศวร, พลับพลา, รับใช้, วานร, สวามิภักดิ์, หนุมาน, อวตาร, เขี้ยวแก้ว","กรุงลงกา, กุณฑล, ขนเพชร, จำกาย, ทหารเอก, นางสวาหะ, ประทาน, ฝากตัว, พระนารายณ์, พระพาย, พระองค์, วานร, หนุมาน","พระศิวะ, รามเกียรติ์","กองทัพ, พระราม, พระอิศวร, พลับพลา, รับใช้, สวามิภักดิ์, อวตาร, เขี้ยวแก้ว"
กินนรีร่อนออกมโนราห์บูชายัญ,กินนรีร่อนออกมโนราห์บูชายัญ,13,7,7,6,0,"กระบวนท่ารำ, กินรี, จับระบำ, ตารี, นางกินรี, นายขวัญ, บูชายัญ, มโนราห์, มโนห์รา, ละครชาตรี, สระอโนดาต, เล่นน้ำ, ใบชา","กระบวนท่ารำ, กินรี, นางกินรี, มโนราห์, ละครชาตรี, สระอโนดาต, เล่นน้ำ","กระบวนท่ารำ, กินรี, นางกินรี, มโนราห์, ละครชาตรี, สระอโนดาต, เล่นน้ำ","จับระบำ, ตารี, นายขวัญ, บูชายัญ, มโนห์รา, ใบชา",
กีปัสเรนัง,กีปัสเรนัง,15,7,7,8,0,"ขบวนแห่, ขับลำ, ขับไล่, ชาวพื้นเมือง, ตารี, ตารีกีปัส, ธงไทย, บุหงา, บุหรงซีงอ, ปัดเป่า, ปัตตานี, พัดเรนัง, ภาคใต้, มลายู, วานร","ขบวนแห่, ขับไล่, บุหรงซีงอ, ปัดเป่า, ปัตตานี, พัดเรนัง, มลายู","ขบวนแห่, ขับไล่, บุหรงซีงอ, ปัดเป่า, ปัตตานี, พัดเรนัง, มลายู","ขับลำ, ชาวพื้นเมือง, ตารี, ตารีกีปัส, ธงไทย, บุหงา, ภาคใต้, วานร",
จตุรภาคี,จตุรภาคี,13,8,7,6,1,"กะลา, ชาวเหนือ, ตารี, ตารีกีปัส, ภาคกลาง, ภาคตะวันออกเฉียงเหนือ, ภาคเหนือ, ภาคใต้, ลำเพลิน, สากล, สี่ภาค, เถิดเทิง, เพลงไทย","ตารี, ตารีกีปัส, ภาคกลาง, ภาคตะวันออกเฉียงเหนือ, ภาคเหนือ, ลําเพลิน, สี่ภาค, เถิดเทิง","ตารี, ตารีกีปัส, ภาคกลาง, ภาคตะวันออกเฉียงเหนือ, ภาคเหนือ, สี่ภาค, เถิดเทิง","กะลา, ชาวเหนือ, ภาคใต้, ลำเพลิน, สากล, เพลงไทย",ลําเพลิน
ฉุยฉายทศกัณฐ์ลงสวน,ฉุยฉายทศกัณฐ์ลงสวน,10,7,7,3,0,"กรุงลงกา, กะลา, ฉุยฉาย, ทศกัณฐ์, นางสีดา, ปางลีลา, พวงมาลัย, มือขวา, รามเกียรติ์, องคต","กรุงลงกา, ฉุยฉาย, ทศกัณฐ์, นางสีดา, พวงมาลัย, มือขวา, รามเกียรติ์","กรุงลงกา, ฉุยฉาย, ทศกัณฐ์, นางสีดา, พวงมาลัย, มือขวา, รามเกียรติ์","กะลา, ปางลีลา, องคต",
ฉุยฉายพราหมณ์,ฉุยฉายพราหมณ์,15,11,11,4,0,"ฉุยฉาย, ชาวพื้นเมือง, พระคเณศ, พระนารายณ์, พระศิวะ, พระอิศวร, พระอุมา, พราหมณ์, มเหสี, รจนา, สากล, ฮินดู, เทพเจ้า, เบิกโรง, แปลงกาย","ฉุยฉาย, พระคเณศ, พระนารายณ์, พระอิศวร, พระอุมา, พราหมณ์, มเหสี, ฮินดู, เทพเจ้า, เบิกโรง, แปลงกาย","ฉุยฉาย, พระคเณศ, พระนารายณ์, พระอิศวร, พระอุมา, พราหมณ์, มเหสี, ฮินดู, เทพเจ้า, เบิกโรง, แปลงกาย","ชาวพื้นเมือง, พระศิวะ, รจนา, สากล",
ฉุยฉายยอพระกลิ่น,ฉุยฉายยอพระกลิ่น,15,9,9,6,0,"กะลา, ฉุยฉาย, นางเอก, ปางลีลา, พระลอ, พระสวามี, มณีพิชัย, ยอพระกลิ่น, ละครนอก, ละครใน, สวามี, องคต, ออกเดินทาง, เครื่องแบบ, เดินทาง","ฉุยฉาย, นางเอก, พระสวามี, มณีพิชัย, ยอพระกลิ่น, ละครนอก, สวามี, ออกเดินทาง, เดินทาง","ฉุยฉาย, นางเอก, พระสวามี, มณีพิชัย, ยอพระกลิ่น, ละครนอก, สวามี, ออกเดินทาง, เดินทาง","กะลา, ปางลีลา, พระลอ, ละครใน, องคต, เครื่องแบบ",
ฉุยฉายวันทอง,ฉุยฉายวันทอง,15,8,8,7,0,"กลอุบาย, ขุนช้าง, ขุนแผน, ฉุยฉาย, ทำนอง, บุตรชาย, ปางลีลา, พระชายา, พระไวย, มารดา, วันทอง, สีทอง, องคต, ออกอุบาย, แปลงกาย","กลอุบาย, ขุนแผน, ฉุยฉาย, บุตรชาย, พระไวย, มารดา, วันทอง, แปลงกาย","กลอุบาย, ขุนแผน, ฉุยฉาย, บุตรชาย, พระไวย, มารดา, วันทอง, แปลงกาย","ขุนช้าง, ทำนอง, ปางลีลา, พระชายา, สีทอง, องคต, ออกอุบาย",
ฉุยฉายศูรปนขา,ฉุยฉายศูรปนขา,15,8,8,7,0,"กะลา, ฉุยฉาย, ต้นขา, ทศกัณฐ์, น้องสาว, ปางลีลา, พระราม, พระสวามี, ยักษิณี, รามเกียรติ์, วานร, ศูรปนขา, องคต, อาสา, แปลงกาย","ฉุยฉาย, ทศกัณฐ์, น้องสาว, พระราม, ยักษิณี, รามเกียรติ์, ศูรปนขา, แปลงกาย","ฉุยฉาย, ทศกัณฐ์, น้องสาว, พระราม, ยักษิณี, รามเกียรติ์, ศูรปนขา, แปลงกาย","กะลา, ต้นขา, ปางลีลา, พระสวามี, วานร, องคต, อาสา",
ฉุยฉายหนุมานทรงเครื่อง,ฉุยฉายหนุมานทรงเครื่อง,15,11,11,4,0,"ฉุยฉาย, ชายหนุ่ม, ทศกัณฐ์, ทหารเอก, พระราม, รามเกียรติ์, วานร, สงคราม, หนุมาน, ออกเดินทาง, เครื่องดนตรีพื้นบ้าน, เครื่องดนตรีพื้นเมือง, เครื่องประดับ, เครื่องแบบ, เดินทาง","ฉุยฉาย, ทศกัณฐ์, ทหารเอก, พระราม, รามเกียรติ์, วานร, สงคราม, หนุมาน, ออกเดินทาง, เครื่องแบบ, เดินทาง","ฉุยฉาย, ทศกัณฐ์, ทหารเอก, พระราม, รามเกียรติ์, วานร, สงคราม, หนุมาน, ออกเดินทาง, เครื่องแบบ, เดินทาง","ชายหนุ่ม, เครื่องดนตรีพื้นบ้าน, เครื่องดนตรีพื้นเมือง, เครื่องประดับ",
ฉุยฉายเบญกาย,ฉุยฉายเบญกาย,15,8,8,7,0,"กะลา, จำกาย, ฉุยฉาย, ทศกัณฐ์, นางสีดา, ปางลีลา, พระยา, พระราม, พระสวามี, รามเกียรติ์, สงคราม, สังข์ทอง, องคต, เบญกาย, แปลงกาย","ฉุยฉาย, ทศกัณฐ์, นางสีดา, พระราม, รามเกียรติ์, สงคราม, เบญกาย, แปลงกาย","ฉุยฉาย, ทศกัณฐ์, นางสีดา, พระราม, รามเกียรติ์, สงคราม, เบญกาย, แปลงกาย","กะลา, จำกาย, ปางลีลา, พระยา, พระสวามี, สังข์ทอง, องคต",
ชาติพันธุ์สราญ,ชาติพันธุ์สราญ,15,9,9,6,0,"กลุ่มชาติพันธุ์, งานรื่นเริง, ชาติพันธุ์, ชาวพื้นเมือง, นครปฐม, นักษัตร, พระพรหม, พระสวามี, ร่มพระบารมี, ลาวครั่ง, ลาวเวียง, วานร, ไทยจีน, ไทยทรงดำ, ไทยรามัญ","กลุ่มชาติพันธุ์, ชาติพันธุ์, นครปฐม, ร่มพระบารมี, ลาวครั่ง, ลาวเวียง, ไทยจีน, ไทยทรงดำ, ไทยรามัญ","กลุ่มชาติพันธุ์, ชาติพันธุ์, นครปฐม, ร่มพระบารมี, ลาวครั่ง, ลาวเวียง, ไทยจีน, ไทยทรงดำ, ไทยรามัญ","งานรื่นเริง, ชาวพื้นเมือง, นักษัตร, พระพรหม, พระสวามี, วานร",
ชาวดอย,ชาวดอย,11,2,2,9,0,"การละเล่นพื้นเมือง, จิตรกรรม, ชาวนา, ชาวพื้นเมือง, ชาวเหนือ, ทะเล, ทางธรรมชาติ, นักษัตร, ภาคเหนือ, วาจา, เกษตรกรรม","ภาคเหนือ, เกษตรกรรม","ภาคเหนือ, เกษตรกรรม","การละเล่นพื้นเมือง, จิตรกรรม, ชาวนา, ชาวพื้นเมือง, ชาวเหนือ, ทะเล, ทางธรรมชาติ, นักษัตร, วาจา",
ชุมนุมฉุยฉาย,ชุมนุมฉุยฉาย,11,3,3,8,0,"การขับร้อง, การรบ, ฉุยฉาย, ชุมนุม, ชุมพร, พราหมณ์, พลลิง, องคต, เครื่องแบบ, แต่งกายยืนเครื่องพระ, แปลงกาย","ฉุยฉาย, ชุมนุม, พราหมณ์","ฉุยฉาย, ชุมนุม, พราหมณ์","การขับร้อง, การรบ, ชุมพร, พลลิง, องคต, เครื่องแบบ, แต่งกายยืนเครื่องพระ, แปลงกาย",
ตะกล้อล้อท่า,ตะกล้อล้อท่า,15,13,7,8,6,"กระบวนท่ารำ, การละเล่นพื้นเมือง, ชาวพื้นเมือง, ตะกร้อ, ตีลังกา, ธงไทย, นานาชาติ, ปางลีลา, ระดับชาติ, ศีรษะ, สะล้อ, สากล, อาสา, เต้นสาก, แม่ท่า","การต่อสู้, ความคล่องแคล่ว, ตะกร้อ, ตีลังกา, ต่อสู้, นานาชาติ, ป้องกันตัว, ฟาดฟัน, ระดับชาติ, ศีรษะ, สากล, อาวุธ, แม่ท่า","ตะกร้อ, ตีลังกา, นานาชาติ, ระดับชาติ, ศีรษะ, สากล, แม่ท่า","กระบวนท่ารำ, การละเล่นพื้นเมือง, ชาวพื้นเมือง, ธงไทย, ปางลีลา, สะล้อ, อาสา, เต้นสาก","การต่อสู้, ความคล่องแคล่ว, ต่อสู้, ป้องกันตัว, ฟาดฟัน, อาวุธ"
นบนที,นบนที,12,5,4,8,1,"กระทุ้ง, กะลา, ขอขมา, ทางธรรมชาติ, ผู้มีพระคุณ, พระคเณศ, พระแม่คงคา, ลอยกระทง, ลายเส้น, สะล้อ, สายน้ำ, สิ่งศักดิ์สิทธิ์","ขอขมา, พระแม่คงคา, ลอยกระทง, สายนํ้า, สิ่งศักดิ์สิทธิ์","ขอขมา, พระแม่คงคา, ลอยกระทง, สิ่งศักดิ์สิทธิ์","กระทุ้ง, กะลา, ทางธรรมชาติ, ผู้มีพระคุณ, พระคเณศ, ลายเส้น, สะล้อ, สายน้ำ",สายนํ้า
นักษัตร,นักษัตร,12,3,3,9,0,"กระบวนท่ารำ, กะลา, ธงไทย, นักษัตร, ผู้ครองนคร, พระมหากษัตริย์, มลายู, วาจา, สากล, องคต, เคลื่อนไหว, เวที","นักษัตร, เคลื่อนไหว, เวที","นักษัตร, เคลื่อนไหว, เวที","กระบวนท่ารำ, กะลา, ธงไทย, ผู้ครองนคร, พระมหากษัตริย์, มลายู, วาจา, สากล, องคต",
นาฏ ณ วัง,นาฏ ณ วัง,15,5,5,10,0,"กะลา, การทอ, การสอน, ทัพหน้า, พระยา, พระราชวังบวรสถานมงคล, พระราม, มรกต, ละครนอก, วังหน้า, สากล, หนังใหญ่, ออกรบ, เคลื่อนไหว, เวที","พระราชวังบวรสถานมงคล, วังหน้า, หนังใหญ่, เคลื่อนไหว, เวที","พระราชวังบวรสถานมงคล, วังหน้า, หนังใหญ่, เคลื่อนไหว, เวที","กะลา, การทอ, การสอน, ทัพหน้า, พระยา, พระราม, มรกต, ละครนอก, สากล, ออกรบ",
นาฏยมวยไทย,นาฏยมวยไทย,12,5,5,7,0,"ต้นขา, ธงไทย, บรรพต, บรรพบุรุษ, ปางลีลา, ป้องกันตัว, มวยโบราณ, มวยไทย, มโนราห์, ศิลปะป้องกันตัว, แต่งตัว, แปลงตัว","บรรพบุรุษ, ป้องกันตัว, มวยโบราณ, มวยไทย, ศิลปะป้องกันตัว","บรรพบุรุษ, ป้องกันตัว, มวยโบราณ, มวยไทย, ศิลปะป้องกันตัว","ต้นขา, ธงไทย, บรรพต, ปางลีลา, มโนราห์, แต่งตัว, แปลงตัว",
ผืนไท,ผืนไท,15,6,6,9,0,"กรมศิลปากร, ธงไทย, นักษัตร, พระชายา, พระมหากษัตริย์, พระอุมา, พาลี, ภาคใต้, สากล, ออกรบ, อาณาประชาราษฎร์, อาสา, เคลื่อนไหว, เวที, ไตรรงค์","ธงไทย, พระมหากษัตริย์, อาณาประชาราษฎร์, เคลื่อนไหว, เวที, ไตรรงค์","ธงไทย, พระมหากษัตริย์, อาณาประชาราษฎร์, เคลื่อนไหว, เวที, ไตรรงค์","กรมศิลปากร, นักษัตร, พระชายา, พระอุมา, พาลี, ภาคใต้, สากล, ออกรบ, อาสา",
พนาธาร,พนาธาร,4,2,2,2,0,"ของป่า, ทางธรรมชาติ, วาจา, เคลื่อนไหว","ของป่า, เคลื่อนไหว","ของป่า, เคลื่อนไหว","ทางธรรมชาติ, วาจา",
พลองไม้สั้น,พลองไม้สั้น,15,10,9,6,1,"กระทุ้ง, การต่อสู้, คู่ต่อสู้, ตัวต่อตัว, ตีลังกา, ต่อสู้, ประชิดตัว, พระลอ, ลูกไม้, สีน้ำเงิน, อสูร, อาวุธ, เพลงไทย, แต่งตัว, ไม้สั้น","กระทุ้ง, การต่อสู้, คู่ต่อสู้, ตัวต่อตัว, ต่อสู้, ประชิดตัว, ลูกไม้, สีนํ้าเงิน, อาวุธ, ไม้สั้น","กระทุ้ง, การต่อสู้, คู่ต่อสู้, ตัวต่อตัว, ต่อสู้, ประชิดตัว, ลูกไม้, อาวุธ, ไม้สั้น","ตีลังกา, พระลอ, สีน้ำเงิน, อสูร, เพลงไทย, แต่งตัว",สีนํ้าเงิน
ฟ้อนขันดอก,ฟ้อนขันดอก,10,5,5,5,0,"กระบวนท่ารำ, การโปรย, ขันดอก, ชาวเหนือ, ช่อดอกไม้, ดอกไม้, ดอกไม้เงิน, นานาชาติ, ภาคเหนือ, ล้านนา","การโปรย, ขันดอก, ดอกไม้, ภาคเหนือ, ล้านนา","การโปรย, ขันดอก, ดอกไม้, ภาคเหนือ, ล้านนา","กระบวนท่ารำ, ชาวเหนือ, ช่อดอกไม้, ดอกไม้เงิน, นานาชาติ",
ฟ้อนจันทราพาฝัน,ฟ้อนจันทราพาฝัน,15,9,9,6,0,"ขับร้อง, ชาวพื้นเมือง, ชาวเหนือ, ทำนอง, ทำนองเพลง, ท่วงทำนอง, บทร้อง, มโนราห์, ศิลปินแห่งชาติ, หญิงสาว, ออกรบ, เพลงชาวไทย, เพลงลาวคำหอม, เพลงไทย, แสงจันทร์","ชาวเหนือ, ทำนอง, ทำนองเพลง, ท่วงทำนอง, บทร้อง, ศิลปินแห่งชาติ, หญิงสาว, เพลงลาวคำหอม, แสงจันทร์","ชาวเหนือ, ทำนอง, ทำนองเพลง, ท่วงทำนอง, บทร้อง, ศิลปินแห่งชาติ, หญิงสาว, เพลงลาวคำหอม, แสงจันทร์","ขับร้อง, ชาวพื้นเมือง, มโนราห์, ออกรบ, เพลงชาวไทย, เพลงไทย",
ฟ้อนดวงเดือน,ฟ้อนดวงเดือน,14,8,8,6,0,"การเกี้ยวพาราสี, คำร้อง, ชายหนุ่ม, ตามเพลง, ทำนอง, นักษัตร, พระนิพนธ์, วานร, สำเนียง, หญิงสาว, เทพเจ้า, เพลงสำเนียงลาว, เพลงอัตราจังหวะสองชั้น, เพลงไทย","การเกี้ยวพาราสี, คำร้อง, ชายหนุ่ม, ทำนอง, พระนิพนธ์, สำเนียง, หญิงสาว, เพลงอัตราจังหวะสองชั้น","การเกี้ยวพาราสี, คำร้อง, ชายหนุ่ม, ทำนอง, พระนิพนธ์, สำเนียง, หญิงสาว, เพลงอัตราจังหวะสองชั้น","ตามเพลง, นักษัตร, วานร, เทพเจ้า, เพลงสำเนียงลาว, เพลงไทย",
ฟ้อนที,ฟ้อนที,10,3,3,7,0,"ชาวพื้นเมือง, ชาวเหนือ, ดนตรีพื้นบ้าน, ดนตรีไทย, ตารี, ธงไทย, พื้นบ้านภาคใต้, ภาคเหนือ, เครื่องดนตรีพื้นบ้าน, แม่ฮ่องสอน","ดนตรีพื้นบ้าน, ภาคเหนือ, แม่ฮ่องสอน","ดนตรีพื้นบ้าน, ภาคเหนือ, แม่ฮ่องสอน","ชาวพื้นเมือง, ชาวเหนือ, ดนตรีไทย, ตารี, ธงไทย, พื้นบ้านภาคใต้, เครื่องดนตรีพื้นบ้าน",
ฟ้อนผาง,ฟ้อนผาง,11,5,5,6,0,"จุดไฟ, ชาวพื้นเมือง, ชาวเหนือ, ธงไทย, ผางประทีป, ภาคเหนือ, ภาชนะดินเผา, มวยโบราณ, มโนราห์, ล้านนา, โบราณสถาน","จุดไฟ, ผางประทีป, ภาคเหนือ, ภาชนะดินเผา, ล้านนา","จุดไฟ, ผางประทีป, ภาคเหนือ, ภาชนะดินเผา, ล้านนา","ชาวพื้นเมือง, ชาวเหนือ, ธงไทย, มวยโบราณ, มโนราห์, โบราณสถาน",
ฟ้อนภูไท,ฟ้อนภูไท,15,9,8,7,1,"กาฬสินธุ์, งานรื่นเริง, ชาวพื้นเมือง, ชาวภูไท, นครพนม, นักษัตร, มุกดาหาร, สกลนคร, สากล, สายสืบ, อาสา, เคลื่อนไหว, เทือกเขาภูพาน, แม่น้ำ, แม่น้ำโขง","กาฬสินธุ์, ชาวภูไท, นครพนม, มุกดาหาร, สกลนคร, สายสืบ, เคลื่อนไหว, เทือกเขาภูพาน, แม่นํ้าโขง","กาฬสินธุ์, ชาวภูไท, นครพนม, มุกดาหาร, สกลนคร, สายสืบ, เคลื่อนไหว, เทือกเขาภูพาน","งานรื่นเริง, ชาวพื้นเมือง, นักษัตร, สากล, อาสา, แม่น้ำ, แม่น้ำโขง",แม่นํ้าโขง
ฟ้อนภูไท 3 เผ่า,ฟ้อนภูไท 3 เผ่า,15,9,9,6,0,"การเกี้ยวพาราสี, กาฬสินธุ์, ชาวพื้นเมือง, ชาวภูไท, ต่อสู้, นครพนม, ปางลีลา, ผู้แสดงฝ่ายหญิง, มวยโบราณ, มวยไทย, วานร, สกลนคร, สากล, เชิงมวย, เทือกเขาภูพาน","การเกี้ยวพาราสี, กาฬสินธุ์, ชาวภูไท, ต่อสู้, นครพนม, มวยโบราณ, สกลนคร, เชิงมวย, เทือกเขาภูพาน","การเกี้ยวพาราสี, กาฬสินธุ์, ชาวภูไท, ต่อสู้, นครพนม, มวยโบราณ, สกลนคร, เชิงมวย, เทือกเขาภูพาน","ชาวพื้นเมือง, ปางลีลา, ผู้แสดงฝ่ายหญิง, มวยไทย, วานร, สากล",
ฟ้อนมาลัย,ฟ้อนมาลัย,15,21,15,0,6,"กรมศิลปากร, ข้าหลวง, ชั้นเดียว, ดอกไม้, ทำนอง, ทำนองเพลง, พญาผานอง, พระชายา, พระบาทสมเด็จพระจุลจอมเกล้าเจ้าอยู่หัว, ละครพันทาง, สำเนียง, เจ้าดารารัศมี, เชียงใหม่, เพลงสำเนียงลาว, โรงละครแห่งชาติ","กรมศิลปากร, ข้าหลวง, ชั้นเดียว, ดอกไม้, ทำนอง, ทำนองเพลง, นางพญาคำปิน, น้อยใจยา, บทร้อง, พญาผานอง, พระชายา, พระบาทสมเด็จพระจุลจอมเกล้าเจ้าอยู่หัว, ราชสำนัก, ละครพันทาง, สำเนียง, อาจารย์, เจ้าดารารัศมี, เชียงใหม่, เพลงฟ้อนดวงดอกไม้, เพลงสำเนียงลาว, โรงละครแห่งชาติ","กรมศิลปากร, ข้าหลวง, ชั้นเดียว, ดอกไม้, ทำนอง, ทำนองเพลง, พญาผานอง, พระชายา, พระบาทสมเด็จพระจุลจอมเกล้าเจ้าอยู่หัว, ละครพันทาง, สำเนียง, เจ้าดารารัศมี, เชียงใหม่, เพลงสำเนียงลาว, โรงละครแห่งชาติ",,"นางพญาคำปิน, น้อยใจยา, บทร้อง, ราชสำนัก, อาจารย์, เพลงฟ้อนดวงดอกไม้"
ฟ้อนรัก,ฟ้อนรัก,15,17,15,0,2,"ท้าวพิชัยพิษณุกร, นางรื่น, นางโรย, นายขวัญ, นายแก้ว, บทร้อง, พระนิพนธ์, พระพี่เลี้ยง, พระราชธิดา, พระลอ, พระเจ้าบรมวงศ์เธอกรมพระนราธิปประพันธ์พงศ์, พระเพื่อน, พระแพง, พี่เลี้ยง, ละครพันทาง","ท้าวพิชัยพิษณุกร, นางรื่น, นางโรย, นายขวัญ, นายแก้ว, บทร้อง, พระนิพนธ์, พระพี่เลี้ยง, พระราชธิดา, พระลอ, พระเจ้าบรมวงศ์เธอกรมพระนราธิปประพันธ์พงศ์, พระเพื่อน, พระแพง, พี่เลี้ยง, ละครพันทาง, ลิลิตพระลอ, แมนสรวง","ท้าวพิชัยพิษณุกร, นางรื่น, นางโรย, นายขวัญ, นายแก้ว, บทร้อง, พระนิพนธ์, พระพี่เลี้ยง, พระราชธิดา, พระลอ, พระเจ้าบรมวงศ์เธอกรมพระนราธิปประพันธ์พงศ์, พระเพื่อน, พระแพง, พี่เลี้ยง, ละครพันทาง",,"ลิลิตพระลอ, แมนสรวง"
ฟ้อนลีลาวดี,ฟ้อนลีลาวดี,14,4,4,10,0,"ดนตรีพื้นบ้าน, ดนตรีไทย, ตารี, ต้นลีลาวดี, ทัพหน้า, พระลอ, พระอุมา, พระอุโบสถ, วังหน้า, วาจา, สุทธาวาส, เครื่องดนตรีพื้นบ้าน, เครื่องดนตรีพื้นเมือง, เสียงดนตรี","ต้นลีลาวดี, พระอุโบสถ, วังหน้า, สุทธาวาส","ต้นลีลาวดี, พระอุโบสถ, วังหน้า, สุทธาวาส","ดนตรีพื้นบ้าน, ดนตรีไทย, ตารี, ทัพหน้า, พระลอ, พระอุมา, วาจา, เครื่องดนตรีพื้นบ้าน, เครื่องดนตรีพื้นเมือง, เสียงดนตรี",
ฟ้อนสาวไหม,ฟ้อนสาวไหม,15,7,7,8,0,"การทอ, ชาวเหนือ, ดนตรีพื้นบ้าน, ดนตรีไทย, ตารี, ทอผ้า, น้องสาว, ผ้าไหม, พื้นบ้านภาคใต้, ภาคเหนือ, สะล้อ, เครื่องดนตรีพื้นบ้าน, เครื่องดนตรีพื้นเมือง, เครื่องแบบ, เพลงไทย","การทอ, ดนตรีพื้นบ้าน, ทอผ้า, ผ้าไหม, ภาคเหนือ, สะล้อ, เครื่องดนตรีพื้นบ้าน","การทอ, ดนตรีพื้นบ้าน, ทอผ้า, ผ้าไหม, ภาคเหนือ, สะล้อ, เครื่องดนตรีพื้นบ้าน","ชาวเหนือ, ดนตรีไทย, ตารี, น้องสาว, พื้นบ้านภาคใต้, เครื่องดนตรีพื้นเมือง, เครื่องแบบ, เพลงไทย",
ฟ้อนหมากกั๊บแก๊บลำเพลิน,ฟ้อนหมากกั๊บแก๊บลำเพลิน,15,11,10,5,1,"การขับร้อง, ขับร้อง, ชาวพื้นเมือง, ดนตรีพื้นบ้าน, ดนตรีไทย, ฟันปลา, ภาคอีสาน, ลำเพลิน, หมากกั๊บแก๊บ, หยอกล้อ, อีสาน, เครื่องดนตรีพื้นเมือง, เพลงไทย, ไม้ยาว, ไม้สั้น","การขับร้อง, ขับร้อง, ดนตรีพื้นบ้าน, ฟันปลา, ภาคอีสาน, ลําเพลิน, หมากกั๊บแก๊บ, หยอกล้อ, อีสาน, ไม้ยาว, ไม้สั้น","การขับร้อง, ขับร้อง, ดนตรีพื้นบ้าน, ฟันปลา, ภาคอีสาน, หมากกั๊บแก๊บ, หยอกล้อ, อีสาน, ไม้ยาว, ไม้สั้น","ชาวพื้นเมือง, ดนตรีไทย, ลำเพลิน, เครื่องดนตรีพื้นเมือง, เพลงไทย",ลําเพลิน
ฟ้อนเจิง,ฟ้อนเจิง,11,6,6,5,0,"การต่อสู้, ชั้นเชิง, ชาวพื้นเมือง, ชาวเหนือ, ต่อสู้, ธงไทย, ภาคเหนือ, มือเปล่า, ล้านนา, อสูร, อาวุธ","การต่อสู้, ต่อสู้, ภาคเหนือ, มือเปล่า, ล้านนา, อาวุธ","การต่อสู้, ต่อสู้, ภาคเหนือ, มือเปล่า, ล้านนา, อาวุธ","ชั้นเชิง, ชาวพื้นเมือง, ชาวเหนือ, ธงไทย, อสูร",
ฟ้อนเทียน,ฟ้อนเทียน,13,5,5,8,0,"กลางคืน, กะลา, จุดไฟ, ชาวเหนือ, ทำนองเพลง, ภาคกลาง, ภาคเหนือ, สากล, หญิงสาว, อินเดีย, เคลื่อนไหว, เพลงไทย, เวที","กลางคืน, จุดไฟ, ภาคเหนือ, หญิงสาว, เคลื่อนไหว","กลางคืน, จุดไฟ, ภาคเหนือ, หญิงสาว, เคลื่อนไหว","กะลา, ชาวเหนือ, ทำนองเพลง, ภาคกลาง, สากล, อินเดีย, เพลงไทย, เวที",
ฟ้อนเล็บ,ฟ้อนเล็บ,12,3,3,9,0,"ขับร้อง, ชาวเหนือ, ตามเพลง, ต้นรัง, ทำนองเพลง, ธงไทย, บทร้อง, พลลิง, ภาคเหนือ, สีทอง, เพลงกลม, เพลงไทย","บทร้อง, ภาคเหนือ, สีทอง","บทร้อง, ภาคเหนือ, สีทอง","ขับร้อง, ชาวเหนือ, ตามเพลง, ต้นรัง, ทำนองเพลง, ธงไทย, พลลิง, เพลงกลม, เพลงไทย",
มวยคาดเชือก,มวยคาดเชือก,13,5,5,8,0,"กระบวนท่ารำ, การต่อสู้, ความคล่องแคล่ว, ต่อสู้, มวยโบราณ, มวยไทย, มัยราพณ์, มโนราห์, รับอาสา, รับใช้, องคต, อสูร, แม่ไม้มวย","การต่อสู้, ต่อสู้, มวยไทย, รับใช้, แม่ไม้มวย","การต่อสู้, ต่อสู้, มวยไทย, รับใช้, แม่ไม้มวย","กระบวนท่ารำ, ความคล่องแคล่ว, มวยโบราณ, มัยราพณ์, มโนราห์, รับอาสา, องคต, อสูร",
รจนาเสี่ยงพวงมาลัย,รจนาเสี่ยงพวงมาลัย,15,15,15,0,0,"นางเอก, บทละคร, บุปเพสันนิวาส, พระสังข์, พระเอก, พวงมาลัย, รจนา, รูปทอง, รูปนอก, สวามี, สังข์ทอง, เจ้าหญิง, เจ้าเงาะ, แกล้งทำ, แปลงตัว","นางเอก, บทละคร, บุปเพสันนิวาส, พระสังข์, พระเอก, พวงมาลัย, รจนา, รูปทอง, รูปนอก, สวามี, สังข์ทอง, เจ้าหญิง, เจ้าเงาะ, แกล้งทำ, แปลงตัว","นางเอก, บทละคร, บุปเพสันนิวาส, พระสังข์, พระเอก, พวงมาลัย, รจนา, รูปทอง, รูปนอก, สวามี, สังข์ทอง, เจ้าหญิง, เจ้าเงาะ, แกล้งทำ, แปลงตัว",,
รองเง็ง,รองเง็ง,15,4,4,11,0,"การละเล่นพื้นเมือง, ค้าขาย, งานรื่นเริง, ชาวพื้นเมือง, ชาวภูไท, ธงไทย, นางรื่น, ผู้แสดงฝ่ายชาย, ภาคใต้, มลายู, วานร, เพลงชาวไทย, แผ่อิทธิพล, โปรตุเกส, ใบชา","ค้าขาย, งานรื่นเริง, มลายู, โปรตุเกส","ค้าขาย, งานรื่นเริง, มลายู, โปรตุเกส","การละเล่นพื้นเมือง, ชาวพื้นเมือง, ชาวภูไท, ธงไทย, นางรื่น, ผู้แสดงฝ่ายชาย, ภาคใต้, วานร, เพลงชาวไทย, แผ่อิทธิพล, ใบชา",
ระบำกรับ,ระบำกรับ,15,7,7,8,0,"กรับพวง, กวางทอง, จับระบำ, ดนตรีพื้นบ้าน, ดนตรีไทย, ตารี, ต้นขา, ทำนอง, ท่วงทำนอง, ฝ่ามือ, มือขวา, เครื่องดนตรีพื้นบ้าน, เครื่องดนตรีพื้นเมือง, เครื่องแบบ, เพลงไทย","กรับพวง, ดนตรีไทย, ต้นขา, ทำนอง, ท่วงทำนอง, ฝ่ามือ, มือขวา","กรับพวง, ดนตรีไทย, ต้นขา, ทำนอง, ท่วงทำนอง, ฝ่ามือ, มือขวา","กวางทอง, จับระบำ, ดนตรีพื้นบ้าน, ตารี, เครื่องดนตรีพื้นบ้าน, เครื่องดนตรีพื้นเมือง, เครื่องแบบ, เพลงไทย",
ระบำกฤดาภินิหาร,ระบำกฤดาภินิหาร,15,9,9,6,0,"กรมศิลปากร, การรบ, การสอน, ขับร้อง, จับระบำ, นางฟ้า, บทร้อง, ยมะ, รจนา, ศุภลักษณ์, สากล, อาสา, อาหาร, เกียรติศักดิ์ไทย, เทวดา","กรมศิลปากร, การสอน, นางฟ้า, บทร้อง, ยมะ, ศุภลักษณ์, สากล, เกียรติศักดิ์ไทย, เทวดา","กรมศิลปากร, การสอน, นางฟ้า, บทร้อง, ยมะ, ศุภลักษณ์, สากล, เกียรติศักดิ์ไทย, เทวดา","การรบ, ขับร้อง, จับระบำ, รจนา, อาสา, อาหาร",
ระบำกินรีร่อน,ระบำกินรีร่อน,15,5,5,10,0,"กวางทอง, กะลา, กินรี, จับระบำ, ทำนอง, ท่วงทำนอง, นางกินรี, พลลิง, มโนราห์, สระอโนดาต, เขาไกรลาส, เขาไกลลาศ, เพลงกลม, เพลงไทย, เล่นน้ำ","กินรี, ทำนอง, ท่วงทำนอง, สระอโนดาต, เขาไกรลาส","กินรี, ทำนอง, ท่วงทำนอง, สระอโนดาต, เขาไกรลาส","กวางทอง, กะลา, จับระบำ, นางกินรี, พลลิง, มโนราห์, เขาไกลลาศ, เพลงกลม, เพลงไทย, เล่นน้ำ",
ระบำฉิ่ง,ระบำฉิ่ง,13,4,4,9,0,"กวางทอง, จับระบำ, ดนตรีพื้นบ้าน, ดนตรีไทย, ตารี, ทำนอง, ท่วงทำนอง, รัวฉิ่ง, องคต, เครื่องดนตรีพื้นบ้าน, เครื่องดนตรีพื้นเมือง, เครื่องแบบ, เพลงไทย","ดนตรีไทย, ทำนอง, ท่วงทำนอง, รัวฉิ่ง","ดนตรีไทย, ทำนอง, ท่วงทำนอง, รัวฉิ่ง","กวางทอง, จับระบำ, ดนตรีพื้นบ้าน, ตารี, องคต, เครื่องดนตรีพื้นบ้าน, เครื่องดนตรีพื้นเมือง, เครื่องแบบ, เพลงไทย",
ระบำชาวนา,ระบำชาวนา,13,3,3,10,0,"กสิกรรม, การรบ, การโปรย, การไถ, จับระบำ, ชาวนา, ชาวพื้นเมือง, ชาวเขา, ผู้แสดงฝ่ายชาย, ผู้แสดงฝ่ายหญิง, รำเดี่ยว, วานร, สะล้อ","กสิกรรม, การไถ, ชาวนา","กสิกรรม, การไถ, ชาวนา","การรบ, การโปรย, จับระบำ, ชาวพื้นเมือง, ชาวเขา, ผู้แสดงฝ่ายชาย, ผู้แสดงฝ่ายหญิง, รำเดี่ยว, วานร, สะล้อ",
ระบำชุดไทยพระราชนิยม,ระบำชุดไทยพระราชนิยม,15,12,12,3,0,"ฉลองพระองค์, บทร้อง, พระบรมราชชนนีพันปีหลวง, พระราชธิดา, พระราชพิธี, พระองค์, ยมะ, ไทยจักรพรรดิ์, ไทยจักรี, ไทยจิตรลดา, ไทยดุสิต, ไทยบรมพิมาน, ไทยศิวาลัย, ไทยอมรินทร์, ไทยเรือนต้น","ฉลองพระองค์, บทร้อง, พระบรมราชชนนีพันปีหลวง, พระองค์, ไทยจักรพรรดิ์, ไทยจักรี, ไทยจิตรลดา, ไทยดุสิต, ไทยบรมพิมาน, ไทยศิวาลัย, ไทยอมรินทร์, ไทยเรือนต้น","ฉลองพระองค์, บทร้อง, พระบรมราชชนนีพันปีหลวง, พระองค์, ไทยจักรพรรดิ์, ไทยจักรี, ไทยจิตรลดา, ไทยดุสิต, ไทยบรมพิมาน, ไทยศิวาลัย, ไทยอมรินทร์, ไทยเรือนต้น","พระราชธิดา, พระราชพิธี, ยมะ",
ระบำดาวดึงส์,ระบำดาวดึงส์,15,10,10,5,0,"จับระบำ, ดาวดึงส์, ทิพยวิมาน, พระจันทร์, พระศิวะ, พระอินทร์, ระบำมาตรฐาน, รำมาตรฐาน, ละครดึกดำบรรพ์, ละครนอก, สังข์ทอง, เครื่องแบบ, เทพธิดา, เทพบุตร, แต่งกายยืนเครื่องพระ","จับระบำ, ดาวดึงส์, ทิพยวิมาน, พระอินทร์, ระบำมาตรฐาน, ละครดึกดำบรรพ์, สังข์ทอง, เทพธิดา, เทพบุตร, แต่งกายยืนเครื่องพระ","จับระบำ, ดาวดึงส์, ทิพยวิมาน, พระอินทร์, ระบำมาตรฐาน, ละครดึกดำบรรพ์, สังข์ทอง, เทพธิดา, เทพบุตร, แต่งกายยืนเครื่องพระ","พระจันทร์, พระศิวะ, รำมาตรฐาน, ละครนอก, เครื่องแบบ",
ระบำตารีกีปัส,ระบำตารีกีปัส,15,5,5,10,0,"จับระบำ, ชาวพื้นเมือง, ดนตรีพื้นบ้าน, ดนตรีไทย, ตารี, ตารีกีปัส, ธงไทย, ภาคใต้, เกราะลอ, เครื่องดนตรีตะวันตก, เครื่องดนตรีพื้นบ้าน, เครื่องดนตรีพื้นเมือง, เครื่องประกอบจังหวะ, เครื่องประดับ, เพลงไทย","ตารี, ตารีกีปัส, เครื่องดนตรีตะวันตก, เครื่องดนตรีพื้นเมือง, เครื่องประกอบจังหวะ","ตารี, ตารีกีปัส, เครื่องดนตรีตะวันตก, เครื่องดนตรีพื้นเมือง, เครื่องประกอบจังหวะ","จับระบำ, ชาวพื้นเมือง, ดนตรีพื้นบ้าน, ดนตรีไทย, ธงไทย, ภาคใต้, เกราะลอ, เครื่องดนตรีพื้นบ้าน, เครื่องประดับ, เพลงไทย",
ระบำตารีบุหงา,ระบำตารีบุหงา,15,11,11,4,0,"ของที่ระลึก, งานแต่งงาน, จับระบำ, ชาวพื้นเมือง, ช่อดอกไม้, ดอกไม้, ตารี, ตารีบุหงา, บุหงา, พื้นบ้านภาคใต้, ภาคใต้, ภาษามลายู, มลายู, มุสลิม, เครื่องแบบ","ของที่ระลึก, งานแต่งงาน, ช่อดอกไม้, ดอกไม้, ตารี, ตารีบุหงา, บุหงา, พื้นบ้านภาคใต้, ภาษามลายู, มลายู, มุสลิม","ของที่ระลึก, งานแต่งงาน, ช่อดอกไม้, ดอกไม้, ตารี, ตารีบุหงา, บุหงา, พื้นบ้านภาคใต้, ภาษามลายู, มลายู, มุสลิม","จับระบำ, ชาวพื้นเมือง, ภาคใต้, เครื่องแบบ",
ระบำทวารวดี,ระบำทวารวดี,15,6,6,9,0,"การดีด, งานประติมากรรม, จับระบำ, จิตรกรรม, ดนตรีพื้นบ้าน, ดนตรีไทย, ประติมากรรม, ปารวตี, พุทธศตวรรษ, ระบำโบราณคดี, วานร, สมัยทวารวดี, เครื่องแบบ, เสียงดนตรี, โบราณวัตถุ","จิตรกรรม, ประติมากรรม, พุทธศตวรรษ, สมัยทวารวดี, เสียงดนตรี, โบราณวัตถุ","จิตรกรรม, ประติมากรรม, พุทธศตวรรษ, สมัยทวารวดี, เสียงดนตรี, โบราณวัตถุ","การดีด, งานประติมากรรม, จับระบำ, ดนตรีพื้นบ้าน, ดนตรีไทย, ปารวตี, ระบำโบราณคดี, วานร, เครื่องแบบ",
ระบำนพรัตน์,ระบำนพรัตน์,10,7,7,3,0,"จับระบำ, ทับทิม, นิ้วเพชร, บุษราคัม, มรกต, อัญมณี, อุษา, เพทาย, โกเมน, ไพฑูรย์","ทับทิม, บุษราคัม, มรกต, อัญมณี, เพทาย, โกเมน, ไพฑูรย์","ทับทิม, บุษราคัม, มรกต, อัญมณี, เพทาย, โกเมน, ไพฑูรย์","จับระบำ, นิ้วเพชร, อุษา",
ระบำพรหมาสตร์,ระบำพรหมาสตร์,15,17,15,0,2,"กองทัพ, การุณราช, ช้างเอราวัณ, ทศกัณฐ์, นางฟ้า, พรหมาสตร์, พระลักษมณ์, พระอินทร์, รามเกียรติ์, วานร, อินทรชิต, เทวดา, แปลงกาย, แปลงตัว, โอรส","กองทัพ, การุณราช, ช้างเอราวัณ, ทศกัณฐ์, นางฟ้า, พรหมาสตร์, พระลักษมณ์, พระอินทร์, รามเกียรติ์, วานร, สงคราม, อินทรชิต, เทพบุตร, เทวดา, แปลงกาย, แปลงตัว, โอรส","กองทัพ, การุณราช, ช้างเอราวัณ, ทศกัณฐ์, นางฟ้า, พรหมาสตร์, พระลักษมณ์, พระอินทร์, รามเกียรติ์, วานร, อินทรชิต, เทวดา, แปลงกาย, แปลงตัว, โอรส",,"สงคราม, เทพบุตร"
ระบำม้า,ระบำม้า,15,6,6,9,0,"กะลา, การทอ, การสอน, จับระบำ, ธิเบศร์, บุรี, พระนารายณ์, ยมะ, ระบำมาตรฐาน, ออกเดินทาง, อาสา, เชษฐา, เดินทาง, เวที, แปลงกาย","การสอน, ธิเบศร์, บุรี, ยมะ, ออกเดินทาง, เดินทาง","การสอน, ธิเบศร์, บุรี, ยมะ, ออกเดินทาง, เดินทาง","กะลา, การทอ, จับระบำ, พระนารายณ์, ระบำมาตรฐาน, อาสา, เชษฐา, เวที, แปลงกาย",
ระบำย่องหงิด,ระบำย่องหงิด,15,17,14,1,3,"กระบวนท่ารำ, คำร้อง, ทำนอง, ทำนองเพลง, นางฟ้า, พี่เลี้ยง, ย่องหงิด, ละครใน, วาดรูป, ศุภลักษณ์, อาสา, อุษา, เทพธิดา, เทวดา, เพลงไทย","กระบวนท่ารำ, คำร้อง, จับระบำ, ทำนอง, ทำนองเพลง, นางฟ้า, พี่เลี้ยง, ย่องหงิด, ละครใน, วาดรูป, ศุภลักษณ์, อาสา, อุณรุท, อุษา, เทพธิดา, เทพบุตร, เทวดา","กระบวนท่ารำ, คำร้อง, ทำนอง, ทำนองเพลง, นางฟ้า, พี่เลี้ยง, ย่องหงิด, ละครใน, วาดรูป, ศุภลักษณ์, อาสา, อุษา, เทพธิดา, เทวดา",เพลงไทย,"จับระบำ, อุณรุท, เทพบุตร"
ระบำร่อนแร่,ระบำร่อนแร่,15,3,2,13,1,"การรบ, การร่อนแร่, การโปรย, งานรื่นเริง, จับระบำ, ดนตรีพื้นบ้าน, ทางธรรมชาติ, ธงไทย, นางรื่น, ฝั่งน้ำ, ภาคใต้, หญิงสาว, เครื่องประกอบจังหวะ, เล่นน้ำ, แหล่งน้ำ","การร่อนแร่, หญิงสาว, แหล่งนํ้า","การร่อนแร่, หญิงสาว","การรบ, การโปรย, งานรื่นเริง, จับระบำ, ดนตรีพื้นบ้าน, ทางธรรมชาติ, ธงไทย, นางรื่น, ฝั่งน้ำ, ภาคใต้, เครื่องประกอบจังหวะ, เล่นน้ำ, แหล่งน้ำ",แหล่งนํ้า
ระบำลพบุรี,ระบำลพบุรี,15,10,10,5,0,"งานประติมากรรม, จับระบำ, ดนตรีพื้นบ้าน, ดนตรีไทย, ทับหลัง, นครราชสีมา, บุรี, บุรีรัมย์, ประติมากรรม, ปราสาทพนมรุ้ง, ปราสาทหินพิมาย, พุทธศตวรรษ, ระบำโบราณคดี, สมัยลพบุรี, หน้าบัน","ทับหลัง, นครราชสีมา, บุรี, บุรีรัมย์, ประติมากรรม, ปราสาทพนมรุ้ง, ปราสาทหินพิมาย, พุทธศตวรรษ, สมัยลพบุรี, หน้าบัน","ทับหลัง, นครราชสีมา, บุรี, บุรีรัมย์, ประติมากรรม, ปราสาทพนมรุ้ง, ปราสาทหินพิมาย, พุทธศตวรรษ, สมัยลพบุรี, หน้าบัน","งานประติมากรรม, จับระบำ, ดนตรีพื้นบ้าน, ดนตรีไทย, ระบำโบราณคดี",
ระบำวิชนี,ระบำวิชนี,15,8,8,7,0,"ขับร้อง, จับระบำ, ทำนอง, ทำนองเพลง, นางใน, บทร้อง, มือขวา, ราชสำนัก, วานร, วิชนี, หญิงสาว, อาสา, เพลงกลม, เพลงไทย, แปลงกาย","ทำนอง, ทำนองเพลง, นางใน, บทร้อง, มือขวา, ราชสำนัก, วิชนี, หญิงสาว","ทำนอง, ทำนองเพลง, นางใน, บทร้อง, มือขวา, ราชสำนัก, วิชนี, หญิงสาว","ขับร้อง, จับระบำ, วานร, อาสา, เพลงกลม, เพลงไทย, แปลงกาย",
ระบำศรีชยสิงห์,ระบำศรีชยสิงห์,15,11,11,4,0,"กาญจนบุรี, จับระบำ, จารึก, ธงไทย, นางอัปสราบายน, บุรี, ปราสาทพระขรรค์, ปราสาทเมืองสิงห์, พระเจ้าชัยวรมัน, ภาพจำหลัก, ริมแม่น้ำ, วานร, เครื่องแบบ, แควน้อย, แม่น้ำ","กาญจนบุรี, จารึก, นางอัปสราบายน, บุรี, ปราสาทพระขรรค์, ปราสาทเมืองสิงห์, พระเจ้าชัยวรมัน, ภาพจำหลัก, ริมแม่น้ำ, แควน้อย, แม่น้ำ","กาญจนบุรี, จารึก, นางอัปสราบายน, บุรี, ปราสาทพระขรรค์, ปราสาทเมืองสิงห์, พระเจ้าชัยวรมัน, ภาพจำหลัก, ริมแม่น้ำ, แควน้อย, แม่น้ำ","จับระบำ, ธงไทย, วานร, เครื่องแบบ",
ระบำศรีวิชัย,ระบำศรีวิชัย,15,9,9,6,0,"จับระบำ, ชุมพร, ดนตรีพื้นบ้าน, ดนตรีไทย, นครศรีธรรมราช, ปัตตานี, พุทธศตวรรษ, มณีพิชัย, มลายู, ระบำโบราณคดี, สมัยศรีวิชัย, อินโดนีเซีย, เครื่องแบบ, แหลมมลายู, โบราณวัตถุ","ชุมพร, นครศรีธรรมราช, ปัตตานี, พุทธศตวรรษ, มลายู, สมัยศรีวิชัย, อินโดนีเซีย, แหลมมลายู, โบราณวัตถุ","ชุมพร, นครศรีธรรมราช, ปัตตานี, พุทธศตวรรษ, มลายู, สมัยศรีวิชัย, อินโดนีเซีย, แหลมมลายู, โบราณวัตถุ","จับระบำ, ดนตรีพื้นบ้าน, ดนตรีไทย, มณีพิชัย, ระบำโบราณคดี, เครื่องแบบ",
ระบำสุโขทัย,ระบำสุโขทัย,15,7,6,9,1,"กสิกรรม, งานประติมากรรม, จับระบำ, ดนตรีพื้นบ้าน, ดนตรีไทย, ประติมากรรม, ปางลีลา, ปูนปั้น, พระพุทธรูป, พุทธศตวรรษ, ระบำโบราณคดี, สมัยสุโขทัย, หล่อสำริด, อสูร, เครื่องแบบ","ประติมากรรม, ปางลีลา, ปูนปั้น, พระพุทธรูป, พุทธศตวรรษ, สมัยสุโขทัย, หล่อสําริด","ประติมากรรม, ปางลีลา, ปูนปั้น, พระพุทธรูป, พุทธศตวรรษ, สมัยสุโขทัย","กสิกรรม, งานประติมากรรม, จับระบำ, ดนตรีพื้นบ้าน, ดนตรีไทย, ระบำโบราณคดี, หล่อสำริด, อสูร, เครื่องแบบ",หล่อสําริด
ระบำอยุธยา,ระบำอยุธยา,9,4,4,5,0,"การทอ, การสอน, จับระบำ, พระองค์, มโนราห์, ระบำโบราณคดี, ศิลปหัตถกรรม, ศิลปินแห่งชาติ, อยุธยา","การสอน, ระบำโบราณคดี, ศิลปหัตถกรรม, ศิลปินแห่งชาติ","การสอน, ระบำโบราณคดี, ศิลปหัตถกรรม, ศิลปินแห่งชาติ","การทอ, จับระบำ, พระองค์, มโนราห์, อยุธยา",
ระบำเก็บใบชา,ระบำเก็บใบชา,15,9,9,6,0,"กลับบ้าน, การละเล่นพื้นเมือง, การเก็บใบชา, งานรื่นเริง, จับระบำ, ชาวพื้นเมือง, ชาวเขา, ธงไทย, ผึ่งแดด, ผู้แสดงฝ่ายหญิง, ภาคเหนือ, วานร, ออกเดินทาง, เดินทาง, ใบชา","กลับบ้าน, การเก็บใบชา, ชาวพื้นเมือง, ชาวเขา, ผึ่งแดด, ภาคเหนือ, ออกเดินทาง, เดินทาง, ใบชา","กลับบ้าน, การเก็บใบชา, ชาวพื้นเมือง, ชาวเขา, ผึ่งแดด, ภาคเหนือ, ออกเดินทาง, เดินทาง, ใบชา","การละเล่นพื้นเมือง, งานรื่นเริง, จับระบำ, ธงไทย, ผู้แสดงฝ่ายหญิง, วานร",
ระบำเซียงแสน,ระบำเซียงแสน,15,8,8,7,0,"กสิกรรม, จับระบำ, จิตรกรรม, ดนตรีพื้นบ้าน, ดนตรีไทย, ปูนปั้น, พุทธศตวรรษ, ภาคตะวันออกเฉียงเหนือ, ภาคเหนือ, ภาพจิตรกรรมฝาผนัง, ระบำโบราณคดี, สำเนียง, อาสา, เสียงดนตรี, โบราณสถาน","จิตรกรรม, ปูนปั้น, พุทธศตวรรษ, ภาคตะวันออกเฉียงเหนือ, ภาคเหนือ, ภาพจิตรกรรมฝาผนัง, เสียงดนตรี, โบราณสถาน","จิตรกรรม, ปูนปั้น, พุทธศตวรรษ, ภาคตะวันออกเฉียงเหนือ, ภาคเหนือ, ภาพจิตรกรรมฝาผนัง, เสียงดนตรี, โบราณสถาน","กสิกรรม, จับระบำ, ดนตรีพื้นบ้าน, ดนตรีไทย, ระบำโบราณคดี, สำเนียง, อาสา",
ระบำเทพบันเทิง,ระบำเทพบันเทิง,15,7,7,8,0,"จับระบำ, ชั้นเชิง, ตารี, ระบำมาตรฐาน, รำมาตรฐาน, ละครนอก, ละครใน, องคต, องค์ปะตาระกาหลา, อิเหนา, เทพธิดา, เทพบุตร, แต่งกายยืนเครื่องพระ, แปลงกาย, ใบชา","ระบำมาตรฐาน, ละครใน, องค์ปะตาระกาหลา, อิเหนา, เทพธิดา, เทพบุตร, แต่งกายยืนเครื่องพระ","ระบำมาตรฐาน, ละครใน, องค์ปะตาระกาหลา, อิเหนา, เทพธิดา, เทพบุตร, แต่งกายยืนเครื่องพระ","จับระบำ, ชั้นเชิง, ตารี, รำมาตรฐาน, ละครนอก, องคต, แปลงกาย, ใบชา",
รับขวัญข้าว,รับขวัญข้าว,15,6,6,9,0,"กสิกรรม, การทำขวัญ, ข้าหลวง, ชาวพื้นเมือง, ธัญญาหาร, ผู้มีพระคุณ, พี่เลี้ยง, พืชพรรณ, สมทบ, สะล้อ, อาสา, อาหาร, อีสาน, เวที, ใบชา","การทำขวัญ, ธัญญาหาร, ผู้มีพระคุณ, พืชพรรณ, อาหาร, เวที","การทำขวัญ, ธัญญาหาร, ผู้มีพระคุณ, พืชพรรณ, อาหาร, เวที","กสิกรรม, ข้าหลวง, ชาวพื้นเมือง, พี่เลี้ยง, สมทบ, สะล้อ, อาสา, อีสาน, ใบชา",
รำซัดชาตรี,รำซัดชาตรี,15,8,8,7,0,"ดนตรีพื้นบ้าน, ดนตรีไทย, ตารี, ทำนอง, ท่วงทำนอง, ปางลีลา, ผู้แสดงฝ่ายชาย, ผู้แสดงฝ่ายหญิง, รำคู่, ละครชาตรี, ละครนอก, ละครใน, หญิงสาว, เบิกโรง, ไหว้ครู","ทำนอง, ท่วงทำนอง, ผู้แสดงฝ่ายชาย, ผู้แสดงฝ่ายหญิง, รำคู่, ละครชาตรี, เบิกโรง, ไหว้ครู","ทำนอง, ท่วงทำนอง, ผู้แสดงฝ่ายชาย, ผู้แสดงฝ่ายหญิง, รำคู่, ละครชาตรี, เบิกโรง, ไหว้ครู","ดนตรีพื้นบ้าน, ดนตรีไทย, ตารี, ปางลีลา, ละครนอก, ละครใน, หญิงสาว",
รำประเลง,รำประเลง,15,14,14,1,0,"ทำนอง, ทำนองเพลง, ปิดหน้า, รังควาญ, ละครใน, หางนกยูง, อิทธิฤทธิ์, เทวดา, เบิกโรง, เพลงกลม, เพลงชำนาญ, เพลงหน้าพาทย์, เพลงไทย, เสนียดจัญไร, โคมเวียน","ทำนอง, ทำนองเพลง, ปิดหน้า, รังควาญ, ละครใน, หางนกยูง, อิทธิฤทธิ์, เทวดา, เบิกโรง, เพลงกลม, เพลงชำนาญ, เพลงหน้าพาทย์, เสนียดจัญไร, โคมเวียน","ทำนอง, ทำนองเพลง, ปิดหน้า, รังควาญ, ละครใน, หางนกยูง, อิทธิฤทธิ์, เทวดา, เบิกโรง, เพลงกลม, เพลงชำนาญ, เพลงหน้าพาทย์, เสนียดจัญไร, โคมเวียน",เพลงไทย,
รำฝรั่งคู่,รำฝรั่งคู่,15,11,11,4,0,"คู่ใจ, จีนรัว, จีนรำพัด, ตะเขิ่ง, ทำนอง, ฝั่งน้ำ, รำคู่, รำพัด, เครื่องแบบ, เจ้าเซ็น, เพลงฉิ่ง, เพลงฝรั่งรำเท้า, เพลงเร็ว, เพลงไทย, แต่งกายยืนเครื่องพระ","จีนรัว, จีนรำพัด, ตะเขิ่ง, ทำนอง, รำคู่, รำพัด, เจ้าเซ็น, เพลงฉิ่ง, เพลงฝรั่งรำเท้า, เพลงเร็ว, แต่งกายยืนเครื่องพระ","จีนรัว, จีนรำพัด, ตะเขิ่ง, ทำนอง, รำคู่, รำพัด, เจ้าเซ็น, เพลงฉิ่ง, เพลงฝรั่งรำเท้า, เพลงเร็ว, แต่งกายยืนเครื่องพระ","คู่ใจ, ฝั่งน้ำ, เครื่องแบบ, เพลงไทย",
รำพลายชุมพล,รำพลายชุมพล,15,14,14,1,0,"ขุนช้าง, ขุนแผน, ทำนอง, ทำนองเพลง, พระไวย, พลายชุมพล, รำเดี่ยว, ละครเสภา, วาจา, ออกรบ, เพลงมอญดูดาว, เพลงไทย, แก้แค้น, แตกทัพ, แต่งตัว","ขุนช้าง, ขุนแผน, ทำนอง, ทำนองเพลง, พระไวย, พลายชุมพล, รำเดี่ยว, ละครเสภา, วาจา, ออกรบ, เพลงมอญดูดาว, แก้แค้น, แตกทัพ, แต่งตัว","ขุนช้าง, ขุนแผน, ทำนอง, ทำนองเพลง, พระไวย, พลายชุมพล, รำเดี่ยว, ละครเสภา, วาจา, ออกรบ, เพลงมอญดูดาว, แก้แค้น, แตกทัพ, แต่งตัว",เพลงไทย,
รำมโนห์ราบูชายัญ,รำมโนห์ราบูชายัญ,13,5,5,8,0,"กองไฟ, กะลา, การรบ, การโปรย, นายขวัญ, บินหนี, บูชายัญ, มโนราห์, มโนห์รา, รำเดี่ยว, เขาไกรลาส, เขาไกลลาศ, ใบชา","กองไฟ, บินหนี, บูชายัญ, มโนห์รา, เขาไกรลาส","กองไฟ, บินหนี, บูชายัญ, มโนห์รา, เขาไกรลาส","กะลา, การรบ, การโปรย, นายขวัญ, มโนราห์, รำเดี่ยว, เขาไกลลาศ, ใบชา",
รำวงมาตรฐาน,รำวงมาตรฐาน,15,13,13,2,0,"ชาวพื้นเมือง, ดอกไม้, ตามเพลง, ภาคกลาง, เพลงคืนเดือนหงาย, เพลงงามแสงเดือน, เพลงชาวไทย, เพลงดวงจันทร์ขวัญฟ้า, เพลงดวงจันทร์วันเพ็ญ, เพลงดอกไม้ของชาติ, เพลงบูชานักรบ, เพลงยอดชายใจหาญ, เพลงรำซิมารำ, เพลงหญิงไทยใจงาม, เพลงไทย","ดอกไม้, ตามเพลง, ภาคกลาง, เพลงคืนเดือนหงาย, เพลงงามแสงเดือน, เพลงชาวไทย, เพลงดวงจันทร์ขวัญฟ้า, เพลงดวงจันทร์วันเพ็ญ, เพลงดอกไม้ของชาติ, เพลงบูชานักรบ, เพลงยอดชายใจหาญ, เพลงรำซิมารำ, เพลงหญิงไทยใจงาม","ดอกไม้, ตามเพลง, ภาคกลาง, เพลงคืนเดือนหงาย, เพลงงามแสงเดือน, เพลงชาวไทย, เพลงดวงจันทร์ขวัญฟ้า, เพลงดวงจันทร์วันเพ็ญ, เพลงดอกไม้ของชาติ, เพลงบูชานักรบ, เพลงยอดชายใจหาญ, เพลงรำซิมารำ, เพลงหญิงไทยใจงาม","ชาวพื้นเมือง, เพลงไทย",
รำสีนวล,รำสีนวล,8,2,2,6,0,"การขับร้อง, กุลสตรี, ขับร้อง, ตารี, บทร้อง, พระลักษมณ์, เกราะลอ, เพลงไทย","กุลสตรี, ขับร้อง","กุลสตรี, ขับร้อง","การขับร้อง, ตารี, บทร้อง, พระลักษมณ์, เกราะลอ, เพลงไทย",
รำเถิดเทิง,รำเถิดเทิง,11,4,4,7,0,"กลองยาว, การตีกลอง, งานรื่นเริง, ตารี, นางรื่น, ผู้แสดงฝ่ายชาย, ผู้แสดงฝ่ายหญิง, วานร, สากล, หยอกล้อ, เถิดเทิง","กลองยาว, การตีกลอง, หยอกล้อ, เถิดเทิง","กลองยาว, การตีกลอง, หยอกล้อ, เถิดเทิง","งานรื่นเริง, ตารี, นางรื่น, ผู้แสดงฝ่ายชาย, ผู้แสดงฝ่ายหญิง, วานร, สากล",
รำเบิกโรงดอกไม้เงินทอง,รำเบิกโรงดอกไม้เงินทอง,15,11,11,4,0,"ดอกไม้, ดอกไม้เงิน, ทำนอง, ทำนองเพลง, บทร้อง, พระบาทสมเด็จพระจอมเกล้าเจ้าอยู่หัว, มือขวา, มือซ้าย, ละครใน, วันทอง, สีทอง, เดินทาง, เบิกโรง, เพลงไทย, แต่งกายยืนเครื่องพระ","ดอกไม้, ดอกไม้เงิน, ทำนอง, ทำนองเพลง, บทร้อง, พระบาทสมเด็จพระจอมเกล้าเจ้าอยู่หัว, มือขวา, มือซ้าย, ละครใน, เบิกโรง, แต่งกายยืนเครื่องพระ","ดอกไม้, ดอกไม้เงิน, ทำนอง, ทำนองเพลง, บทร้อง, พระบาทสมเด็จพระจอมเกล้าเจ้าอยู่หัว, มือขวา, มือซ้าย, ละครใน, เบิกโรง, แต่งกายยืนเครื่องพระ","วันทอง, สีทอง, เดินทาง, เพลงไทย",
รำแม่บท,รำแม่บท,12,5,5,7,0,"กระบวนท่ารำ, ขับร้อง, บทร้อง, ระบำมาตรฐาน, รำมาตรฐาน, ล้านนา, องคต, เครื่องแบบ, แต่งกายยืนเครื่องพระ, แปลงกาย, แม่ท่า, แม่บท","กระบวนท่ารำ, บทร้อง, รำมาตรฐาน, แต่งกายยืนเครื่องพระ, แม่บท","กระบวนท่ารำ, บทร้อง, รำมาตรฐาน, แต่งกายยืนเครื่องพระ, แม่บท","ขับร้อง, ระบำมาตรฐาน, ล้านนา, องคต, เครื่องแบบ, แปลงกาย, แม่ท่า",
ลายเกราะ,ลายเกราะ,14,5,5,9,0,"ดนตรีพื้นบ้าน, ดนตรีไทย, ตารี, ปางลีลา, พระลอ, ภาคอีสาน, มลายู, วาจา, อาสา, อีสาน, เกราะลอ, เครื่องดนตรีพื้นบ้าน, เครื่องดนตรีพื้นเมือง, เครื่องแบบ","ดนตรีพื้นบ้าน, ภาคอีสาน, อีสาน, เกราะลอ, เครื่องดนตรีพื้นบ้าน","ดนตรีพื้นบ้าน, ภาคอีสาน, อีสาน, เกราะลอ, เครื่องดนตรีพื้นบ้าน","ดนตรีไทย, ตารี, ปางลีลา, พระลอ, มลายู, วาจา, อาสา, เครื่องดนตรีพื้นเมือง, เครื่องแบบ",
ลีลาหมากแก๊ป,ลีลาหมากแก๊ป,15,7,7,8,0,"ชาวพื้นเมือง, ดนตรีพื้นบ้าน, ดนตรีไทย, ทหารเอก, ปางลีลา, สอดแทรก, หญิงสาว, อาสา, อีสาน, เครื่องดนตรีพื้นบ้าน, เครื่องดนตรีพื้นเมือง, เครื่องประกอบจังหวะ, เครื่องแบบ, ไม้ยาว, ไม้สั้น","ดนตรีพื้นบ้าน, สอดแทรก, หญิงสาว, อีสาน, เครื่องดนตรีพื้นบ้าน, ไม้ยาว, ไม้สั้น","ดนตรีพื้นบ้าน, สอดแทรก, หญิงสาว, อีสาน, เครื่องดนตรีพื้นบ้าน, ไม้ยาว, ไม้สั้น","ชาวพื้นเมือง, ดนตรีไทย, ทหารเอก, ปางลีลา, อาสา, เครื่องดนตรีพื้นเมือง, เครื่องประกอบจังหวะ, เครื่องแบบ",
ล่องใต้,ล่องใต้,7,1,1,6,0,"การรบ, การโปรย, ภาคใต้, ล่องใต้, วาจา, สะล้อ, องคต",ล่องใต้,ล่องใต้,"การรบ, การโปรย, ภาคใต้, วาจา, สะล้อ, องคต",
วิรัชสราญรมย์,วิรัชสราญรมย์,14,4,4,10,0,"กุลสตรี, ตารี, ทำนองเพลง, ธงไทย, รัชกาล, รัชฎา, วาจา, สากล, เพลงกลม, เพลงชาวไทย, เพลงสากล, เพลงไทย, แปลงกาย, แผ่อิทธิพล","รัชกาล, สากล, เพลงสากล, เพลงไทย","รัชกาล, สากล, เพลงสากล, เพลงไทย","กุลสตรี, ตารี, ทำนองเพลง, ธงไทย, รัชฎา, วาจา, เพลงกลม, เพลงชาวไทย, แปลงกาย, แผ่อิทธิพล",
สยามภารตะ,สยามภารตะ,12,5,5,7,0,"กระบวนท่ารำ, การไถ, ทะเล, ธงไทย, นาฏศิลป์อินเดีย, ภารตนาฏยัม, รจนา, วานร, อินเดีย, เคลื่อนไหว, แผ่อิทธิพล, โอดิสสี","นาฏศิลป์อินเดีย, ภารตนาฏยัม, อินเดีย, เคลื่อนไหว, โอดิสสี","นาฏศิลป์อินเดีย, ภารตนาฏยัม, อินเดีย, เคลื่อนไหว, โอดิสสี","กระบวนท่ารำ, การไถ, ทะเล, ธงไทย, รจนา, วานร, แผ่อิทธิพล",
สักการะเทวราช,สักการะเทวราช,15,11,11,4,0,"กรุงรัตนโกสินทร์, งานประติมากรรม, ประติมากรรม, พระจันทร์, พระพุทธรูป, พระมหากษัตริย์, พระราชพิธี, พระอินทร์, ลายเส้น, วานร, อยุธยา, อินทราภิเษก, เครื่องประดับ, เทวดา, ไทยอมรินทร์","กรุงรัตนโกสินทร์, งานประติมากรรม, ประติมากรรม, พระพุทธรูป, พระมหากษัตริย์, พระราชพิธี, พระอินทร์, ลายเส้น, อยุธยา, อินทราภิเษก, เครื่องประดับ","กรุงรัตนโกสินทร์, งานประติมากรรม, ประติมากรรม, พระพุทธรูป, พระมหากษัตริย์, พระราชพิธี, พระอินทร์, ลายเส้น, อยุธยา, อินทราภิเษก, เครื่องประดับ","พระจันทร์, วานร, เทวดา, ไทยอมรินทร์",
หนุมานจับนางสุพรรณมัจฉา,หนุมานจับนางสุพรรณมัจฉา,15,13,11,4,2,"กรุงลงกา, การเกี้ยวพาราสี, จับนาง, ตีลังกา, นางสีดา, บริวาร, พระพรหม, มหาสมุทร, รามเกียรติ์, วานร, สมทบ, สุพรรณมัจฉา, หนุมาน, ออกเดินทาง, เดินทาง","กรุงลงกา, กองทัพ, การเกี้ยวพาราสี, จับนาง, นางสีดา, บริวาร, พระราม, มหาสมุทร, รามเกียรติ์, วานร, สุพรรณมัจฉา, หนุมาน, เดินทาง","กรุงลงกา, การเกี้ยวพาราสี, จับนาง, นางสีดา, บริวาร, มหาสมุทร, รามเกียรติ์, วานร, สุพรรณมัจฉา, หนุมาน, เดินทาง","ตีลังกา, พระพรหม, สมทบ, ออกเดินทาง","กองทัพ, พระราม"
หนุมานจับนางเบญกาย,หนุมานจับนางเบญกาย,15,11,11,4,0,"กลอุบาย, การเกี้ยวพาราสี, จับนาง, จำกาย, ทศกัณฐ์, นางสีดา, พระพรหม, พระราม, ยักษิณี, รามเกียรติ์, ลอยน้ำ, วานร, หนุมาน, หลบหนี, เบญกาย","จับนาง, ทศกัณฐ์, นางสีดา, พระราม, ยักษิณี, รามเกียรติ์, ลอยน้ำ, วานร, หนุมาน, หลบหนี, เบญกาย","จับนาง, ทศกัณฐ์, นางสีดา, พระราม, ยักษิณี, รามเกียรติ์, ลอยน้ำ, วานร, หนุมาน, หลบหนี, เบญกาย","กลอุบาย, การเกี้ยวพาราสี, จำกาย, พระพรหม",
ออเจ้าชาวกรุงศรี,ออเจ้าชาวกรุงศรี,15,5,5,10,0,"การนุ่งห่ม, กุลสตรี, ขบวนแห่, ชาวพื้นเมือง, ดนตรีพื้นบ้าน, ดนตรีไทย, ตารี, มโนราห์, วันวาน, วาจา, วานร, สุรินทร์, เครื่องประดับ, เครื่องแบบ, เสียงดนตรี","การนุ่งห่ม, กุลสตรี, วันวาน, เครื่องประดับ, เสียงดนตรี","การนุ่งห่ม, กุลสตรี, วันวาน, เครื่องประดับ, เสียงดนตรี","ขบวนแห่, ชาวพื้นเมือง, ดนตรีพื้นบ้าน, ดนตรีไทย, ตารี, มโนราห์, วาจา, วานร, สุรินทร์, เครื่องแบบ",
เจ้าพระยานที,เจ้าพระยานที,15,5,4,11,1,"กะลา, การรบ, ชาวนา, ธงไทย, ฝั่งน้ำ, พระชายา, พระยา, พี่เลี้ยง, มรกต, วานร, สายน้ำ, อาสา, เจ้าพระยา, เทพเจ้า, แผ่อิทธิพล","ฝั่งน้ำ, พระยา, สายนํ้า, เจ้าพระยา, แผ่อิทธิพล","ฝั่งน้ำ, พระยา, เจ้าพระยา, แผ่อิทธิพล","กะลา, การรบ, ชาวนา, ธงไทย, พระชายา, พี่เลี้ยง, มรกต, วานร, สายน้ำ, อาสา, เทพเจ้า",สายนํ้า
เซิ้งกระติบข้าว,เซิ้งกระติบข้าว,15,6,6,9,0,"กระบวนท่ารำ, การดีด, การปั้น, ข้าวเหนียว, ข้าหลวง, งานรื่นเริง, ชาวพื้นเมือง, ชาวภูไท, ตารี, นางรื่น, ผู้แสดงฝ่ายหญิง, รังควาญ, หญิงสาว, อาสา, อาหาร","การดีด, การปั้น, ข้าวเหนียว, ชาวภูไท, หญิงสาว, อาหาร","การดีด, การปั้น, ข้าวเหนียว, ชาวภูไท, หญิงสาว, อาหาร","กระบวนท่ารำ, ข้าหลวง, งานรื่นเริง, ชาวพื้นเมือง, ตารี, นางรื่น, ผู้แสดงฝ่ายหญิง, รังควาญ, อาสา",
เซิ้งตังหวาย,เซิ้งตังหวาย,14,6,2,12,4,"กะลา, การขับร้อง, ขับร้อง, ขับลำ, ดนตรีพื้นบ้าน, ดนตรีไทย, ตารี, ธงไทย, บทร้อง, ลำตังหวาย, ลำนำ, เต้นสาก, แม่น้ำ, แม่น้ำโขง","การขับร้อง, ขับร้อง, ขับลํา, ลําตังหวาย, ลํานํา, แม่นํ้าโขง","การขับร้อง, ขับร้อง","กะลา, ขับลำ, ดนตรีพื้นบ้าน, ดนตรีไทย, ตารี, ธงไทย, บทร้อง, ลำตังหวาย, ลำนำ, เต้นสาก, แม่น้ำ, แม่น้ำโขง","ขับลํา, ลําตังหวาย, ลํานํา, แม่นํ้าโขง"
เซิ้งสวิง,เซิ้งสวิง,15,5,4,11,1,"กระบวนท่ารำ, การจับปลา, การทอ, ชาวพื้นเมือง, ดนตรีพื้นบ้าน, ดนตรีไทย, ตารี, ทางธรรมชาติ, ผู้แสดงฝ่ายชาย, ผู้แสดงฝ่ายหญิง, ภาคตะวันออกเฉียงเหนือ, สัตว์น้ำ, หญิงสาว, หยอกล้อ, เครื่องแบบ","การจับปลา, ทางธรรมชาติ, ภาคตะวันออกเฉียงเหนือ, สัตว์นํ้า, หยอกล้อ","การจับปลา, ทางธรรมชาติ, ภาคตะวันออกเฉียงเหนือ, หยอกล้อ","กระบวนท่ารำ, การทอ, ชาวพื้นเมือง, ดนตรีพื้นบ้าน, ดนตรีไทย, ตารี, ผู้แสดงฝ่ายชาย, ผู้แสดงฝ่ายหญิง, สัตว์น้ำ, หญิงสาว, เครื่องแบบ",สัตว์นํ้า
เซิ้งโปงลาง,เซิ้งโปงลาง,15,3,3,12,0,"การเกี้ยวพาราสี, งานรื่นเริง, ชายหนุ่ม, ดนตรีพื้นบ้าน, ดนตรีไทย, ตารี, ผู้แสดงฝ่ายชาย, ผู้แสดงฝ่ายหญิง, วานร, หญิงสาว, เครื่องดนตรีตะวันตก, เครื่องดนตรีพื้นบ้าน, เครื่องดนตรีพื้นเมือง, เครื่องแบบ, โปงลาง","ชายหนุ่ม, หญิงสาว, โปงลาง","ชายหนุ่ม, หญิงสาว, โปงลาง","การเกี้ยวพาราสี, งานรื่นเริง, ดนตรีพื้นบ้าน, ดนตรีไทย, ตารี, ผู้แสดงฝ่ายชาย, ผู้แสดงฝ่ายหญิง, วานร, เครื่องดนตรีตะวันตก, เครื่องดนตรีพื้นบ้าน, เครื่องดนตรีพื้นเมือง, เครื่องแบบ",
เซิ้งไทภูเขา,เซิ้งไทภูเขา,15,11,11,4,0,"ขอขมา, ชาวพื้นเมือง, ชาวภูไท, นางเอก, ผีภู, ภูเขา, ย่านาง, หน่อไม้, อาหาร, เจ้าที่เจ้าทาง, เดินทาง, เทพเจ้า, เทือกเขาภูพาน, เมขลา, ไทภูเขา","ขอขมา, ชาวภูไท, ผีภู, ภูเขา, ย่านาง, หน่อไม้, อาหาร, เจ้าที่เจ้าทาง, เดินทาง, เทือกเขาภูพาน, ไทภูเขา","ขอขมา, ชาวภูไท, ผีภู, ภูเขา, ย่านาง, หน่อไม้, อาหาร, เจ้าที่เจ้าทาง, เดินทาง, เทือกเขาภูพาน, ไทภูเขา","ชาวพื้นเมือง, นางเอก, เทพเจ้า, เมขลา",
เมขลา รามสูร,เมขลา รามสูร,15,14,14,1,0,"กาลสูร, ดวงแก้ว, ตำนาน, ทะเล, นางฟ้า, รามสูร, ฤดูฝน, วสันตฤดู, อสูร, เดินทาง, เทพธิดา, เทพนิยาย, เทพบุตร, เทวดา, เมขลา","ดวงแก้ว, ตำนาน, ทะเล, นางฟ้า, รามสูร, ฤดูฝน, วสันตฤดู, อสูร, เดินทาง, เทพธิดา, เทพนิยาย, เทพบุตร, เทวดา, เมขลา","ดวงแก้ว, ตำนาน, ทะเล, นางฟ้า, รามสูร, ฤดูฝน, วสันตฤดู, อสูร, เดินทาง, เทพธิดา, เทพนิยาย, เทพบุตร, เทวดา, เมขลา",กาลสูร,
โนรา,โนรา,15,5,5,10,0,"กินรี, ขึ้นทะเบียน, ชาวพื้นเมือง, บูชาครู, พระนารายณ์, ภาคใต้, มวยโบราณ, มีแบบแผน, มโนราห์, มโนห์รา, ยูเนสโก, ระบำโบราณคดี, อินทราภิเษก, โบราณวัตถุ, โบราณสถาน","กินรี, ขึ้นทะเบียน, บูชาครู, มีแบบแผน, ยูเนสโก","กินรี, ขึ้นทะเบียน, บูชาครู, มีแบบแผน, ยูเนสโก","ชาวพื้นเมือง, พระนารายณ์, ภาคใต้, มวยโบราณ, มโนราห์, มโนห์รา, ระบำโบราณคดี, อินทราภิเษก, โบราณวัตถุ, โบราณสถาน",
