word,consensus_label,agreement,n_models
กรมศิลปากร,บริบทเชิงประวัติศาสตร์ ภูมิศาสตร์ และพื้นที่||พื้นที่ทางวัฒนธรรมและสถาบัน||สถานที่จัดแสดงและเขตพระราชฐาน,0.25,4
กระทบไม้,ศิลปะการแสดงและดนตรี||ดุริยางคศิลป์และคีตศิลป์||เครื่องดนตรีและวงดนตรี,0.5,4
กระทุ้ง,ศิลปะการแสดงและดนตรี||นาฏยศิลป์และการแสดง||กระบวนท่ารำและจารีตการแสดง,0.5,4
กระบวนท่ารำ,ศิลปะการแสดงและดนตรี||นาฏยศิลป์และการแสดง||กระบวนท่ารำและจารีตการแสดง,1.0,4
กรับพวง,ศิลปะการแสดงและดนตรี||ดุริยางคศิลป์และคีตศิลป์||เครื่องดนตรีและวงดนตรี,0.5,4
กราบทูล,วรรณคดีและสิ่งมีชีวิตเชิงตำนาน||สถานภาพและลำดับชั้นทางสังคมในวรรณกรรม||ฐานันดรศักดิ์และระบบเครือญาติ,0.5,4
กราววีรชัยลิง,ศิลปะการแสดงและดนตรี||ดุริยางคศิลป์และคีตศิลป์||ระเบียบวิธีทางดนตรีและประเภทบทเพลง,0.5,4
กรุงรัตนโกสินทร์,บริบทเชิงประวัติศาสตร์ ภูมิศาสตร์ และพื้นที่||ภูมิศาสตร์และอาณาบริเวณ||เขตปกครองและภูมิภาค,0.75,4
กรุงลงกา,วรรณคดีและสิ่งมีชีวิตเชิงตำนาน||นามานุกรมและประเภทตัวละคร||เทวปกรณ์ อสูร และอมนุษย์,0.5,4
กรุงเทพ,บริบทเชิงประวัติศาสตร์ ภูมิศาสตร์ และพื้นที่||ภูมิศาสตร์และอาณาบริเวณ||เขตปกครองและภูมิภาค,1.0,4
กรุงเทพมหานคร,บริบทเชิงประวัติศาสตร์ ภูมิศาสตร์ และพื้นที่||ภูมิศาสตร์และอาณาบริเวณ||เขตปกครองและภูมิภาค,1.0,4
กลองยาว,ศิลปะการแสดงและดนตรี||ดุริยางคศิลป์และคีตศิลป์||เครื่องดนตรีและวงดนตรี,0.75,4
กลองสะบัดชัย,ศิลปะการแสดงและดนตรี||ดุริยางคศิลป์และคีตศิลป์||เครื่องดนตรีและวงดนตรี,1.0,4
กลอุบาย,ศิลปะการแสดงและดนตรี||บุคลากรและทักษะทางศิลปะ||กลวิธีและสมรรถนะการแสดง,0.5,4
กลับบ้าน,กลุ่มชาติพันธุ์ ชุมชน และวิถีชีวิต||วิถีชีวิตและพฤติกรรมทางสังคม||จารีตการปฏิบัติและพรรณไม้ในวิถีชีวิต,0.75,4
กลางคืน,กลุ่มชาติพันธุ์ ชุมชน และวิถีชีวิต||วิถีชีวิตและพฤติกรรมทางสังคม||จารีตการปฏิบัติและพรรณไม้ในวิถีชีวิต,0.5,4
กลายร่าง,พิธีกรรม ความเชื่อ และจารีตวัฒนธรรม||คติความเชื่อและไสยศาสตร์||การขจัดปัดเป่าและอำนาจเหนือธรรมชาติ,0.5,4
กลุ่มชาติพันธุ์,กลุ่มชาติพันธุ์ ชุมชน และวิถีชีวิต||อัตลักษณ์ทางสังคมและกลุ่มคน||กลุ่มชาติพันธุ์และชุมชนท้องถิ่น,1.0,4
กวางทอง,วรรณคดีและสิ่งมีชีวิตเชิงตำนาน||นามานุกรมและประเภทตัวละคร||เทวปกรณ์ อสูร และอมนุษย์,1.0,4
กสิกรรม,กลุ่มชาติพันธุ์ ชุมชน และวิถีชีวิต||วิถีชีวิตและระบบเศรษฐกิจ||การประกอบอาชีพและโภชนาการ,1.0,4
กองทัพ,บริบทเชิงประวัติศาสตร์ ภูมิศาสตร์ และพื้นที่||ยุคสมัยและเหตุการณ์สำคัญ||ลำดับเวลาและประวัติศาสตร์การสงคราม,1.0,4
กองไฟ,พิธีกรรม ความเชื่อ และจารีตวัฒนธรรม||จารีตประเพณีและพิธีกรรม||พิธีการสำคัญและจารีตทางสังคม,0.75,4
กะลา,วัฒนธรรมวัตถุ ศิลปกรรม และงานช่าง||วัสดุและอัญมณี||วัสดุธรรมชาติและรัตนชาติ,0.5,4
กากนาสูร,วรรณคดีและสิ่งมีชีวิตเชิงตำนาน||นามานุกรมและประเภทตัวละคร||เทวปกรณ์ อสูร และอมนุษย์,1.0,4
กาญจนบุรี,บริบทเชิงประวัติศาสตร์ ภูมิศาสตร์ และพื้นที่||ภูมิศาสตร์และอาณาบริเวณ||เขตปกครองและภูมิภาค,1.0,4
การขับร้อง,ศิลปะการแสดงและดนตรี||ดุริยางคศิลป์และคีตศิลป์||ระเบียบวิธีทางดนตรีและประเภทบทเพลง,1.0,4
การขึ้นลอย,พิธีกรรม ความเชื่อ และจารีตวัฒนธรรม||จารีตประเพณีและพิธีกรรม||พิธีการสำคัญและจารีตทางสังคม,0.5,4
การจับปลา,กลุ่มชาติพันธุ์ ชุมชน และวิถีชีวิต||วิถีชีวิตและระบบเศรษฐกิจ||การประกอบอาชีพและโภชนาการ,1.0,4
การดีด,ศิลปะการแสดงและดนตรี||บุคลากรและทักษะทางศิลปะ||กลวิธีและสมรรถนะการแสดง,0.5,4
การตีกลอง,ศิลปะการแสดงและดนตรี||ดุริยางคศิลป์และคีตศิลป์||เครื่องดนตรีและวงดนตรี,0.75,4
การต่อสู้,บริบทเชิงประวัติศาสตร์ ภูมิศาสตร์ และพื้นที่||ยุคสมัยและเหตุการณ์สำคัญ||ลำดับเวลาและประวัติศาสตร์การสงคราม,0.75,4
การทอ,วัฒนธรรมวัตถุ ศิลปกรรม และงานช่าง||ประณีตศิลป์และทัศนศิลป์||งานช่างศิลปกรรมและเทคนิควิธี,0.5,4
การทำขวัญ,พิธีกรรม ความเชื่อ และจารีตวัฒนธรรม||จารีตประเพณีและพิธีกรรม||พิธีการสำคัญและจารีตทางสังคม,1.0,4
การนุ่งห่ม,วัฒนธรรมวัตถุ ศิลปกรรม และงานช่าง||พัสตราภรณ์และเครื่องแต่งกาย||ระเบียบการแต่งกายและอาวุธจำลอง,1.0,4
การปั้น,วัฒนธรรมวัตถุ ศิลปกรรม และงานช่าง||ประณีตศิลป์และทัศนศิลป์||งานช่างศิลปกรรมและเทคนิควิธี,1.0,4
การรบ,บริบทเชิงประวัติศาสตร์ ภูมิศาสตร์ และพื้นที่||ยุคสมัยและเหตุการณ์สำคัญ||ลำดับเวลาและประวัติศาสตร์การสงคราม,1.0,4
การร่อนแร่,กลุ่มชาติพันธุ์ ชุมชน และวิถีชีวิต||วิถีชีวิตและระบบเศรษฐกิจ||การประกอบอาชีพและโภชนาการ,1.0,4
การละเล่นพื้นเมือง,ศิลปะการแสดงและดนตรี||นาฏยศิลป์และการแสดง||รูปแบบการแสดงและนาฏศิลป์ท้องถิ่น,0.5,4
การศึก,บริบทเชิงประวัติศาสตร์ ภูมิศาสตร์ และพื้นที่||ยุคสมัยและเหตุการณ์สำคัญ||ลำดับเวลาและประวัติศาสตร์การสงคราม,1.0,4
การสอน,กลุ่มชาติพันธุ์ ชุมชน และวิถีชีวิต||วิถีชีวิตและพฤติกรรมทางสังคม||จารีตการปฏิบัติและพรรณไม้ในวิถีชีวิต,0.5,4
การุณราช,วรรณคดีและสิ่งมีชีวิตเชิงตำนาน||นามานุกรมและประเภทตัวละคร||เทวปกรณ์ อสูร และอมนุษย์,0.25,4
การเกี้ยวพาราสี,พิธีกรรม ความเชื่อ และจารีตวัฒนธรรม||จารีตประเพณีและพิธีกรรม||พิธีการสำคัญและจารีตทางสังคม,0.5,4
การเก็บใบชา,กลุ่มชาติพันธุ์ ชุมชน และวิถีชีวิต||วิถีชีวิตและระบบเศรษฐกิจ||การประกอบอาชีพและโภชนาการ,1.0,4
การโปรย,พิธีกรรม ความเชื่อ และจารีตวัฒนธรรม||จารีตประเพณีและพิธีกรรม||พิธีการสำคัญและจารีตทางสังคม,1.0,4
การไถ,กลุ่มชาติพันธุ์ ชุมชน และวิถีชีวิต||วิถีชีวิตและระบบเศรษฐกิจ||การประกอบอาชีพและโภชนาการ,1.0,4
กาลสูร,วรรณคดีและสิ่งมีชีวิตเชิงตำนาน||นามานุกรมและประเภทตัวละคร||เทวปกรณ์ อสูร และอมนุษย์,0.75,4
กาฬสินธุ์,บริบทเชิงประวัติศาสตร์ ภูมิศาสตร์ และพื้นที่||ภูมิศาสตร์และอาณาบริเวณ||เขตปกครองและภูมิภาค,1.0,4
กิจจะ,พิธีกรรม ความเชื่อ และจารีตวัฒนธรรม||จารีตประเพณีและพิธีกรรม||พิธีการสำคัญและจารีตทางสังคม,0.75,4
กิจวัตร,กลุ่มชาติพันธุ์ ชุมชน และวิถีชีวิต||วิถีชีวิตและพฤติกรรมทางสังคม||จารีตการปฏิบัติและพรรณไม้ในวิถีชีวิต,0.75,4
กินรี,วรรณคดีและสิ่งมีชีวิตเชิงตำนาน||นามานุกรมและประเภทตัวละคร||เทวปกรณ์ อสูร และอมนุษย์,1.0,4
กินเนสส์บุ๊ค,กลุ่มชาติพันธุ์ ชุมชน และวิถีชีวิต||วิถีชีวิตและพฤติกรรมทางสังคม||จารีตการปฏิบัติและพรรณไม้ในวิถีชีวิต,0.25,4
กุณฑล,วัฒนธรรมวัตถุ ศิลปกรรม และงานช่าง||พัสตราภรณ์และเครื่องแต่งกาย||ระเบียบการแต่งกายและอาวุธจำลอง,0.75,4
กุมภกรรณ,วรรณคดีและสิ่งมีชีวิตเชิงตำนาน||นามานุกรมและประเภทตัวละคร||เทวปกรณ์ อสูร และอมนุษย์,1.0,4
กุลสตรี,กลุ่มชาติพันธุ์ ชุมชน และวิถีชีวิต||โครงสร้างสังคมและบุคคลสำคัญ||ฐานันดรศักดิ์และบทบาททางสังคม,0.5,4
ขนเพชร,วรรณคดีและสิ่งมีชีวิตเชิงตำนาน||นามานุกรมและประเภทตัวละคร||เทวปกรณ์ อสูร และอมนุษย์,0.5,4
ขบวนแห่,พิธีกรรม ความเชื่อ และจารีตวัฒนธรรม||จารีตประเพณีและพิธีกรรม||พิธีการสำคัญและจารีตทางสังคม,1.0,4
ขอขมา,พิธีกรรม ความเชื่อ และจารีตวัฒนธรรม||จารีตประเพณีและพิธีกรรม||พิธีการสำคัญและจารีตทางสังคม,1.0,4
ของที่ระลึก,วัฒนธรรมวัตถุ ศิลปกรรม และงานช่าง||ประณีตศิลป์และทัศนศิลป์||งานช่างศิลปกรรมและเทคนิควิธี,0.5,4
ของป่า,กลุ่มชาติพันธุ์ ชุมชน และวิถีชีวิต||วิถีชีวิตและระบบเศรษฐกิจ||การประกอบอาชีพและโภชนาการ,0.75,4
ขัดตาทัพ,บริบทเชิงประวัติศาสตร์ ภูมิศาสตร์ และพื้นที่||ยุคสมัยและเหตุการณ์สำคัญ||ลำดับเวลาและประวัติศาสตร์การสงคราม,0.75,4
ขันดอก,พิธีกรรม ความเชื่อ และจารีตวัฒนธรรม||จารีตประเพณีและพิธีกรรม||พิธีการสำคัญและจารีตทางสังคม,0.75,4
ขับร้อง,ศิลปะการแสดงและดนตรี||ดุริยางคศิลป์และคีตศิลป์||ระเบียบวิธีทางดนตรีและประเภทบทเพลง,1.0,4
ขับลำ,ศิลปะการแสดงและดนตรี||ดุริยางคศิลป์และคีตศิลป์||ระเบียบวิธีทางดนตรีและประเภทบทเพลง,1.0,4
ขับไล่,พิธีกรรม ความเชื่อ และจารีตวัฒนธรรม||คติความเชื่อและไสยศาสตร์||การขจัดปัดเป่าและอำนาจเหนือธรรมชาติ,0.5,4
ขีดขิน,บริบทเชิงประวัติศาสตร์ ภูมิศาสตร์ และพื้นที่||ภูมิศาสตร์และอาณาบริเวณ||พื้นที่ในคติความเชื่อและประวัติศาสตร์,0.25,4
ขี่ม้า,กลุ่มชาติพันธุ์ ชุมชน และวิถีชีวิต||วิถีชีวิตและพฤติกรรมทางสังคม||จารีตการปฏิบัติและพรรณไม้ในวิถีชีวิต,0.75,4
ขึ้นทะเบียน,พิธีกรรม ความเชื่อ และจารีตวัฒนธรรม||จารีตประเพณีและพิธีกรรม||พิธีการสำคัญและจารีตทางสังคม,0.25,4
ขุนช้าง,วรรณคดีและสิ่งมีชีวิตเชิงตำนาน||นามานุกรมและประเภทตัวละคร||ตัวละครหลักและบทบาทในบทละคร,1.0,4
ขุนแผน,วรรณคดีและสิ่งมีชีวิตเชิงตำนาน||นามานุกรมและประเภทตัวละคร||ตัวละครหลักและบทบาทในบทละคร,1.0,4
ข่ายเพชร,วัฒนธรรมวัตถุ ศิลปกรรม และงานช่าง||ประณีตศิลป์และทัศนศิลป์||งานช่างศิลปกรรมและเทคนิควิธี,0.5,4
ข่ายเหล็ก,วัฒนธรรมวัตถุ ศิลปกรรม และงานช่าง||พัสตราภรณ์และเครื่องแต่งกาย||ระเบียบการแต่งกายและอาวุธจำลอง,0.5,4
ข้าวเหนียว,กลุ่มชาติพันธุ์ ชุมชน และวิถีชีวิต||วิถีชีวิตและระบบเศรษฐกิจ||การประกอบอาชีพและโภชนาการ,1.0,4
ข้าศึก,บริบทเชิงประวัติศาสตร์ ภูมิศาสตร์ และพื้นที่||ยุคสมัยและเหตุการณ์สำคัญ||ลำดับเวลาและประวัติศาสตร์การสงคราม,0.75,4
ข้าหลวง,กลุ่มชาติพันธุ์ ชุมชน และวิถีชีวิต||โครงสร้างสังคมและบุคคลสำคัญ||ฐานันดรศักดิ์และบทบาททางสังคม,0.75,4
ความคล่องแคล่ว,ศิลปะการแสดงและดนตรี||บุคลากรและทักษะทางศิลปะ||กลวิธีและสมรรถนะการแสดง,0.75,4
คำร้อง,ศิลปะการแสดงและดนตรี||ดุริยางคศิลป์และคีตศิลป์||ระเบียบวิธีทางดนตรีและประเภทบทเพลง,1.0,4
คู่ต่อสู้,วรรณคดีและสิ่งมีชีวิตเชิงตำนาน||นามานุกรมและประเภทตัวละคร||ตัวละครหลักและบทบาทในบทละคร,1.0,4
คู่ใจ,กลุ่มชาติพันธุ์ ชุมชน และวิถีชีวิต||วิถีชีวิตและพฤติกรรมทางสังคม||จารีตการปฏิบัติและพรรณไม้ในวิถีชีวิต,0.5,4
ค้าขาย,กลุ่มชาติพันธุ์ ชุมชน และวิถีชีวิต||วิถีชีวิตและระบบเศรษฐกิจ||การประกอบอาชีพและโภชนาการ,1.0,4
งานประติมากรรม,วัฒนธรรมวัตถุ ศิลปกรรม และงานช่าง||ประณีตศิลป์และทัศนศิลป์||งานช่างศิลปกรรมและเทคนิควิธี,1.0,4
งานรื่นเริง,กลุ่มชาติพันธุ์ ชุมชน และวิถีชีวิต||วิถีชีวิตและพฤติกรรมทางสังคม||จารีตการปฏิบัติและพรรณไม้ในวิถีชีวิต,0.5,4
งานแต่งงาน,พิธีกรรม ความเชื่อ และจารีตวัฒนธรรม||จารีตประเพณีและพิธีกรรม||พิธีการสำคัญและจารีตทางสังคม,1.0,4
จนตาย,พิธีกรรม ความเชื่อ และจารีตวัฒนธรรม||จารีตประเพณีและพิธีกรรม||พิธีการสำคัญและจารีตทางสังคม,0.5,4
จองถนน,พิธีกรรม ความเชื่อ และจารีตวัฒนธรรม||จารีตประเพณีและพิธีกรรม||พิธีการสำคัญและจารีตทางสังคม,0.5,4
จัดทัพ,บริบทเชิงประวัติศาสตร์ ภูมิศาสตร์ และพื้นที่||ยุคสมัยและเหตุการณ์สำคัญ||ลำดับเวลาและประวัติศาสตร์การสงคราม,1.0,4
จับนาง,ศิลปะการแสดงและดนตรี||นาฏยศิลป์และการแสดง||กระบวนท่ารำและจารีตการแสดง,0.5,4
จับระบำ,ศิลปะการแสดงและดนตรี||นาฏยศิลป์และการแสดง||กระบวนท่ารำและจารีตการแสดง,1.0,4
จารึก,บริบทเชิงประวัติศาสตร์ ภูมิศาสตร์ และพื้นที่||ยุคสมัยและเหตุการณ์สำคัญ||ลำดับเวลาและประวัติศาสตร์การสงคราม,0.75,4
จำกาย,วรรณคดีและสิ่งมีชีวิตเชิงตำนาน||นามานุกรมและประเภทตัวละคร||ตัวละครหลักและบทบาทในบทละคร,0.25,4
จำแลง,วรรณคดีและสิ่งมีชีวิตเชิงตำนาน||นามานุกรมและประเภทตัวละคร||เทวปกรณ์ อสูร และอมนุษย์,0.5,4
จิตรกรรม,วัฒนธรรมวัตถุ ศิลปกรรม และงานช่าง||ประณีตศิลป์และทัศนศิลป์||งานช่างศิลปกรรมและเทคนิควิธี,1.0,4
จีนรัว,ศิลปะการแสดงและดนตรี||ดุริยางคศิลป์และคีตศิลป์||ระเบียบวิธีทางดนตรีและประเภทบทเพลง,0.75,4
จีนรำพัด,ศิลปะการแสดงและดนตรี||นาฏยศิลป์และการแสดง||รูปแบบการแสดงและนาฏศิลป์ท้องถิ่น,0.5,4
จุดไฟ,พิธีกรรม ความเชื่อ และจารีตวัฒนธรรม||จารีตประเพณีและพิธีกรรม||พิธีการสำคัญและจารีตทางสังคม,0.75,4
ฉลองพระองค์,วัฒนธรรมวัตถุ ศิลปกรรม และงานช่าง||พัสตราภรณ์และเครื่องแต่งกาย||ระเบียบการแต่งกายและอาวุธจำลอง,1.0,4
ฉุยฉาย,ศิลปะการแสดงและดนตรี||นาฏยศิลป์และการแสดง||กระบวนท่ารำและจารีตการแสดง,0.5,4
ชั้นเชิง,ศิลปะการแสดงและดนตรี||บุคลากรและทักษะทางศิลปะ||กลวิธีและสมรรถนะการแสดง,0.75,4
ชั้นเดียว,วัฒนธรรมวัตถุ ศิลปกรรม และงานช่าง||สถาปัตยกรรมและพุทธศิลป์||ศาสนสถานและปูชนียวัตถุ,0.5,4
ชาติพันธุ์,กลุ่มชาติพันธุ์ ชุมชน และวิถีชีวิต||อัตลักษณ์ทางสังคมและกลุ่มคน||กลุ่มชาติพันธุ์และชุมชนท้องถิ่น,1.0,4
ชามพูวราช,วรรณคดีและสิ่งมีชีวิตเชิงตำนาน||นามานุกรมและประเภทตัวละคร||เทวปกรณ์ อสูร และอมนุษย์,0.5,4
ชายหนุ่ม,กลุ่มชาติพันธุ์ ชุมชน และวิถีชีวิต||โครงสร้างสังคมและบุคคลสำคัญ||ฐานันดรศักดิ์และบทบาททางสังคม,0.75,4
ชาวนา,กลุ่มชาติพันธุ์ ชุมชน และวิถีชีวิต||วิถีชีวิตและระบบเศรษฐกิจ||การประกอบอาชีพและโภชนาการ,1.0,4
ชาวพื้นเมือง,กลุ่มชาติพันธุ์ ชุมชน และวิถีชีวิต||อัตลักษณ์ทางสังคมและกลุ่มคน||กลุ่มชาติพันธุ์และชุมชนท้องถิ่น,1.0,4
ชาวภูไท,กลุ่มชาติพันธุ์ ชุมชน และวิถีชีวิต||อัตลักษณ์ทางสังคมและกลุ่มคน||กลุ่มชาติพันธุ์และชุมชนท้องถิ่น,1.0,4
ชาวเขา,กลุ่มชาติพันธุ์ ชุมชน และวิถีชีวิต||อัตลักษณ์ทางสังคมและกลุ่มคน||กลุ่มชาติพันธุ์และชุมชนท้องถิ่น,1.0,4
ชาวเหนือ,กลุ่มชาติพันธุ์ ชุมชน และวิถีชีวิต||อัตลักษณ์ทางสังคมและกลุ่มคน||กลุ่มชาติพันธุ์และชุมชนท้องถิ่น,1.0,4
ชุมนุม,ศิลปะการแสดงและดนตรี||ดุริยางคศิลป์และคีตศิลป์||ระเบียบวิธีทางดนตรีและประเภทบทเพลง,0.25,4
ชุมพร,บริบทเชิงประวัติศาสตร์ ภูมิศาสตร์ และพื้นที่||ภูมิศาสตร์และอาณาบริเวณ||เขตปกครองและภูมิภาค,1.0,4
ช่อดอกไม้,วัฒนธรรมวัตถุ ศิลปกรรม และงานช่าง||ประณีตศิลป์และทัศนศิลป์||งานช่างศิลปกรรมและเทคนิควิธี,0.5,4
ช้างเอราวัณ,วรรณคดีและสิ่งมีชีวิตเชิงตำนาน||นามานุกรมและประเภทตัวละคร||เทวปกรณ์ อสูร และอมนุษย์,1.0,4
ดนตรีพื้นบ้าน,ศิลปะการแสดงและดนตรี||ดุริยางคศิลป์และคีตศิลป์||ระเบียบวิธีทางดนตรีและประเภทบทเพลง,0.5,4
ดนตรีไทย,ศิลปะการแสดงและดนตรี||ดุริยางคศิลป์และคีตศิลป์||ระเบียบวิธีทางดนตรีและประเภทบทเพลง,0.75,4
ดวงแก้ว,วัฒนธรรมวัตถุ ศิลปกรรม และงานช่าง||วัสดุและอัญมณี||วัสดุธรรมชาติและรัตนชาติ,1.0,4
ดอกไม้,กลุ่มชาติพันธุ์ ชุมชน และวิถีชีวิต||วิถีชีวิตและพฤติกรรมทางสังคม||จารีตการปฏิบัติและพรรณไม้ในวิถีชีวิต,1.0,4
ดอกไม้เงิน,พิธีกรรม ความเชื่อ และจารีตวัฒนธรรม||จารีตประเพณีและพิธีกรรม||พิธีการสำคัญและจารีตทางสังคม,0.5,4
ดาวดึงส์,วรรณคดีและสิ่งมีชีวิตเชิงตำนาน||นามานุกรมและประเภทตัวละคร||เทวปกรณ์ อสูร และอมนุษย์,0.5,4
ดินดาล,วัฒนธรรมวัตถุ ศิลปกรรม และงานช่าง||วัสดุและอัญมณี||วัสดุธรรมชาติและรัตนชาติ,0.25,4
ตะกร้อ,กลุ่มชาติพันธุ์ ชุมชน และวิถีชีวิต||วิถีชีวิตและพฤติกรรมทางสังคม||จารีตการปฏิบัติและพรรณไม้ในวิถีชีวิต,0.5,4
ตะเขิ่ง,ศิลปะการแสดงและดนตรี||ดุริยางคศิลป์และคีตศิลป์||เครื่องดนตรีและวงดนตรี,0.75,4
ตัวต่อตัว,ศิลปะการแสดงและดนตรี||บุคลากรและทักษะทางศิลปะ||กลวิธีและสมรรถนะการแสดง,0.5,4
ตัวพระ,วรรณคดีและสิ่งมีชีวิตเชิงตำนาน||นามานุกรมและประเภทตัวละคร||ตัวละครหลักและบทบาทในบทละคร,0.75,4
ตามเพลง,ศิลปะการแสดงและดนตรี||นาฏยศิลป์และการแสดง||กระบวนท่ารำและจารีตการแสดง,0.5,4
ตารี,วรรณคดีและสิ่งมีชีวิตเชิงตำนาน||นามานุกรมและประเภทตัวละคร||ตัวละครหลักและบทบาทในบทละคร,0.5,4
ตารีกีปัส,ศิลปะการแสดงและดนตรี||ดุริยางคศิลป์และคีตศิลป์||เครื่องดนตรีและวงดนตรี,0.5,4
ตารีบุหงา,วัฒนธรรมวัตถุ ศิลปกรรม และงานช่าง||พัสตราภรณ์และเครื่องแต่งกาย||ระเบียบการแต่งกายและอาวุธจำลอง,0.5,4
ตำนาน,วรรณคดีและสิ่งมีชีวิตเชิงตำนาน||นามานุกรมและประเภทตัวละคร||เทวปกรณ์ อสูร และอมนุษย์,0.75,4
ติดมือ,วัฒนธรรมวัตถุ ศิลปกรรม และงานช่าง||พัสตราภรณ์และเครื่องแต่งกาย||ระเบียบการแต่งกายและอาวุธจำลอง,0.5,4
ตีลังกา,ศิลปะการแสดงและดนตรี||นาฏยศิลป์และการแสดง||กระบวนท่ารำและจารีตการแสดง,0.75,4
ต่อสู้,ศิลปะการแสดงและดนตรี||นาฏยศิลป์และการแสดง||กระบวนท่ารำและจารีตการแสดง,0.25,4
ต้นขา,กลุ่มชาติพันธุ์ ชุมชน และวิถีชีวิต||วิถีชีวิตและพฤติกรรมทางสังคม||จารีตการปฏิบัติและพรรณไม้ในวิถีชีวิต,0.5,4
ต้นรัง,กลุ่มชาติพันธุ์ ชุมชน และวิถีชีวิต||วิถีชีวิตและพฤติกรรมทางสังคม||จารีตการปฏิบัติและพรรณไม้ในวิถีชีวิต,0.75,4
ต้นลีลาวดี,กลุ่มชาติพันธุ์ ชุมชน และวิถีชีวิต||วิถีชีวิตและพฤติกรรมทางสังคม||จารีตการปฏิบัติและพรรณไม้ในวิถีชีวิต,1.0,4
ถอยทัพ,บริบทเชิงประวัติศาสตร์ ภูมิศาสตร์ และพื้นที่||ยุคสมัยและเหตุการณ์สำคัญ||ลำดับเวลาและประวัติศาสตร์การสงคราม,0.75,4
ทศกัณฐ์,วรรณคดีและสิ่งมีชีวิตเชิงตำนาน||นามานุกรมและประเภทตัวละคร||เทวปกรณ์ อสูร และอมนุษย์,0.75,4
ทหารเอก,กลุ่มชาติพันธุ์ ชุมชน และวิถีชีวิต||โครงสร้างสังคมและบุคคลสำคัญ||ฐานันดรศักดิ์และบทบาททางสังคม,0.75,4
ทอผ้า,วัฒนธรรมวัตถุ ศิลปกรรม และงานช่าง||พัสตราภรณ์และเครื่องแต่งกาย||ระเบียบการแต่งกายและอาวุธจำลอง,0.5,4
ทะเล,บริบทเชิงประวัติศาสตร์ ภูมิศาสตร์ และพื้นที่||ภูมิศาสตร์และอาณาบริเวณ||พื้นที่ในคติความเชื่อและประวัติศาสตร์,0.75,4
ทับทิม,วัฒนธรรมวัตถุ ศิลปกรรม และงานช่าง||วัสดุและอัญมณี||วัสดุธรรมชาติและรัตนชาติ,0.75,4
ทับหลัง,วัฒนธรรมวัตถุ ศิลปกรรม และงานช่าง||สถาปัตยกรรมและพุทธศิลป์||ศาสนสถานและปูชนียวัตถุ,1.0,4
ทัพหน้า,บริบทเชิงประวัติศาสตร์ ภูมิศาสตร์ และพื้นที่||ยุคสมัยและเหตุการณ์สำคัญ||ลำดับเวลาและประวัติศาสตร์การสงคราม,1.0,4
ทางธรรมชาติ,กลุ่มชาติพันธุ์ ชุมชน และวิถีชีวิต||วิถีชีวิตและพฤติกรรมทางสังคม||จารีตการปฏิบัติและพรรณไม้ในวิถีชีวิต,0.25,4
ทำนอง,ศิลปะการแสดงและดนตรี||ดุริยางคศิลป์และคีตศิลป์||ระเบียบวิธีทางดนตรีและประเภทบทเพลง,1.0,4
ทำนองเพลง,ศิลปะการแสดงและดนตรี||ดุริยางคศิลป์และคีตศิลป์||ระเบียบวิธีทางดนตรีและประเภทบทเพลง,1.0,4
ทำนาย,พิธีกรรม ความเชื่อ และจารีตวัฒนธรรม||คติความเชื่อและไสยศาสตร์||การขจัดปัดเป่าและอำนาจเหนือธรรมชาติ,0.75,4
ทำพิธี,พิธีกรรม ความเชื่อ และจารีตวัฒนธรรม||จารีตประเพณีและพิธีกรรม||พิธีการสำคัญและจารีตทางสังคม,1.0,4
ทิพยวิมาน,บริบทเชิงประวัติศาสตร์ ภูมิศาสตร์ และพื้นที่||ภูมิศาสตร์และอาณาบริเวณ||พื้นที่ในคติความเชื่อและประวัติศาสตร์,0.5,4
ท่วงทำนอง,ศิลปะการแสดงและดนตรี||ดุริยางคศิลป์และคีตศิลป์||ระเบียบวิธีทางดนตรีและประเภทบทเพลง,1.0,4
ท้าวพิชัยพิษณุกร,วรรณคดีและสิ่งมีชีวิตเชิงตำนาน||นามานุกรมและประเภทตัวละคร||ตัวละครหลักและบทบาทในบทละคร,1.0,4
ท้าวลัสเตียน,วรรณคดีและสิ่งมีชีวิตเชิงตำนาน||นามานุกรมและประเภทตัวละคร||เทวปกรณ์ อสูร และอมนุษย์,0.5,4
ท้าวสัทธาสูร,วรรณคดีและสิ่งมีชีวิตเชิงตำนาน||นามานุกรมและประเภทตัวละคร||เทวปกรณ์ อสูร และอมนุษย์,0.75,4
ธงไทย,พิธีกรรม ความเชื่อ และจารีตวัฒนธรรม||จารีตประเพณีและพิธีกรรม||พิธีการสำคัญและจารีตทางสังคม,0.5,4
ธัญญาหาร,กลุ่มชาติพันธุ์ ชุมชน และวิถีชีวิต||วิถีชีวิตและระบบเศรษฐกิจ||การประกอบอาชีพและโภชนาการ,1.0,4
ธิเบศร์,วรรณคดีและสิ่งมีชีวิตเชิงตำนาน||นามานุกรมและประเภทตัวละคร||ตัวละครหลักและบทบาทในบทละคร,0.5,4
นครปฐม,บริบทเชิงประวัติศาสตร์ ภูมิศาสตร์ และพื้นที่||ภูมิศาสตร์และอาณาบริเวณ||เขตปกครองและภูมิภาค,1.0,4
นครพนม,บริบทเชิงประวัติศาสตร์ ภูมิศาสตร์ และพื้นที่||ภูมิศาสตร์และอาณาบริเวณ||เขตปกครองและภูมิภาค,1.0,4
นครราชสีมา,บริบทเชิงประวัติศาสตร์ ภูมิศาสตร์ และพื้นที่||ภูมิศาสตร์และอาณาบริเวณ||เขตปกครองและภูมิภาค,1.0,4
นครศรีธรรมราช,บริบทเชิงประวัติศาสตร์ ภูมิศาสตร์ และพื้นที่||ภูมิศาสตร์และอาณาบริเวณ||เขตปกครองและภูมิภาค,1.0,4
นนทก,วรรณคดีและสิ่งมีชีวิตเชิงตำนาน||นามานุกรมและประเภทตัวละคร||เทวปกรณ์ อสูร และอมนุษย์,0.75,4
นักษัตร,พิธีกรรม ความเชื่อ และจารีตวัฒนธรรม||ระบบความเชื่อและศาสนา||คติทางศาสนาและสิ่งศักดิ์สิทธิ์,0.5,4
นางกินรี,วรรณคดีและสิ่งมีชีวิตเชิงตำนาน||นามานุกรมและประเภทตัวละคร||เทวปกรณ์ อสูร และอมนุษย์,1.0,4
นางพญาคำปิน,วรรณคดีและสิ่งมีชีวิตเชิงตำนาน||นามานุกรมและประเภทตัวละคร||ตัวละครหลักและบทบาทในบทละคร,1.0,4
นางฟ้า,วรรณคดีและสิ่งมีชีวิตเชิงตำนาน||นามานุกรมและประเภทตัวละคร||เทวปกรณ์ อสูร และอมนุษย์,1.0,4
นางรื่น,วรรณคดีและสิ่งมีชีวิตเชิงตำนาน||นามานุกรมและประเภทตัวละคร||ตัวละครหลักและบทบาทในบทละคร,1.0,4
นางสวาหะ,วรรณคดีและสิ่งมีชีวิตเชิงตำนาน||นามานุกรมและประเภทตัวละคร||ตัวละครหลักและบทบาทในบทละคร,1.0,4
นางสีดา,วรรณคดีและสิ่งมีชีวิตเชิงตำนาน||นามานุกรมและประเภทตัวละคร||ตัวละครหลักและบทบาทในบทละคร,1.0,4
นางอัปสราบายน,วรรณคดีและสิ่งมีชีวิตเชิงตำนาน||นามานุกรมและประเภทตัวละคร||เทวปกรณ์ อสูร และอมนุษย์,0.75,4
นางเอก,วรรณคดีและสิ่งมีชีวิตเชิงตำนาน||นามานุกรมและประเภทตัวละคร||ตัวละครหลักและบทบาทในบทละคร,0.5,4
นางโรย,วรรณคดีและสิ่งมีชีวิตเชิงตำนาน||นามานุกรมและประเภทตัวละคร||ตัวละครหลักและบทบาทในบทละคร,1.0,4
นางใน,วรรณคดีและสิ่งมีชีวิตเชิงตำนาน||นามานุกรมและประเภทตัวละคร||ตัวละครหลักและบทบาทในบทละคร,0.5,4
นาฏศิลป์อินเดีย,ศิลปะการแสดงและดนตรี||นาฏยศิลป์และการแสดง||รูปแบบการแสดงและนาฏศิลป์ท้องถิ่น,0.5,4
นานาชาติ,บริบทเชิงประวัติศาสตร์ ภูมิศาสตร์ และพื้นที่||ภูมิศาสตร์และอาณาบริเวณ||เขตปกครองและภูมิภาค,0.5,4
นายขวัญ,วรรณคดีและสิ่งมีชีวิตเชิงตำนาน||นามานุกรมและประเภทตัวละคร||ตัวละครหลักและบทบาทในบทละคร,0.5,4
นายแก้ว,วรรณคดีและสิ่งมีชีวิตเชิงตำนาน||นามานุกรมและประเภทตัวละคร||ตัวละครหลักและบทบาทในบทละคร,1.0,4
นิลพาหุ,วรรณคดีและสิ่งมีชีวิตเชิงตำนาน||นามานุกรมและประเภทตัวละคร||เทวปกรณ์ อสูร และอมนุษย์,1.0,4
นิ้วเพชร,พิธีกรรม ความเชื่อ และจารีตวัฒนธรรม||คติความเชื่อและไสยศาสตร์||การขจัดปัดเป่าและอำนาจเหนือธรรมชาติ,0.25,4
น้องสาว,กลุ่มชาติพันธุ์ ชุมชน และวิถีชีวิต||โครงสร้างสังคมและบุคคลสำคัญ||ฐานันดรศักดิ์และบทบาททางสังคม,0.5,4
น้อยใจยา,วรรณคดีและสิ่งมีชีวิตเชิงตำนาน||นามานุกรมและประเภทตัวละคร||ตัวละครหลักและบทบาทในบทละคร,0.75,4
น้ำมันยาง,วัฒนธรรมวัตถุ ศิลปกรรม และงานช่าง||วัสดุและอัญมณี||วัสดุธรรมชาติและรัตนชาติ,1.0,4
บทร้อง,ศิลปะการแสดงและดนตรี||ดุริยางคศิลป์และคีตศิลป์||ระเบียบวิธีทางดนตรีและประเภทบทเพลง,0.75,4
บทละคร,วรรณคดีและสิ่งมีชีวิตเชิงตำนาน||นามานุกรมและประเภทตัวละคร||ตัวละครหลักและบทบาทในบทละคร,0.75,4
บรรพต,บริบทเชิงประวัติศาสตร์ ภูมิศาสตร์ และพื้นที่||ภูมิศาสตร์และอาณาบริเวณ||พื้นที่ในคติความเชื่อและประวัติศาสตร์,0.5,4
บรรพบุรุษ,กลุ่มชาติพันธุ์ ชุมชน และวิถีชีวิต||โครงสร้างสังคมและบุคคลสำคัญ||ฐานันดรศักดิ์และบทบาททางสังคม,0.5,4
บริวาร,กลุ่มชาติพันธุ์ ชุมชน และวิถีชีวิต||โครงสร้างสังคมและบุคคลสำคัญ||ฐานันดรศักดิ์และบทบาททางสังคม,1.0,4
บอกทาง,บริบทเชิงประวัติศาสตร์ ภูมิศาสตร์ และพื้นที่||ภูมิศาสตร์และอาณาบริเวณ||เขตปกครองและภูมิภาค,0.5,4
บินหนี,ศิลปะการแสดงและดนตรี||นาฏยศิลป์และการแสดง||กระบวนท่ารำและจารีตการแสดง,0.5,4
บุตรชาย,วรรณคดีและสิ่งมีชีวิตเชิงตำนาน||สถานภาพและลำดับชั้นทางสังคมในวรรณกรรม||ฐานันดรศักดิ์และระบบเครือญาติ,0.5,4
บุปเพสันนิวาส,พิธีกรรม ความเชื่อ และจารีตวัฒนธรรม||ระบบความเชื่อและศาสนา||คติทางศาสนาและสิ่งศักดิ์สิทธิ์,0.25,4
บุรี,บริบทเชิงประวัติศาสตร์ ภูมิศาสตร์ และพื้นที่||ภูมิศาสตร์และอาณาบริเวณ||เขตปกครองและภูมิภาค,0.5,4
บุรีรัมย์,บริบทเชิงประวัติศาสตร์ ภูมิศาสตร์ และพื้นที่||ภูมิศาสตร์และอาณาบริเวณ||เขตปกครองและภูมิภาค,1.0,4
บุษราคัม,วัฒนธรรมวัตถุ ศิลปกรรม และงานช่าง||วัสดุและอัญมณี||วัสดุธรรมชาติและรัตนชาติ,0.75,4
บุหงา,กลุ่มชาติพันธุ์ ชุมชน และวิถีชีวิต||วิถีชีวิตและพฤติกรรมทางสังคม||จารีตการปฏิบัติและพรรณไม้ในวิถีชีวิต,0.5,4
บุหรงซีงอ,ศิลปะการแสดงและดนตรี||ดุริยางคศิลป์และคีตศิลป์||ระเบียบวิธีทางดนตรีและประเภทบทเพลง,0.25,4
บูชาครู,พิธีกรรม ความเชื่อ และจารีตวัฒนธรรม||จารีตประเพณีและพิธีกรรม||พิธีการสำคัญและจารีตทางสังคม,1.0,4
บูชายัญ,พิธีกรรม ความเชื่อ และจารีตวัฒนธรรม||จารีตประเพณีและพิธีกรรม||พิธีการสำคัญและจารีตทางสังคม,1.0,4
ปรศุราม,วรรณคดีและสิ่งมีชีวิตเชิงตำนาน||นามานุกรมและประเภทตัวละคร||เทวปกรณ์ อสูร และอมนุษย์,0.5,4
ประชิดตัว,ศิลปะการแสดงและดนตรี||นาฏยศิลป์และการแสดง||กระบวนท่ารำและจารีตการแสดง,0.5,4
ประติมากรรม,วัฒนธรรมวัตถุ ศิลปกรรม และงานช่าง||ประณีตศิลป์และทัศนศิลป์||งานช่างศิลปกรรมและเทคนิควิธี,1.0,4
ประทาน,พิธีกรรม ความเชื่อ และจารีตวัฒนธรรม||จารีตประเพณีและพิธีกรรม||พิธีการสำคัญและจารีตทางสังคม,0.5,4
ปราชัย,บริบทเชิงประวัติศาสตร์ ภูมิศาสตร์ และพื้นที่||ยุคสมัยและเหตุการณ์สำคัญ||ลำดับเวลาและประวัติศาสตร์การสงคราม,0.5,4
ปราสาทพนมรุ้ง,วัฒนธรรมวัตถุ ศิลปกรรม และงานช่าง||สถาปัตยกรรมและพุทธศิลป์||ศาสนสถานและปูชนียวัตถุ,0.75,4
ปราสาทพระขรรค์,บริบทเชิงประวัติศาสตร์ ภูมิศาสตร์ และพื้นที่||พื้นที่ทางวัฒนธรรมและสถาบัน||สถานที่จัดแสดงและเขตพระราชฐาน,0.5,4
ปราสาทหินพิมาย,บริบทเชิงประวัติศาสตร์ ภูมิศาสตร์ และพื้นที่||ภูมิศาสตร์และอาณาบริเวณ||พื้นที่ในคติความเชื่อและประวัติศาสตร์,0.5,4
ปราสาทเมืองสิงห์,บริบทเชิงประวัติศาสตร์ ภูมิศาสตร์ และพื้นที่||ภูมิศาสตร์และอาณาบริเวณ||พื้นที่ในคติความเชื่อและประวัติศาสตร์,0.5,4
ปัดเป่า,พิธีกรรม ความเชื่อ และจารีตวัฒนธรรม||คติความเชื่อและไสยศาสตร์||การขจัดปัดเป่าและอำนาจเหนือธรรมชาติ,1.0,4
ปัตตานี,บริบทเชิงประวัติศาสตร์ ภูมิศาสตร์ และพื้นที่||ภูมิศาสตร์และอาณาบริเวณ||เขตปกครองและภูมิภาค,1.0,4
ปางลีลา,วัฒนธรรมวัตถุ ศิลปกรรม และงานช่าง||สถาปัตยกรรมและพุทธศิลป์||ศาสนสถานและปูชนียวัตถุ,0.5,4
ปารวตี,วรรณคดีและสิ่งมีชีวิตเชิงตำนาน||นามานุกรมและประเภทตัวละคร||เทวปกรณ์ อสูร และอมนุษย์,0.75,4
ปิดหน้า,ศิลปะการแสดงและดนตรี||นาฏยศิลป์และการแสดง||กระบวนท่ารำและจารีตการแสดง,0.75,4
ปูนปั้น,วัฒนธรรมวัตถุ ศิลปกรรม และงานช่าง||ประณีตศิลป์และทัศนศิลป์||งานช่างศิลปกรรมและเทคนิควิธี,1.0,4
ป้องกันตัว,ศิลปะการแสดงและดนตรี||บุคลากรและทักษะทางศิลปะ||กลวิธีและสมรรถนะการแสดง,0.5,4
ผางประทีป,พิธีกรรม ความเชื่อ และจารีตวัฒนธรรม||จารีตประเพณีและพิธีกรรม||พิธีการสำคัญและจารีตทางสังคม,0.75,4
ผีภู,พิธีกรรม ความเชื่อ และจารีตวัฒนธรรม||คติความเชื่อและไสยศาสตร์||การขจัดปัดเป่าและอำนาจเหนือธรรมชาติ,0.5,4
ผึ่งแดด,กลุ่มชาติพันธุ์ ชุมชน และวิถีชีวิต||วิถีชีวิตและพฤติกรรมทางสังคม||จารีตการปฏิบัติและพรรณไม้ในวิถีชีวิต,1.0,4
ผู้ครองนคร,กลุ่มชาติพันธุ์ ชุมชน และวิถีชีวิต||โครงสร้างสังคมและบุคคลสำคัญ||ฐานันดรศักดิ์และบทบาททางสังคม,0.75,4
ผู้มีพระคุณ,กลุ่มชาติพันธุ์ ชุมชน และวิถีชีวิต||โครงสร้างสังคมและบุคคลสำคัญ||ฐานันดรศักดิ์และบทบาททางสังคม,1.0,4
ผู้แสดงฝ่ายชาย,ศิลปะการแสดงและดนตรี||บุคลากรและทักษะทางศิลปะ||กลวิธีและสมรรถนะการแสดง,0.75,4
ผู้แสดงฝ่ายหญิง,ศิลปะการแสดงและดนตรี||บุคลากรและทักษะทางศิลปะ||กลวิธีและสมรรถนะการแสดง,1.0,4
ผ้าไหม,วัฒนธรรมวัตถุ ศิลปกรรม และงานช่าง||วัสดุและอัญมณี||วัสดุธรรมชาติและรัตนชาติ,0.5,4
ฝั่งน้ำ,บริบทเชิงประวัติศาสตร์ ภูมิศาสตร์ และพื้นที่||ภูมิศาสตร์และอาณาบริเวณ||พื้นที่ในคติความเชื่อและประวัติศาสตร์,0.5,4
ฝากตัว,พิธีกรรม ความเชื่อ และจารีตวัฒนธรรม||จารีตประเพณีและพิธีกรรม||พิธีการสำคัญและจารีตทางสังคม,0.5,4
ฝ่ามือ,ศิลปะการแสดงและดนตรี||บุคลากรและทักษะทางศิลปะ||กลวิธีและสมรรถนะการแสดง,0.25,4
พญาขร,วรรณคดีและสิ่งมีชีวิตเชิงตำนาน||นามานุกรมและประเภทตัวละคร||เทวปกรณ์ อสูร และอมนุษย์,0.5,4
พญาทูษณ์,วรรณคดีและสิ่งมีชีวิตเชิงตำนาน||นามานุกรมและประเภทตัวละคร||ตัวละครหลักและบทบาทในบทละคร,0.75,4
พญาผานอง,วรรณคดีและสิ่งมีชีวิตเชิงตำนาน||นามานุกรมและประเภทตัวละคร||เทวปกรณ์ อสูร และอมนุษย์,0.5,4
พรหมาสตร์,พิธีกรรม ความเชื่อ และจารีตวัฒนธรรม||ระบบความเชื่อและศาสนา||คติทางศาสนาและสิ่งศักดิ์สิทธิ์,0.5,4
พระคเณศ,วรรณคดีและสิ่งมีชีวิตเชิงตำนาน||นามานุกรมและประเภทตัวละคร||เทวปกรณ์ อสูร และอมนุษย์,1.0,4
พระจันทร์,พิธีกรรม ความเชื่อ และจารีตวัฒนธรรม||คติความเชื่อและไสยศาสตร์||การขจัดปัดเป่าและอำนาจเหนือธรรมชาติ,0.5,4
พระชายา,วรรณคดีและสิ่งมีชีวิตเชิงตำนาน||สถานภาพและลำดับชั้นทางสังคมในวรรณกรรม||ฐานันดรศักดิ์และระบบเครือญาติ,0.5,4
พระญาติ,วรรณคดีและสิ่งมีชีวิตเชิงตำนาน||สถานภาพและลำดับชั้นทางสังคมในวรรณกรรม||ฐานันดรศักดิ์และระบบเครือญาติ,0.5,4
พระตำหนัก,บริบทเชิงประวัติศาสตร์ ภูมิศาสตร์ และพื้นที่||พื้นที่ทางวัฒนธรรมและสถาบัน||สถานที่จัดแสดงและเขตพระราชฐาน,0.75,4
พระนารายณ์,วรรณคดีและสิ่งมีชีวิตเชิงตำนาน||นามานุกรมและประเภทตัวละคร||เทวปกรณ์ อสูร และอมนุษย์,1.0,4
พระนิพนธ์,วรรณคดีและสิ่งมีชีวิตเชิงตำนาน||นามานุกรมและประเภทตัวละคร||ตัวละครหลักและบทบาทในบทละคร,0.75,4
พระบรมราชชนนีพับปีหลวง,กลุ่มชาติพันธุ์ ชุมชน และวิถีชีวิต||โครงสร้างสังคมและบุคคลสำคัญ||ฐานันดรศักดิ์และบทบาททางสังคม,0.75,4
พระบาทสมเด็จพระจอมเกล้าเจ้าอยู่หัว,กลุ่มชาติพันธุ์ ชุมชน และวิถีชีวิต||โครงสร้างสังคมและบุคคลสำคัญ||ฐานันดรศักดิ์และบทบาททางสังคม,0.75,4
พระบาทสมเด็จพระจุลจอมเกล้าเจ้าอยู่หัว,กลุ่มชาติพันธุ์ ชุมชน และวิถีชีวิต||โครงสร้างสังคมและบุคคลสำคัญ||ฐานันดรศักดิ์และบทบาททางสังคม,0.5,4
พระพรหม,พิธีกรรม ความเชื่อ และจารีตวัฒนธรรม||ระบบความเชื่อและศาสนา||คติทางศาสนาและสิ่งศักดิ์สิทธิ์,0.5,4
พระพาย,วรรณคดีและสิ่งมีชีวิตเชิงตำนาน||นามานุกรมและประเภทตัวละคร||เทวปกรณ์ อสูร และอมนุษย์,0.5,4
พระพี่เลี้ยง,กลุ่มชาติพันธุ์ ชุมชน และวิถีชีวิต||โครงสร้างสังคมและบุคคลสำคัญ||ฐานันดรศักดิ์และบทบาททางสังคม,0.75,4
พระพุทธรูป,วัฒนธรรมวัตถุ ศิลปกรรม และงานช่าง||สถาปัตยกรรมและพุทธศิลป์||ศาสนสถานและปูชนียวัตถุ,1.0,4
พระมหากษัตริย์,กลุ่มชาติพันธุ์ ชุมชน และวิถีชีวิต||โครงสร้างสังคมและบุคคลสำคัญ||ฐานันดรศักดิ์และบทบาททางสังคม,0.75,4
พระยา,กลุ่มชาติพันธุ์ ชุมชน และวิถีชีวิต||โครงสร้างสังคมและบุคคลสำคัญ||ฐานันดรศักดิ์และบทบาททางสังคม,1.0,4
พระราชธิดา,วรรณคดีและสิ่งมีชีวิตเชิงตำนาน||สถานภาพและลำดับชั้นทางสังคมในวรรณกรรม||ฐานันดรศักดิ์และระบบเครือญาติ,0.5,4
พระราชบัญชา,กลุ่มชาติพันธุ์ ชุมชน และวิถีชีวิต||โครงสร้างสังคมและบุคคลสำคัญ||ฐานันดรศักดิ์และบทบาททางสังคม,0.5,4
พระราชพิธี,พิธีกรรม ความเชื่อ และจารีตวัฒนธรรม||จารีตประเพณีและพิธีกรรม||พิธีการสำคัญและจารีตทางสังคม,0.5,4
พระราชวังบวรสถานมงคล,บริบทเชิงประวัติศาสตร์ ภูมิศาสตร์ และพื้นที่||พื้นที่ทางวัฒนธรรมและสถาบัน||สถานที่จัดแสดงและเขตพระราชฐาน,1.0,4
พระราม,วรรณคดีและสิ่งมีชีวิตเชิงตำนาน||นามานุกรมและประเภทตัวละคร||ตัวละครหลักและบทบาทในบทละคร,1.0,4
พระลอ,วรรณคดีและสิ่งมีชีวิตเชิงตำนาน||นามานุกรมและประเภทตัวละคร||ตัวละครหลักและบทบาทในบทละคร,1.0,4
พระลักษมณ์,วรรณคดีและสิ่งมีชีวิตเชิงตำนาน||นามานุกรมและประเภทตัวละคร||ตัวละครหลักและบทบาทในบทละคร,0.75,4
พระลาน,บริบทเชิงประวัติศาสตร์ ภูมิศาสตร์ และพื้นที่||พื้นที่ทางวัฒนธรรมและสถาบัน||สถานที่จัดแสดงและเขตพระราชฐาน,1.0,4
พระศิวะ,วรรณคดีและสิ่งมีชีวิตเชิงตำนาน||นามานุกรมและประเภทตัวละคร||เทวปกรณ์ อสูร และอมนุษย์,1.0,4
พระสวามี,วรรณคดีและสิ่งมีชีวิตเชิงตำนาน||สถานภาพและลำดับชั้นทางสังคมในวรรณกรรม||ฐานันดรศักดิ์และระบบเครือญาติ,0.75,4
พระสังข์,วรรณคดีและสิ่งมีชีวิตเชิงตำนาน||นามานุกรมและประเภทตัวละคร||ตัวละครหลักและบทบาทในบทละคร,0.25,4
พระองค์,กลุ่มชาติพันธุ์ ชุมชน และวิถีชีวิต||โครงสร้างสังคมและบุคคลสำคัญ||ฐานันดรศักดิ์และบทบาททางสังคม,0.75,4
พระอินทร์,วรรณคดีและสิ่งมีชีวิตเชิงตำนาน||นามานุกรมและประเภทตัวละคร||เทวปกรณ์ อสูร และอมนุษย์,1.0,4
พระอิศวร,พิธีกรรม ความเชื่อ และจารีตวัฒนธรรม||ระบบความเชื่อและศาสนา||คติทางศาสนาและสิ่งศักดิ์สิทธิ์,0.5,4
พระอุมา,วรรณคดีและสิ่งมีชีวิตเชิงตำนาน||นามานุกรมและประเภทตัวละคร||เทวปกรณ์ อสูร และอมนุษย์,0.75,4
พระอุโบสถ,วัฒนธรรมวัตถุ ศิลปกรรม และงานช่าง||สถาปัตยกรรมและพุทธศิลป์||ศาสนสถานและปูชนียวัตถุ,1.0,4
พระเจ้าชัยวรมัน,บริบทเชิงประวัติศาสตร์ ภูมิศาสตร์ และพื้นที่||ยุคสมัยและเหตุการณ์สำคัญ||ลำดับเวลาและประวัติศาสตร์การสงคราม,0.75,4
พระเจ้าบรมวงศ์เธอกรมพระนราธิปประพันธ์พงศ์,กลุ่มชาติพันธุ์ ชุมชน และวิถีชีวิต||โครงสร้างสังคมและบุคคลสำคัญ||ฐานันดรศักดิ์และบทบาททางสังคม,0.75,4
พระเพื่อน,วรรณคดีและสิ่งมีชีวิตเชิงตำนาน||นามานุกรมและประเภทตัวละคร||ตัวละครหลักและบทบาทในบทละคร,0.25,4
พระเมรุ,พิธีกรรม ความเชื่อ และจารีตวัฒนธรรม||จารีตประเพณีและพิธีกรรม||พิธีการสำคัญและจารีตทางสังคม,0.75,4
พระเอก,วรรณคดีและสิ่งมีชีวิตเชิงตำนาน||นามานุกรมและประเภทตัวละคร||ตัวละครหลักและบทบาทในบทละคร,1.0,4
พระแพง,วรรณคดีและสิ่งมีชีวิตเชิงตำนาน||นามานุกรมและประเภทตัวละคร||ตัวละครหลักและบทบาทในบทละคร,0.5,4
พระแม่คงคา,พิธีกรรม ความเชื่อ และจารีตวัฒนธรรม||ระบบความเชื่อและศาสนา||คติทางศาสนาและสิ่งศักดิ์สิทธิ์,0.5,4
พระไวย,วรรณคดีและสิ่งมีชีวิตเชิงตำนาน||นามานุกรมและประเภทตัวละคร||ตัวละครหลักและบทบาทในบทละคร,1.0,4
พราหมณ์,พิธีกรรม ความเชื่อ และจารีตวัฒนธรรม||ระบบความเชื่อและศาสนา||คติทางศาสนาและสิ่งศักดิ์สิทธิ์,0.75,4
พลลิง,วรรณคดีและสิ่งมีชีวิตเชิงตำนาน||นามานุกรมและประเภทตัวละคร||ตัวละครหลักและบทบาทในบทละคร,1.0,4
พลวานร,วรรณคดีและสิ่งมีชีวิตเชิงตำนาน||นามานุกรมและประเภทตัวละคร||เทวปกรณ์ อสูร และอมนุษย์,0.5,4
พลับพลา,บริบทเชิงประวัติศาสตร์ ภูมิศาสตร์ และพื้นที่||พื้นที่ทางวัฒนธรรมและสถาบัน||สถานที่จัดแสดงและเขตพระราชฐาน,0.5,4
พลายชุมพล,วรรณคดีและสิ่งมีชีวิตเชิงตำนาน||นามานุกรมและประเภทตัวละคร||ตัวละครหลักและบทบาทในบทละคร,0.75,4
พวงมาลัย,พิธีกรรม ความเชื่อ และจารีตวัฒนธรรม||จารีตประเพณีและพิธีกรรม||พิธีการสำคัญและจารีตทางสังคม,0.75,4
พัดเรนัง,ศิลปะการแสดงและดนตรี||ดุริยางคศิลป์และคีตศิลป์||ระเบียบวิธีทางดนตรีและประเภทบทเพลง,0.25,4
พาลี,วรรณคดีและสิ่งมีชีวิตเชิงตำนาน||นามานุกรมและประเภทตัวละคร||เทวปกรณ์ อสูร และอมนุษย์,0.5,4
พิธีทางศาสนา,พิธีกรรม ความเชื่อ และจารีตวัฒนธรรม||จารีตประเพณีและพิธีกรรม||พิธีการสำคัญและจารีตทางสังคม,1.0,4
พิเภก,วรรณคดีและสิ่งมีชีวิตเชิงตำนาน||นามานุกรมและประเภทตัวละคร||ตัวละครหลักและบทบาทในบทละคร,1.0,4
พี่เลี้ยง,กลุ่มชาติพันธุ์ ชุมชน และวิถีชีวิต||โครงสร้างสังคมและบุคคลสำคัญ||ฐานันดรศักดิ์และบทบาททางสังคม,0.5,4
พืชพรรณ,กลุ่มชาติพันธุ์ ชุมชน และวิถีชีวิต||วิถีชีวิตและพฤติกรรมทางสังคม||จารีตการปฏิบัติและพรรณไม้ในวิถีชีวิต,1.0,4
พื้นบ้านภาคใต้,ศิลปะการแสดงและดนตรี||นาฏยศิลป์และการแสดง||รูปแบบการแสดงและนาฏศิลป์ท้องถิ่น,0.25,4
พุทธศตวรรษ,บริบทเชิงประวัติศาสตร์ ภูมิศาสตร์ และพื้นที่||ยุคสมัยและเหตุการณ์สำคัญ||ลำดับเวลาและประวัติศาสตร์การสงคราม,1.0,4
ฟองน้ำ,วัฒนธรรมวัตถุ ศิลปกรรม และงานช่าง||วัสดุและอัญมณี||วัสดุธรรมชาติและรัตนชาติ,0.75,4
ฟันปลา,วัฒนธรรมวัตถุ ศิลปกรรม และงานช่าง||ประณีตศิลป์และทัศนศิลป์||งานช่างศิลปกรรมและเทคนิควิธี,0.75,4
ฟาดฟัน,บริบทเชิงประวัติศาสตร์ ภูมิศาสตร์ และพื้นที่||ยุคสมัยและเหตุการณ์สำคัญ||ลำดับเวลาและประวัติศาสตร์การสงคราม,1.0,4
ภาคกลาง,บริบทเชิงประวัติศาสตร์ ภูมิศาสตร์ และพื้นที่||ภูมิศาสตร์และอาณาบริเวณ||เขตปกครองและภูมิภาค,1.0,4
ภาคตะวันออกเฉียงเหนือ,บริบทเชิงประวัติศาสตร์ ภูมิศาสตร์ และพื้นที่||ภูมิศาสตร์และอาณาบริเวณ||เขตปกครองและภูมิภาค,1.0,4
ภาคอีสาน,บริบทเชิงประวัติศาสตร์ ภูมิศาสตร์ และพื้นที่||ภูมิศาสตร์และอาณาบริเวณ||เขตปกครองและภูมิภาค,1.0,4
ภาคเหนือ,บริบทเชิงประวัติศาสตร์ ภูมิศาสตร์ และพื้นที่||ภูมิศาสตร์และอาณาบริเวณ||เขตปกครองและภูมิภาค,1.0,4
ภาชนะดินเผา,วัฒนธรรมวัตถุ ศิลปกรรม และงานช่าง||ประณีตศิลป์และทัศนศิลป์||งานช่างศิลปกรรมและเทคนิควิธี,1.0,4
ภาพจำหลัก,วัฒนธรรมวัตถุ ศิลปกรรม และงานช่าง||ประณีตศิลป์และทัศนศิลป์||งานช่างศิลปกรรมและเทคนิควิธี,1.0,4
ภาพจิตรกรรมฝาผนัง,วัฒนธรรมวัตถุ ศิลปกรรม และงานช่าง||ประณีตศิลป์และทัศนศิลป์||งานช่างศิลปกรรมและเทคนิควิธี,0.75,4
ภารตนาฏยัม,ศิลปะการแสดงและดนตรี||นาฏยศิลป์และการแสดง||รูปแบบการแสดงและนาฏศิลป์ท้องถิ่น,0.75,4
ภาษามลายู,กลุ่มชาติพันธุ์ ชุมชน และวิถีชีวิต||อัตลักษณ์ทางสังคมและกลุ่มคน||กลุ่มชาติพันธุ์และชุมชนท้องถิ่น,0.75,4
ภูเขา,บริบทเชิงประวัติศาสตร์ ภูมิศาสตร์ และพื้นที่||ภูมิศาสตร์และอาณาบริเวณ||พื้นที่ในคติความเชื่อและประวัติศาสตร์,0.75,4
มณีพิชัย,วรรณคดีและสิ่งมีชีวิตเชิงตำนาน||นามานุกรมและประเภทตัวละคร||ตัวละครหลักและบทบาทในบทละคร,0.5,4
มรกต,วัฒนธรรมวัตถุ ศิลปกรรม และงานช่าง||วัสดุและอัญมณี||วัสดุธรรมชาติและรัตนชาติ,1.0,4
มลายู,กลุ่มชาติพันธุ์ ชุมชน และวิถีชีวิต||อัตลักษณ์ทางสังคมและกลุ่มคน||กลุ่มชาติพันธุ์และชุมชนท้องถิ่น,1.0,4
มวยโบราณ,ศิลปะการแสดงและดนตรี||บุคลากรและทักษะทางศิลปะ||กลวิธีและสมรรถนะการแสดง,0.5,4
มวยไทย,ศิลปะการแสดงและดนตรี||นาฏยศิลป์และการแสดง||รูปแบบการแสดงและนาฏศิลป์ท้องถิ่น,1.0,4
มหาสมุทร,บริบทเชิงประวัติศาสตร์ ภูมิศาสตร์ และพื้นที่||ภูมิศาสตร์และอาณาบริเวณ||พื้นที่ในคติความเชื่อและประวัติศาสตร์,1.0,4
มังกรกัณฐ์,วรรณคดีและสิ่งมีชีวิตเชิงตำนาน||นามานุกรมและประเภทตัวละคร||เทวปกรณ์ อสูร และอมนุษย์,0.75,4
มัยราพณ์,วรรณคดีและสิ่งมีชีวิตเชิงตำนาน||นามานุกรมและประเภทตัวละคร||ตัวละครหลักและบทบาทในบทละคร,0.75,4
มารดา,กลุ่มชาติพันธุ์ ชุมชน และวิถีชีวิต||โครงสร้างสังคมและบุคคลสำคัญ||ฐานันดรศักดิ์และบทบาททางสังคม,0.75,4
มารีศ,วรรณคดีและสิ่งมีชีวิตเชิงตำนาน||นามานุกรมและประเภทตัวละคร||ตัวละครหลักและบทบาทในบทละคร,0.75,4
มีฤทธิ์,พิธีกรรม ความเชื่อ และจารีตวัฒนธรรม||คติความเชื่อและไสยศาสตร์||การขจัดปัดเป่าและอำนาจเหนือธรรมชาติ,1.0,4
มีแบบแผน,พิธีกรรม ความเชื่อ และจารีตวัฒนธรรม||จารีตประเพณีและพิธีกรรม||พิธีการสำคัญและจารีตทางสังคม,0.5,4
มือขวา,กลุ่มชาติพันธุ์ ชุมชน และวิถีชีวิต||โครงสร้างสังคมและบุคคลสำคัญ||ฐานันดรศักดิ์และบทบาททางสังคม,0.75,4
มือซ้าย,กลุ่มชาติพันธุ์ ชุมชน และวิถีชีวิต||วิถีชีวิตและพฤติกรรมทางสังคม||จารีตการปฏิบัติและพรรณไม้ในวิถีชีวิต,0.5,4
มือเปล่า,ศิลปะการแสดงและดนตรี||บุคลากรและทักษะทางศิลปะ||กลวิธีและสมรรถนะการแสดง,0.25,4
มุกดาหาร,บริบทเชิงประวัติศาสตร์ ภูมิศาสตร์ และพื้นที่||ภูมิศาสตร์และอาณาบริเวณ||เขตปกครองและภูมิภาค,1.0,4
มุสลิม,พิธีกรรม ความเชื่อ และจารีตวัฒนธรรม||ระบบความเชื่อและศาสนา||คติทางศาสนาและสิ่งศักดิ์สิทธิ์,0.5,4
มเหสี,วรรณคดีและสิ่งมีชีวิตเชิงตำนาน||สถานภาพและลำดับชั้นทางสังคมในวรรณกรรม||ฐานันดรศักดิ์และระบบเครือญาติ,0.5,4
มโนราห์,ศิลปะการแสดงและดนตรี||นาฏยศิลป์และการแสดง||รูปแบบการแสดงและนาฏศิลป์ท้องถิ่น,0.5,4
มโนห์รา,วรรณคดีและสิ่งมีชีวิตเชิงตำนาน||นามานุกรมและประเภทตัวละคร||ตัวละครหลักและบทบาทในบทละคร,0.75,4
ยมะ,พิธีกรรม ความเชื่อ และจารีตวัฒนธรรม||ระบบความเชื่อและศาสนา||คติทางศาสนาและสิ่งศักดิ์สิทธิ์,0.5,4
ยอพระกลิ่น,พิธีกรรม ความเชื่อ และจารีตวัฒนธรรม||จารีตประเพณีและพิธีกรรม||พิธีการสำคัญและจารีตทางสังคม,0.5,4
ยักษิณี,วรรณคดีและสิ่งมีชีวิตเชิงตำนาน||นามานุกรมและประเภทตัวละคร||เทวปกรณ์ อสูร และอมนุษย์,1.0,4
ยูเนสโก,กลุ่มชาติพันธุ์ ชุมชน และวิถีชีวิต||โครงสร้างสังคมและบุคคลสำคัญ||ฐานันดรศักดิ์และบทบาททางสังคม,0.25,4
ย่องหงิด,วรรณคดีและสิ่งมีชีวิตเชิงตำนาน||นามานุกรมและประเภทตัวละคร||ตัวละครหลักและบทบาทในบทละคร,0.5,4
ย่านาง,วรรณคดีและสิ่งมีชีวิตเชิงตำนาน||นามานุกรมและประเภทตัวละคร||เทวปกรณ์ อสูร และอมนุษย์,0.5,4
รจนา,วรรณคดีและสิ่งมีชีวิตเชิงตำนาน||นามานุกรมและประเภทตัวละคร||ตัวละครหลักและบทบาทในบทละคร,0.75,4
ระดับชาติ,บริบทเชิงประวัติศาสตร์ ภูมิศาสตร์ และพื้นที่||ภูมิศาสตร์และอาณาบริเวณ||เขตปกครองและภูมิภาค,0.75,4
ระบำมาตรฐาน,ศิลปะการแสดงและดนตรี||นาฏยศิลป์และการแสดง||กระบวนท่ารำและจารีตการแสดง,0.75,4
ระบำโบราณคดี,ศิลปะการแสดงและดนตรี||นาฏยศิลป์และการแสดง||รูปแบบการแสดงและนาฏศิลป์ท้องถิ่น,0.75,4
รังควาญ,พิธีกรรม ความเชื่อ และจารีตวัฒนธรรม||คติความเชื่อและไสยศาสตร์||การขจัดปัดเป่าและอำนาจเหนือธรรมชาติ,0.5,4
รัชกาล,บริบทเชิงประวัติศาสตร์ ภูมิศาสตร์ และพื้นที่||ยุคสมัยและเหตุการณ์สำคัญ||ลำดับเวลาและประวัติศาสตร์การสงคราม,1.0,4
รัชฎา,วัฒนธรรมวัตถุ ศิลปกรรม และงานช่าง||วัสดุและอัญมณี||วัสดุธรรมชาติและรัตนชาติ,0.25,4
รับสั่ง,กลุ่มชาติพันธุ์ ชุมชน และวิถีชีวิต||โครงสร้างสังคมและบุคคลสำคัญ||ฐานันดรศักดิ์และบทบาททางสังคม,0.75,4
รับอาสา,กลุ่มชาติพันธุ์ ชุมชน และวิถีชีวิต||วิถีชีวิตและพฤติกรรมทางสังคม||จารีตการปฏิบัติและพรรณไม้ในวิถีชีวิต,0.5,4
รับใช้,กลุ่มชาติพันธุ์ ชุมชน และวิถีชีวิต||โครงสร้างสังคมและบุคคลสำคัญ||ฐานันดรศักดิ์และบทบาททางสังคม,0.75,4
รัวฉิ่ง,ศิลปะการแสดงและดนตรี||ดุริยางคศิลป์และคีตศิลป์||ระเบียบวิธีทางดนตรีและประเภทบทเพลง,1.0,4
ราชสำนัก,บริบทเชิงประวัติศาสตร์ ภูมิศาสตร์ และพื้นที่||พื้นที่ทางวัฒนธรรมและสถาบัน||สถานที่จัดแสดงและเขตพระราชฐาน,0.75,4
รามสูร,วรรณคดีและสิ่งมีชีวิตเชิงตำนาน||นามานุกรมและประเภทตัวละคร||เทวปกรณ์ อสูร และอมนุษย์,0.75,4
รามเกียรติ์,วรรณคดีและสิ่งมีชีวิตเชิงตำนาน||นามานุกรมและประเภทตัวละคร||ตัวละครหลักและบทบาทในบทละคร,1.0,4
รำคู่,ศิลปะการแสดงและดนตรี||นาฏยศิลป์และการแสดง||กระบวนท่ารำและจารีตการแสดง,1.0,4
รำพัด,ศิลปะการแสดงและดนตรี||นาฏยศิลป์และการแสดง||รูปแบบการแสดงและนาฏศิลป์ท้องถิ่น,0.5,4
รำมาตรฐาน,ศิลปะการแสดงและดนตรี||นาฏยศิลป์และการแสดง||กระบวนท่ารำและจารีตการแสดง,1.0,4
รำเดี่ยว,ศิลปะการแสดงและดนตรี||นาฏยศิลป์และการแสดง||รูปแบบการแสดงและนาฏศิลป์ท้องถิ่น,0.5,4
ริมแม่น้ำ,บริบทเชิงประวัติศาสตร์ ภูมิศาสตร์ และพื้นที่||ภูมิศาสตร์และอาณาบริเวณ||พื้นที่ในคติความเชื่อและประวัติศาสตร์,0.75,4
รุทการ,ศิลปะการแสดงและดนตรี||นาฏยศิลป์และการแสดง||กระบวนท่ารำและจารีตการแสดง,0.5,4
รูปทอง,วัฒนธรรมวัตถุ ศิลปกรรม และงานช่าง||ประณีตศิลป์และทัศนศิลป์||งานช่างศิลปกรรมและเทคนิควิธี,0.5,4
รูปนอก,ศิลปะการแสดงและดนตรี||นาฏยศิลป์และการแสดง||รูปแบบการแสดงและนาฏศิลป์ท้องถิ่น,0.5,4
ร่มพระบารมี,พิธีกรรม ความเชื่อ และจารีตวัฒนธรรม||ระบบความเชื่อและศาสนา||คติทางศาสนาและสิ่งศักดิ์สิทธิ์,0.5,4
ฤดูฝน,บริบทเชิงประวัติศาสตร์ ภูมิศาสตร์ และพื้นที่||ภูมิศาสตร์และอาณาบริเวณ||พื้นที่ในคติความเชื่อและประวัติศาสตร์,0.5,4
ฤาษี,วรรณคดีและสิ่งมีชีวิตเชิงตำนาน||นามานุกรมและประเภทตัวละคร||เทวปกรณ์ อสูร และอมนุษย์,1.0,4
ลอยกระทง,พิธีกรรม ความเชื่อ และจารีตวัฒนธรรม||จารีตประเพณีและพิธีกรรม||พิธีการสำคัญและจารีตทางสังคม,1.0,4
ลอยน้ำ,กลุ่มชาติพันธุ์ ชุมชน และวิถีชีวิต||วิถีชีวิตและพฤติกรรมทางสังคม||จารีตการปฏิบัติและพรรณไม้ในวิถีชีวิต,0.5,4
ละครชาตรี,ศิลปะการแสดงและดนตรี||นาฏยศิลป์และการแสดง||รูปแบบการแสดงและนาฏศิลป์ท้องถิ่น,0.75,4
ละครดึกดำบรรพ์,ศิลปะการแสดงและดนตรี||นาฏยศิลป์และการแสดง||รูปแบบการแสดงและนาฏศิลป์ท้องถิ่น,1.0,4
ละครนอก,ศิลปะการแสดงและดนตรี||นาฏยศิลป์และการแสดง||รูปแบบการแสดงและนาฏศิลป์ท้องถิ่น,0.75,4
ละครพันทาง,ศิลปะการแสดงและดนตรี||นาฏยศิลป์และการแสดง||รูปแบบการแสดงและนาฏศิลป์ท้องถิ่น,0.75,4
ละครเสภา,ศิลปะการแสดงและดนตรี||นาฏยศิลป์และการแสดง||รูปแบบการแสดงและนาฏศิลป์ท้องถิ่น,0.75,4
ละครใน,ศิลปะการแสดงและดนตรี||นาฏยศิลป์และการแสดง||รูปแบบการแสดงและนาฏศิลป์ท้องถิ่น,0.75,4
ลายเส้น,วัฒนธรรมวัตถุ ศิลปกรรม และงานช่าง||ประณีตศิลป์และทัศนศิลป์||งานช่างศิลปกรรมและเทคนิควิธี,1.0,4
ลาวครั่ง,กลุ่มชาติพันธุ์ ชุมชน และวิถีชีวิต||อัตลักษณ์ทางสังคมและกลุ่มคน||กลุ่มชาติพันธุ์และชุมชนท้องถิ่น,0.75,4
ลาวเวียง,กลุ่มชาติพันธุ์ ชุมชน และวิถีชีวิต||อัตลักษณ์ทางสังคมและกลุ่มคน||กลุ่มชาติพันธุ์และชุมชนท้องถิ่น,1.0,4
ลำตังหวาย,ศิลปะการแสดงและดนตรี||ดุริยางคศิลป์และคีตศิลป์||ระเบียบวิธีทางดนตรีและประเภทบทเพลง,0.5,4
ลำนำ,ศิลปะการแสดงและดนตรี||ดุริยางคศิลป์และคีตศิลป์||ระเบียบวิธีทางดนตรีและประเภทบทเพลง,1.0,4
ลำเพลิน,ศิลปะการแสดงและดนตรี||ดุริยางคศิลป์และคีตศิลป์||ระเบียบวิธีทางดนตรีและประเภทบทเพลง,0.75,4
ลิลิตพระลอ,วรรณคดีและสิ่งมีชีวิตเชิงตำนาน||นามานุกรมและประเภทตัวละคร||ตัวละครหลักและบทบาทในบทละคร,1.0,4
ลูกไม้,วัฒนธรรมวัตถุ ศิลปกรรม และงานช่าง||พัสตราภรณ์และเครื่องแต่งกาย||ระเบียบการแต่งกายและอาวุธจำลอง,0.5,4
ล้านนา,บริบทเชิงประวัติศาสตร์ ภูมิศาสตร์ และพื้นที่||ภูมิศาสตร์และอาณาบริเวณ||เขตปกครองและภูมิภาค,1.0,4
วสันตฤดู,วรรณคดีและสิ่งมีชีวิตเชิงตำนาน||นามานุกรมและประเภทตัวละคร||ตัวละครหลักและบทบาทในบทละคร,0.5,4
วังหน้า,บริบทเชิงประวัติศาสตร์ ภูมิศาสตร์ และพื้นที่||พื้นที่ทางวัฒนธรรมและสถาบัน||สถานที่จัดแสดงและเขตพระราชฐาน,0.75,4
วันทอง,วรรณคดีและสิ่งมีชีวิตเชิงตำนาน||นามานุกรมและประเภทตัวละคร||ตัวละครหลักและบทบาทในบทละคร,0.75,4
วันวาน,บริบทเชิงประวัติศาสตร์ ภูมิศาสตร์ และพื้นที่||ยุคสมัยและเหตุการณ์สำคัญ||ลำดับเวลาและประวัติศาสตร์การสงคราม,1.0,4
วาจา,กลุ่มชาติพันธุ์ ชุมชน และวิถีชีวิต||วิถีชีวิตและพฤติกรรมทางสังคม||จารีตการปฏิบัติและพรรณไม้ในวิถีชีวิต,0.5,4
วาดภาพ,วัฒนธรรมวัตถุ ศิลปกรรม และงานช่าง||ประณีตศิลป์และทัศนศิลป์||งานช่างศิลปกรรมและเทคนิควิธี,0.75,4
วาดรูป,วัฒนธรรมวัตถุ ศิลปกรรม และงานช่าง||ประณีตศิลป์และทัศนศิลป์||งานช่างศิลปกรรมและเทคนิควิธี,1.0,4
วานร,วรรณคดีและสิ่งมีชีวิตเชิงตำนาน||นามานุกรมและประเภทตัวละคร||เทวปกรณ์ อสูร และอมนุษย์,1.0,4
วานรินทร์,วรรณคดีและสิ่งมีชีวิตเชิงตำนาน||นามานุกรมและประเภทตัวละคร||ตัวละครหลักและบทบาทในบทละคร,0.75,4
วิชนี,วัฒนธรรมวัตถุ ศิลปกรรม และงานช่าง||พัสตราภรณ์และเครื่องแต่งกาย||ระเบียบการแต่งกายและอาวุธจำลอง,0.25,4
วิดน้ำ,กลุ่มชาติพันธุ์ ชุมชน และวิถีชีวิต||วิถีชีวิตและพฤติกรรมทางสังคม||จารีตการปฏิบัติและพรรณไม้ในวิถีชีวิต,0.5,4
วิรุญจำบัง,วรรณคดีและสิ่งมีชีวิตเชิงตำนาน||นามานุกรมและประเภทตัวละคร||เทวปกรณ์ อสูร และอมนุษย์,1.0,4
วิรุญมุข,วรรณคดีและสิ่งมีชีวิตเชิงตำนาน||นามานุกรมและประเภทตัวละคร||เทวปกรณ์ อสูร และอมนุษย์,0.75,4
วิรุณจำบัง,วรรณคดีและสิ่งมีชีวิตเชิงตำนาน||นามานุกรมและประเภทตัวละคร||เทวปกรณ์ อสูร และอมนุษย์,1.0,4
ศรนาคบาศ,วัฒนธรรมวัตถุ ศิลปกรรม และงานช่าง||พัสตราภรณ์และเครื่องแต่งกาย||ระเบียบการแต่งกายและอาวุธจำลอง,0.5,4
ศรพรหมาสตร์,วรรณคดีและสิ่งมีชีวิตเชิงตำนาน||นามานุกรมและประเภทตัวละคร||เทวปกรณ์ อสูร และอมนุษย์,0.75,4
ศรพาลจันทร์,วรรณคดีและสิ่งมีชีวิตเชิงตำนาน||นามานุกรมและประเภทตัวละคร||ตัวละครหลักและบทบาทในบทละคร,0.75,4
ศิลปหัตถกรรม,วัฒนธรรมวัตถุ ศิลปกรรม และงานช่าง||ประณีตศิลป์และทัศนศิลป์||งานช่างศิลปกรรมและเทคนิควิธี,1.0,4
ศิลปะป้องกันตัว,ศิลปะการแสดงและดนตรี||บุคลากรและทักษะทางศิลปะ||กลวิธีและสมรรถนะการแสดง,0.5,4
ศิลปินแห่งชาติ,กลุ่มชาติพันธุ์ ชุมชน และวิถีชีวิต||โครงสร้างสังคมและบุคคลสำคัญ||ฐานันดรศักดิ์และบทบาททางสังคม,0.5,4
ศีรษะ,วัฒนธรรมวัตถุ ศิลปกรรม และงานช่าง||พัสตราภรณ์และเครื่องแต่งกาย||ระเบียบการแต่งกายและอาวุธจำลอง,0.75,4
ศุภลักษณ์,วรรณคดีและสิ่งมีชีวิตเชิงตำนาน||นามานุกรมและประเภทตัวละคร||ตัวละครหลักและบทบาทในบทละคร,0.25,4
ศูรปนขา,วรรณคดีและสิ่งมีชีวิตเชิงตำนาน||นามานุกรมและประเภทตัวละคร||เทวปกรณ์ อสูร และอมนุษย์,0.5,4
สกลนคร,บริบทเชิงประวัติศาสตร์ ภูมิศาสตร์ และพื้นที่||ภูมิศาสตร์และอาณาบริเวณ||เขตปกครองและภูมิภาค,1.0,4
สงคราม,บริบทเชิงประวัติศาสตร์ ภูมิศาสตร์ และพื้นที่||ยุคสมัยและเหตุการณ์สำคัญ||ลำดับเวลาและประวัติศาสตร์การสงคราม,1.0,4
สมทบ,บริบทเชิงประวัติศาสตร์ ภูมิศาสตร์ และพื้นที่||ยุคสมัยและเหตุการณ์สำคัญ||ลำดับเวลาและประวัติศาสตร์การสงคราม,0.75,4
สมมุติเทพ,วรรณคดีและสิ่งมีชีวิตเชิงตำนาน||นามานุกรมและประเภทตัวละคร||เทวปกรณ์ อสูร และอมนุษย์,0.5,4
สมรภูมิ,บริบทเชิงประวัติศาสตร์ ภูมิศาสตร์ และพื้นที่||ยุคสมัยและเหตุการณ์สำคัญ||ลำดับเวลาและประวัติศาสตร์การสงคราม,0.75,4
สมัยทวารวดี,บริบทเชิงประวัติศาสตร์ ภูมิศาสตร์ และพื้นที่||ยุคสมัยและเหตุการณ์สำคัญ||ลำดับเวลาและประวัติศาสตร์การสงคราม,1.0,4
สมัยลพบุรี,บริบทเชิงประวัติศาสตร์ ภูมิศาสตร์ และพื้นที่||ยุคสมัยและเหตุการณ์สำคัญ||ลำดับเวลาและประวัติศาสตร์การสงคราม,1.0,4
สมัยศรีวิชัย,บริบทเชิงประวัติศาสตร์ ภูมิศาสตร์ และพื้นที่||ยุคสมัยและเหตุการณ์สำคัญ||ลำดับเวลาและประวัติศาสตร์การสงคราม,1.0,4
สมัยสุโขทัย,บริบทเชิงประวัติศาสตร์ ภูมิศาสตร์ และพื้นที่||ยุคสมัยและเหตุการณ์สำคัญ||ลำดับเวลาและประวัติศาสตร์การสงคราม,1.0,4
สระอโนดาต,บริบทเชิงประวัติศาสตร์ ภูมิศาสตร์ และพื้นที่||ภูมิศาสตร์และอาณาบริเวณ||พื้นที่ในคติความเชื่อและประวัติศาสตร์,0.75,4
สวามิภักดิ์,พิธีกรรม ความเชื่อ และจารีตวัฒนธรรม||จารีตประเพณีและพิธีกรรม||พิธีการสำคัญและจารีตทางสังคม,0.75,4
สวามี,กลุ่มชาติพันธุ์ ชุมชน และวิถีชีวิต||โครงสร้างสังคมและบุคคลสำคัญ||ฐานันดรศักดิ์และบทบาททางสังคม,0.5,4
สอดแทรก,ศิลปะการแสดงและดนตรี||นาฏยศิลป์และการแสดง||กระบวนท่ารำและจารีตการแสดง,0.5,4
สะล้อ,ศิลปะการแสดงและดนตรี||ดุริยางคศิลป์และคีตศิลป์||เครื่องดนตรีและวงดนตรี,1.0,4
สะเดาะ,พิธีกรรม ความเชื่อ และจารีตวัฒนธรรม||คติความเชื่อและไสยศาสตร์||การขจัดปัดเป่าและอำนาจเหนือธรรมชาติ,1.0,4
สะเดาะเคราะห์,พิธีกรรม ความเชื่อ และจารีตวัฒนธรรม||คติความเชื่อและไสยศาสตร์||การขจัดปัดเป่าและอำนาจเหนือธรรมชาติ,0.75,4
สังข์ทอง,วรรณคดีและสิ่งมีชีวิตเชิงตำนาน||นามานุกรมและประเภทตัวละคร||ตัวละครหลักและบทบาทในบทละคร,1.0,4
สังหาร,วรรณคดีและสิ่งมีชีวิตเชิงตำนาน||สถานภาพและลำดับชั้นทางสังคมในวรรณกรรม||ฐานันดรศักดิ์และระบบเครือญาติ,0.5,4
สัตว์น้ำ,กลุ่มชาติพันธุ์ ชุมชน และวิถีชีวิต||วิถีชีวิตและระบบเศรษฐกิจ||การประกอบอาชีพและโภชนาการ,0.75,4
สัทธาสูร,วรรณคดีและสิ่งมีชีวิตเชิงตำนาน||นามานุกรมและประเภทตัวละคร||เทวปกรณ์ อสูร และอมนุษย์,1.0,4
สากตำข้าว,กลุ่มชาติพันธุ์ ชุมชน และวิถีชีวิต||วิถีชีวิตและระบบเศรษฐกิจ||การประกอบอาชีพและโภชนาการ,0.5,4
สากล,กลุ่มชาติพันธุ์ ชุมชน และวิถีชีวิต||วิถีชีวิตและพฤติกรรมทางสังคม||จารีตการปฏิบัติและพรรณไม้ในวิถีชีวิต,0.25,4
สายน้ำ,บริบทเชิงประวัติศาสตร์ ภูมิศาสตร์ และพื้นที่||ภูมิศาสตร์และอาณาบริเวณ||เขตปกครองและภูมิภาค,0.75,4
สายสืบ,กลุ่มชาติพันธุ์ ชุมชน และวิถีชีวิต||โครงสร้างสังคมและบุคคลสำคัญ||ฐานันดรศักดิ์และบทบาททางสังคม,0.75,4
สำมนักขา,วรรณคดีและสิ่งมีชีวิตเชิงตำนาน||นามานุกรมและประเภทตัวละคร||เทวปกรณ์ อสูร และอมนุษย์,0.25,4
สำเนียง,ศิลปะการแสดงและดนตรี||บุคลากรและทักษะทางศิลปะ||กลวิธีและสมรรถนะการแสดง,0.25,4
สำเภา,กลุ่มชาติพันธุ์ ชุมชน และวิถีชีวิต||วิถีชีวิตและระบบเศรษฐกิจ||การประกอบอาชีพและโภชนาการ,0.75,4
สิบแปดมงกุฎ,วรรณคดีและสิ่งมีชีวิตเชิงตำนาน||นามานุกรมและประเภทตัวละคร||ตัวละครหลักและบทบาทในบทละคร,0.75,4
สิ่งศักดิ์สิทธิ์,พิธีกรรม ความเชื่อ และจารีตวัฒนธรรม||ระบบความเชื่อและศาสนา||คติทางศาสนาและสิ่งศักดิ์สิทธิ์,1.0,4
สิ้นชีพ,พิธีกรรม ความเชื่อ และจารีตวัฒนธรรม||จารีตประเพณีและพิธีกรรม||พิธีการสำคัญและจารีตทางสังคม,0.5,4
สิ้นชีวิต,พิธีกรรม ความเชื่อ และจารีตวัฒนธรรม||จารีตประเพณีและพิธีกรรม||พิธีการสำคัญและจารีตทางสังคม,0.5,4
สีทอง,วัฒนธรรมวัตถุ ศิลปกรรม และงานช่าง||วัสดุและอัญมณี||วัสดุธรรมชาติและรัตนชาติ,1.0,4
สีน้ำเงิน,วัฒนธรรมวัตถุ ศิลปกรรม และงานช่าง||วัสดุและอัญมณี||วัสดุธรรมชาติและรัตนชาติ,1.0,4
สี่ภาค,บริบทเชิงประวัติศาสตร์ ภูมิศาสตร์ และพื้นที่||ภูมิศาสตร์และอาณาบริเวณ||เขตปกครองและภูมิภาค,1.0,4
สุครีพ,วรรณคดีและสิ่งมีชีวิตเชิงตำนาน||นามานุกรมและประเภทตัวละคร||เทวปกรณ์ อสูร และอมนุษย์,0.5,4
สุทธาวาส,บริบทเชิงประวัติศาสตร์ ภูมิศาสตร์ และพื้นที่||ภูมิศาสตร์และอาณาบริเวณ||พื้นที่ในคติความเชื่อและประวัติศาสตร์,0.5,4
สุพรรณมัจฉา,วรรณคดีและสิ่งมีชีวิตเชิงตำนาน||นามานุกรมและประเภทตัวละคร||ตัวละครหลักและบทบาทในบทละคร,0.75,4
สุรินทร์,บริบทเชิงประวัติศาสตร์ ภูมิศาสตร์ และพื้นที่||ภูมิศาสตร์และอาณาบริเวณ||เขตปกครองและภูมิภาค,1.0,4
หญิงสาว,กลุ่มชาติพันธุ์ ชุมชน และวิถีชีวิต||อัตลักษณ์ทางสังคมและกลุ่มคน||กลุ่มชาติพันธุ์และชุมชนท้องถิ่น,0.75,4
หนังใหญ่,ศิลปะการแสดงและดนตรี||นาฏยศิลป์และการแสดง||รูปแบบการแสดงและนาฏศิลป์ท้องถิ่น,1.0,4
หนุมาน,วรรณคดีและสิ่งมีชีวิตเชิงตำนาน||นามานุกรมและประเภทตัวละคร||ตัวละครหลักและบทบาทในบทละคร,0.5,4
หน่อไม้,กลุ่มชาติพันธุ์ ชุมชน และวิถีชีวิต||วิถีชีวิตและระบบเศรษฐกิจ||การประกอบอาชีพและโภชนาการ,1.0,4
หน้าบัน,วัฒนธรรมวัตถุ ศิลปกรรม และงานช่าง||สถาปัตยกรรมและพุทธศิลป์||ศาสนสถานและปูชนียวัตถุ,1.0,4
หมดแรง,กลุ่มชาติพันธุ์ ชุมชน และวิถีชีวิต||วิถีชีวิตและพฤติกรรมทางสังคม||จารีตการปฏิบัติและพรรณไม้ในวิถีชีวิต,0.75,4
หมากกั๊บแก๊บ,กลุ่มชาติพันธุ์ ชุมชน และวิถีชีวิต||วิถีชีวิตและพฤติกรรมทางสังคม||จารีตการปฏิบัติและพรรณไม้ในวิถีชีวิต,0.5,4
หยอกล้อ,กลุ่มชาติพันธุ์ ชุมชน และวิถีชีวิต||วิถีชีวิตและพฤติกรรมทางสังคม||จารีตการปฏิบัติและพรรณไม้ในวิถีชีวิต,0.5,4
หลบหนี,กลุ่มชาติพันธุ์ ชุมชน และวิถีชีวิต||วิถีชีวิตและพฤติกรรมทางสังคม||จารีตการปฏิบัติและพรรณไม้ในวิถีชีวิต,0.5,4
หลักราชการ,กลุ่มชาติพันธุ์ ชุมชน และวิถีชีวิต||โครงสร้างสังคมและบุคคลสำคัญ||ฐานันดรศักดิ์และบทบาททางสังคม,0.75,4
หล่อสำริด,วัฒนธรรมวัตถุ ศิลปกรรม และงานช่าง||ประณีตศิลป์และทัศนศิลป์||งานช่างศิลปกรรมและเทคนิควิธี,1.0,4
หอกโมกขศักดิ์,วัฒนธรรมวัตถุ ศิลปกรรม และงานช่าง||พัสตราภรณ์และเครื่องแต่งกาย||ระเบียบการแต่งกายและอาวุธจำลอง,0.75,4
หางนกยูง,วัฒนธรรมวัตถุ ศิลปกรรม และงานช่าง||พัสตราภรณ์และเครื่องแต่งกาย||ระเบียบการแต่งกายและอาวุธจำลอง,0.5,4
หายตัว,พิธีกรรม ความเชื่อ และจารีตวัฒนธรรม||คติความเชื่อและไสยศาสตร์||การขจัดปัดเป่าและอำนาจเหนือธรรมชาติ,1.0,4
องคต,วรรณคดีและสิ่งมีชีวิตเชิงตำนาน||นามานุกรมและประเภทตัวละคร||ตัวละครหลักและบทบาทในบทละคร,0.75,4
องค์ปะตาระกาหลา,วรรณคดีและสิ่งมีชีวิตเชิงตำนาน||นามานุกรมและประเภทตัวละคร||เทวปกรณ์ อสูร และอมนุษย์,0.75,4
อนุชา,วรรณคดีและสิ่งมีชีวิตเชิงตำนาน||สถานภาพและลำดับชั้นทางสังคมในวรรณกรรม||ฐานันดรศักดิ์และระบบเครือญาติ,0.5,4
อยุธยา,บริบทเชิงประวัติศาสตร์ ภูมิศาสตร์ และพื้นที่||ภูมิศาสตร์และอาณาบริเวณ||เขตปกครองและภูมิภาค,0.75,4
อวตาร,วรรณคดีและสิ่งมีชีวิตเชิงตำนาน||นามานุกรมและประเภทตัวละคร||เทวปกรณ์ อสูร และอมนุษย์,1.0,4
อสูร,วรรณคดีและสิ่งมีชีวิตเชิงตำนาน||นามานุกรมและประเภทตัวละคร||เทวปกรณ์ อสูร และอมนุษย์,1.0,4
ออกรบ,บริบทเชิงประวัติศาสตร์ ภูมิศาสตร์ และพื้นที่||ยุคสมัยและเหตุการณ์สำคัญ||ลำดับเวลาและประวัติศาสตร์การสงคราม,1.0,4
ออกศึก,บริบทเชิงประวัติศาสตร์ ภูมิศาสตร์ และพื้นที่||ยุคสมัยและเหตุการณ์สำคัญ||ลำดับเวลาและประวัติศาสตร์การสงคราม,1.0,4
ออกอุบาย,วรรณคดีและสิ่งมีชีวิตเชิงตำนาน||นามานุกรมและประเภทตัวละคร||ตัวละครหลักและบทบาทในบทละคร,0.75,4
ออกเดินทาง,กลุ่มชาติพันธุ์ ชุมชน และวิถีชีวิต||วิถีชีวิตและพฤติกรรมทางสังคม||จารีตการปฏิบัติและพรรณไม้ในวิถีชีวิต,0.75,4
อัญมณี,วัฒนธรรมวัตถุ ศิลปกรรม และงานช่าง||วัสดุและอัญมณี||วัสดุธรรมชาติและรัตนชาติ,1.0,4
อาจารย์,กลุ่มชาติพันธุ์ ชุมชน และวิถีชีวิต||โครงสร้างสังคมและบุคคลสำคัญ||ฐานันดรศักดิ์และบทบาททางสังคม,1.0,4
อาณาประชาราษฎร์,กลุ่มชาติพันธุ์ ชุมชน และวิถีชีวิต||โครงสร้างสังคมและบุคคลสำคัญ||ฐานันดรศักดิ์และบทบาททางสังคม,0.75,4
อาวุธ,วัฒนธรรมวัตถุ ศิลปกรรม และงานช่าง||พัสตราภรณ์และเครื่องแต่งกาย||ระเบียบการแต่งกายและอาวุธจำลอง,0.75,4
อาสา,กลุ่มชาติพันธุ์ ชุมชน และวิถีชีวิต||วิถีชีวิตและพฤติกรรมทางสังคม||จารีตการปฏิบัติและพรรณไม้ในวิถีชีวิต,0.75,4
อาหาร,กลุ่มชาติพันธุ์ ชุมชน และวิถีชีวิต||วิถีชีวิตและระบบเศรษฐกิจ||การประกอบอาชีพและโภชนาการ,1.0,4
อิทธิฤทธิ์,พิธีกรรม ความเชื่อ และจารีตวัฒนธรรม||คติความเชื่อและไสยศาสตร์||การขจัดปัดเป่าและอำนาจเหนือธรรมชาติ,1.0,4
อินทรชิต,วรรณคดีและสิ่งมีชีวิตเชิงตำนาน||นามานุกรมและประเภทตัวละคร||เทวปกรณ์ อสูร และอมนุษย์,0.75,4
อินทราภิเษก,พิธีกรรม ความเชื่อ และจารีตวัฒนธรรม||จารีตประเพณีและพิธีกรรม||พิธีการสำคัญและจารีตทางสังคม,0.75,4
อินเดีย,บริบทเชิงประวัติศาสตร์ ภูมิศาสตร์ และพื้นที่||ภูมิศาสตร์และอาณาบริเวณ||เขตปกครองและภูมิภาค,0.75,4
อินโดนีเซีย,บริบทเชิงประวัติศาสตร์ ภูมิศาสตร์ และพื้นที่||ภูมิศาสตร์และอาณาบริเวณ||เขตปกครองและภูมิภาค,1.0,4
อิเหนา,วรรณคดีและสิ่งมีชีวิตเชิงตำนาน||นามานุกรมและประเภทตัวละคร||ตัวละครหลักและบทบาทในบทละคร,0.75,4
อีสาน,บริบทเชิงประวัติศาสตร์ ภูมิศาสตร์ และพื้นที่||ภูมิศาสตร์และอาณาบริเวณ||เขตปกครองและภูมิภาค,1.0,4
อุณรุท,วรรณคดีและสิ่งมีชีวิตเชิงตำนาน||นามานุกรมและประเภทตัวละคร||ตัวละครหลักและบทบาทในบทละคร,1.0,4
อุปราช,กลุ่มชาติพันธุ์ ชุมชน และวิถีชีวิต||โครงสร้างสังคมและบุคคลสำคัญ||ฐานันดรศักดิ์และบทบาททางสังคม,0.75,4
อุษา,วรรณคดีและสิ่งมีชีวิตเชิงตำนาน||นามานุกรมและประเภทตัวละคร||ตัวละครหลักและบทบาทในบทละคร,0.5,4
ฮินดู,พิธีกรรม ความเชื่อ และจารีตวัฒนธรรม||ระบบความเชื่อและศาสนา||คติทางศาสนาและสิ่งศักดิ์สิทธิ์,1.0,4
เกราะลอ,ศิลปะการแสดงและดนตรี||ดุริยางคศิลป์และคีตศิลป์||เครื่องดนตรีและวงดนตรี,0.5,4
เกษตรกรรม,กลุ่มชาติพันธุ์ ชุมชน และวิถีชีวิต||วิถีชีวิตและระบบเศรษฐกิจ||การประกอบอาชีพและโภชนาการ,1.0,4
เกียรติศักดิ์ไทย,ศิลปะการแสดงและดนตรี||ดุริยางคศิลป์และคีตศิลป์||ระเบียบวิธีทางดนตรีและประเภทบทเพลง,0.25,4
เขาสัตภัณฑ์,บริบทเชิงประวัติศาสตร์ ภูมิศาสตร์ และพื้นที่||ภูมิศาสตร์และอาณาบริเวณ||พื้นที่ในคติความเชื่อและประวัติศาสตร์,1.0,4
เขาอังกาศ,บริบทเชิงประวัติศาสตร์ ภูมิศาสตร์ และพื้นที่||ภูมิศาสตร์และอาณาบริเวณ||พื้นที่ในคติความเชื่อและประวัติศาสตร์,0.75,4
เขาไกรลาส,บริบทเชิงประวัติศาสตร์ ภูมิศาสตร์ และพื้นที่||ภูมิศาสตร์และอาณาบริเวณ||พื้นที่ในคติความเชื่อและประวัติศาสตร์,0.5,4
เขาไกลลาศ,บริบทเชิงประวัติศาสตร์ ภูมิศาสตร์ และพื้นที่||ภูมิศาสตร์และอาณาบริเวณ||พื้นที่ในคติความเชื่อและประวัติศาสตร์,0.75,4
เขี้ยวแก้ว,วัฒนธรรมวัตถุ ศิลปกรรม และงานช่าง||สถาปัตยกรรมและพุทธศิลป์||ศาสนสถานและปูชนียวัตถุ,0.25,4
เข้าเฝ้า,พิธีกรรม ความเชื่อ และจารีตวัฒนธรรม||จารีตประเพณีและพิธีกรรม||พิธีการสำคัญและจารีตทางสังคม,0.75,4
เครื่องดนตรีตะวันตก,ศิลปะการแสดงและดนตรี||ดุริยางคศิลป์และคีตศิลป์||เครื่องดนตรีและวงดนตรี,1.0,4
เครื่องดนตรีพื้นบ้าน,ศิลปะการแสดงและดนตรี||ดุริยางคศิลป์และคีตศิลป์||เครื่องดนตรีและวงดนตรี,1.0,4
เครื่องดนตรีพื้นเมือง,ศิลปะการแสดงและดนตรี||ดุริยางคศิลป์และคีตศิลป์||เครื่องดนตรีและวงดนตรี,1.0,4
เครื่องประกอบจังหวะ,ศิลปะการแสดงและดนตรี||ดุริยางคศิลป์และคีตศิลป์||เครื่องดนตรีและวงดนตรี,1.0,4
เครื่องประดับ,วัฒนธรรมวัตถุ ศิลปกรรม และงานช่าง||พัสตราภรณ์และเครื่องแต่งกาย||ระเบียบการแต่งกายและอาวุธจำลอง,0.75,4
เครื่องแบบ,วัฒนธรรมวัตถุ ศิลปกรรม และงานช่าง||พัสตราภรณ์และเครื่องแต่งกาย||ระเบียบการแต่งกายและอาวุธจำลอง,1.0,4
เคลื่อนไหว,ศิลปะการแสดงและดนตรี||นาฏยศิลป์และการแสดง||กระบวนท่ารำและจารีตการแสดง,1.0,4
เจ้าดารารัศมี,วรรณคดีและสิ่งมีชีวิตเชิงตำนาน||นามานุกรมและประเภทตัวละคร||ตัวละครหลักและบทบาทในบทละคร,0.5,4
เจ้าที่เจ้าทาง,พิธีกรรม ความเชื่อ และจารีตวัฒนธรรม||คติความเชื่อและไสยศาสตร์||การขจัดปัดเป่าและอำนาจเหนือธรรมชาติ,0.5,4
เจ้าพระยา,กลุ่มชาติพันธุ์ ชุมชน และวิถีชีวิต||โครงสร้างสังคมและบุคคลสำคัญ||ฐานันดรศักดิ์และบทบาททางสังคม,0.5,4
เจ้าหญิง,วรรณคดีและสิ่งมีชีวิตเชิงตำนาน||สถานภาพและลำดับชั้นทางสังคมในวรรณกรรม||ฐานันดรศักดิ์และระบบเครือญาติ,0.75,4
เจ้าเงาะ,วรรณคดีและสิ่งมีชีวิตเชิงตำนาน||นามานุกรมและประเภทตัวละคร||ตัวละครหลักและบทบาทในบทละคร,0.75,4
เจ้าเซ็น,กลุ่มชาติพันธุ์ ชุมชน และวิถีชีวิต||อัตลักษณ์ทางสังคมและกลุ่มคน||กลุ่มชาติพันธุ์และชุมชนท้องถิ่น,0.25,4
เชษฐา,วรรณคดีและสิ่งมีชีวิตเชิงตำนาน||สถานภาพและลำดับชั้นทางสังคมในวรรณกรรม||ฐานันดรศักดิ์และระบบเครือญาติ,1.0,4
เชิงบันได,วัฒนธรรมวัตถุ ศิลปกรรม และงานช่าง||สถาปัตยกรรมและพุทธศิลป์||ศาสนสถานและปูชนียวัตถุ,1.0,4
เชิงมวย,ศิลปะการแสดงและดนตรี||นาฏยศิลป์และการแสดง||กระบวนท่ารำและจารีตการแสดง,0.75,4
เชียงใหม่,บริบทเชิงประวัติศาสตร์ ภูมิศาสตร์ และพื้นที่||ภูมิศาสตร์และอาณาบริเวณ||เขตปกครองและภูมิภาค,1.0,4
เดินทาง,บริบทเชิงประวัติศาสตร์ ภูมิศาสตร์ และพื้นที่||ภูมิศาสตร์และอาณาบริเวณ||เขตปกครองและภูมิภาค,0.75,4
เดินอากาศ,ศิลปะการแสดงและดนตรี||นาฏยศิลป์และการแสดง||กระบวนท่ารำและจารีตการแสดง,0.5,4
เต้นสาก,ศิลปะการแสดงและดนตรี||นาฏยศิลป์และการแสดง||รูปแบบการแสดงและนาฏศิลป์ท้องถิ่น,0.75,4
เถิดเทิง,ศิลปะการแสดงและดนตรี||นาฏยศิลป์และการแสดง||รูปแบบการแสดงและนาฏศิลป์ท้องถิ่น,0.5,4
เทพธิดา,วรรณคดีและสิ่งมีชีวิตเชิงตำนาน||นามานุกรมและประเภทตัวละคร||เทวปกรณ์ อสูร และอมนุษย์,1.0,4
เทพนิยาย,วรรณคดีและสิ่งมีชีวิตเชิงตำนาน||นามานุกรมและประเภทตัวละคร||เทวปกรณ์ อสูร และอมนุษย์,1.0,4
เทพบุตร,วรรณคดีและสิ่งมีชีวิตเชิงตำนาน||นามานุกรมและประเภทตัวละคร||เทวปกรณ์ อสูร และอมนุษย์,1.0,4
เทพเจ้า,พิธีกรรม ความเชื่อ และจารีตวัฒนธรรม||ระบบความเชื่อและศาสนา||คติทางศาสนาและสิ่งศักดิ์สิทธิ์,0.75,4
เทวดา,วรรณคดีและสิ่งมีชีวิตเชิงตำนาน||นามานุกรมและประเภทตัวละคร||เทวปกรณ์ อสูร และอมนุษย์,0.75,4
เทือกเขาภูพาน,บริบทเชิงประวัติศาสตร์ ภูมิศาสตร์ และพื้นที่||ภูมิศาสตร์และอาณาบริเวณ||เขตปกครองและภูมิภาค,0.75,4
เบญกาย,วรรณคดีและสิ่งมีชีวิตเชิงตำนาน||นามานุกรมและประเภทตัวละคร||ตัวละครหลักและบทบาทในบทละคร,0.5,4
เบิกโรง,ศิลปะการแสดงและดนตรี||นาฏยศิลป์และการแสดง||กระบวนท่ารำและจารีตการแสดง,0.75,4
เพทาย,วัฒนธรรมวัตถุ ศิลปกรรม และงานช่าง||วัสดุและอัญมณี||วัสดุธรรมชาติและรัตนชาติ,0.5,4
เพลงกลม,ศิลปะการแสดงและดนตรี||ดุริยางคศิลป์และคีตศิลป์||ระเบียบวิธีทางดนตรีและประเภทบทเพลง,1.0,4
เพลงคืนเดือนหงาย,ศิลปะการแสดงและดนตรี||ดุริยางคศิลป์และคีตศิลป์||ระเบียบวิธีทางดนตรีและประเภทบทเพลง,1.0,4
เพลงงามแสงเดือน,ศิลปะการแสดงและดนตรี||ดุริยางคศิลป์และคีตศิลป์||ระเบียบวิธีทางดนตรีและประเภทบทเพลง,0.75,4
เพลงฉิ่ง,ศิลปะการแสดงและดนตรี||ดุริยางคศิลป์และคีตศิลป์||ระเบียบวิธีทางดนตรีและประเภทบทเพลง,1.0,4
เพลงชาวไทย,ศิลปะการแสดงและดนตรี||ดุริยางคศิลป์และคีตศิลป์||ระเบียบวิธีทางดนตรีและประเภทบทเพลง,1.0,4
เพลงชำนาญ,ศิลปะการแสดงและดนตรี||ดุริยางคศิลป์และคีตศิลป์||ระเบียบวิธีทางดนตรีและประเภทบทเพลง,1.0,4
เพลงดวงจันทร์ขวัญฟ้า,ศิลปะการแสดงและดนตรี||ดุริยางคศิลป์และคีตศิลป์||ระเบียบวิธีทางดนตรีและประเภทบทเพลง,1.0,4
เพลงดวงจันทร์วันเพ็ญ,ศิลปะการแสดงและดนตรี||ดุริยางคศิลป์และคีตศิลป์||ระเบียบวิธีทางดนตรีและประเภทบทเพลง,1.0,4
เพลงดอกไม้ของชาติ,ศิลปะการแสดงและดนตรี||ดุริยางคศิลป์และคีตศิลป์||ระเบียบวิธีทางดนตรีและประเภทบทเพลง,0.75,4
เพลงบูชานักรบ,ศิลปะการแสดงและดนตรี||ดุริยางคศิลป์และคีตศิลป์||ระเบียบวิธีทางดนตรีและประเภทบทเพลง,0.75,4
เพลงฝรั่งรำเท้า,ศิลปะการแสดงและดนตรี||ดุริยางคศิลป์และคีตศิลป์||ระเบียบวิธีทางดนตรีและประเภทบทเพลง,1.0,4
เพลงฟ้อนดวงดอกไม้,ศิลปะการแสดงและดนตรี||ดุริยางคศิลป์และคีตศิลป์||ระเบียบวิธีทางดนตรีและประเภทบทเพลง,1.0,4
เพลงมอญดูดาว,ศิลปะการแสดงและดนตรี||ดุริยางคศิลป์และคีตศิลป์||ระเบียบวิธีทางดนตรีและประเภทบทเพลง,1.0,4
เพลงยอดชายใจหาญ,ศิลปะการแสดงและดนตรี||ดุริยางคศิลป์และคีตศิลป์||ระเบียบวิธีทางดนตรีและประเภทบทเพลง,1.0,4
เพลงรำซิมารำ,ศิลปะการแสดงและดนตรี||ดุริยางคศิลป์และคีตศิลป์||ระเบียบวิธีทางดนตรีและประเภทบทเพลง,1.0,4
เพลงลาวคำหอม,ศิลปะการแสดงและดนตรี||ดุริยางคศิลป์และคีตศิลป์||ระเบียบวิธีทางดนตรีและประเภทบทเพลง,1.0,4
เพลงสากล,ศิลปะการแสดงและดนตรี||ดุริยางคศิลป์และคีตศิลป์||ระเบียบวิธีทางดนตรีและประเภทบทเพลง,1.0,4
เพลงสำเนียงลาว,ศิลปะการแสดงและดนตรี||ดุริยางคศิลป์และคีตศิลป์||ระเบียบวิธีทางดนตรีและประเภทบทเพลง,1.0,4
เพลงหญิงไทยใจงาม,ศิลปะการแสดงและดนตรี||ดุริยางคศิลป์และคีตศิลป์||ระเบียบวิธีทางดนตรีและประเภทบทเพลง,1.0,4
เพลงหน้าพาทย์,ศิลปะการแสดงและดนตรี||ดุริยางคศิลป์และคีตศิลป์||ระเบียบวิธีทางดนตรีและประเภทบทเพลง,1.0,4
เพลงอัตราจังหวะสองชั้น,ศิลปะการแสดงและดนตรี||ดุริยางคศิลป์และคีตศิลป์||ระเบียบวิธีทางดนตรีและประเภทบทเพลง,1.0,4
เพลงเร็ว,ศิลปะการแสดงและดนตรี||ดุริยางคศิลป์และคีตศิลป์||ระเบียบวิธีทางดนตรีและประเภทบทเพลง,1.0,4
เพลงไทย,ศิลปะการแสดงและดนตรี||ดุริยางคศิลป์และคีตศิลป์||ระเบียบวิธีทางดนตรีและประเภทบทเพลง,1.0,4
เมขลา,วรรณคดีและสิ่งมีชีวิตเชิงตำนาน||นามานุกรมและประเภทตัวละคร||เทวปกรณ์ อสูร และอมนุษย์,0.75,4
เมืองขีดขิน,บริบทเชิงประวัติศาสตร์ ภูมิศาสตร์ และพื้นที่||ภูมิศาสตร์และอาณาบริเวณ||เขตปกครองและภูมิภาค,0.5,4
เมืองชมพู,บริบทเชิงประวัติศาสตร์ ภูมิศาสตร์ และพื้นที่||ภูมิศาสตร์และอาณาบริเวณ||พื้นที่ในคติความเชื่อและประวัติศาสตร์,0.5,4
เล่นน้ำ,พิธีกรรม ความเชื่อ และจารีตวัฒนธรรม||จารีตประเพณีและพิธีกรรม||พิธีการสำคัญและจารีตทางสังคม,0.75,4
เวที,บริบทเชิงประวัติศาสตร์ ภูมิศาสตร์ และพื้นที่||พื้นที่ทางวัฒนธรรมและสถาบัน||สถานที่จัดแสดงและเขตพระราชฐาน,0.5,4
เสนียดจัญไร,พิธีกรรม ความเชื่อ และจารีตวัฒนธรรม||คติความเชื่อและไสยศาสตร์||การขจัดปัดเป่าและอำนาจเหนือธรรมชาติ,0.75,4
เสียงดนตรี,ศิลปะการแสดงและดนตรี||ดุริยางคศิลป์และคีตศิลป์||ระเบียบวิธีทางดนตรีและประเภทบทเพลง,1.0,4
แกล้งทำ,ศิลปะการแสดงและดนตรี||บุคลากรและทักษะทางศิลปะ||กลวิธีและสมรรถนะการแสดง,0.5,4
แก้แค้น,วรรณคดีและสิ่งมีชีวิตเชิงตำนาน||นามานุกรมและประเภทตัวละคร||ตัวละครหลักและบทบาทในบทละคร,0.5,4
แควน้อย,บริบทเชิงประวัติศาสตร์ ภูมิศาสตร์ และพื้นที่||ภูมิศาสตร์และอาณาบริเวณ||เขตปกครองและภูมิภาค,0.75,4
แตกทัพ,บริบทเชิงประวัติศาสตร์ ภูมิศาสตร์ และพื้นที่||ยุคสมัยและเหตุการณ์สำคัญ||ลำดับเวลาและประวัติศาสตร์การสงคราม,1.0,4
แต่งกายยืนเครื่องพระ,วัฒนธรรมวัตถุ ศิลปกรรม และงานช่าง||พัสตราภรณ์และเครื่องแต่งกาย||ระเบียบการแต่งกายและอาวุธจำลอง,0.5,4
แต่งตัว,วัฒนธรรมวัตถุ ศิลปกรรม และงานช่าง||พัสตราภรณ์และเครื่องแต่งกาย||ระเบียบการแต่งกายและอาวุธจำลอง,1.0,4
แปลงกาย,วรรณคดีและสิ่งมีชีวิตเชิงตำนาน||นามานุกรมและประเภทตัวละคร||เทวปกรณ์ อสูร และอมนุษย์,0.75,4
แปลงตัว,ศิลปะการแสดงและดนตรี||บุคลากรและทักษะทางศิลปะ||กลวิธีและสมรรถนะการแสดง,0.5,4
แผ่อิทธิพล,บริบทเชิงประวัติศาสตร์ ภูมิศาสตร์ และพื้นที่||ยุคสมัยและเหตุการณ์สำคัญ||ลำดับเวลาและประวัติศาสตร์การสงคราม,1.0,4
แมนสรวง,วรรณคดีและสิ่งมีชีวิตเชิงตำนาน||นามานุกรมและประเภทตัวละคร||ตัวละครหลักและบทบาทในบทละคร,0.75,4
แม่ท่า,ศิลปะการแสดงและดนตรี||นาฏยศิลป์และการแสดง||กระบวนท่ารำและจารีตการแสดง,0.75,4
แม่น้ำ,บริบทเชิงประวัติศาสตร์ ภูมิศาสตร์ และพื้นที่||ภูมิศาสตร์และอาณาบริเวณ||เขตปกครองและภูมิภาค,1.0,4
แม่น้ำโขง,บริบทเชิงประวัติศาสตร์ ภูมิศาสตร์ และพื้นที่||ภูมิศาสตร์และอาณาบริเวณ||เขตปกครองและภูมิภาค,0.75,4
แม่บท,ศิลปะการแสดงและดนตรี||นาฏยศิลป์และการแสดง||กระบวนท่ารำและจารีตการแสดง,0.75,4
แม่ฮ่องสอน,บริบทเชิงประวัติศาสตร์ ภูมิศาสตร์ และพื้นที่||ภูมิศาสตร์และอาณาบริเวณ||เขตปกครองและภูมิภาค,1.0,4
แม่ไม้มวย,ศิลปะการแสดงและดนตรี||บุคลากรและทักษะทางศิลปะ||กลวิธีและสมรรถนะการแสดง,0.5,4
แว่นแก้วสุรกานต์,วัฒนธรรมวัตถุ ศิลปกรรม และงานช่าง||วัสดุและอัญมณี||วัสดุธรรมชาติและรัตนชาติ,0.5,4
แสงจันทร์,บริบทเชิงประวัติศาสตร์ ภูมิศาสตร์ และพื้นที่||ภูมิศาสตร์และอาณาบริเวณ||พื้นที่ในคติความเชื่อและประวัติศาสตร์,0.5,4
แสงอาทิตย์,บริบทเชิงประวัติศาสตร์ ภูมิศาสตร์ และพื้นที่||ภูมิศาสตร์และอาณาบริเวณ||พื้นที่ในคติความเชื่อและประวัติศาสตร์,0.5,4
แหลมมลายู,บริบทเชิงประวัติศาสตร์ ภูมิศาสตร์ และพื้นที่||ภูมิศาสตร์และอาณาบริเวณ||เขตปกครองและภูมิภาค,0.75,4
แหล่งน้ำ,บริบทเชิงประวัติศาสตร์ ภูมิศาสตร์ และพื้นที่||ภูมิศาสตร์และอาณาบริเวณ||พื้นที่ในคติความเชื่อและประวัติศาสตร์,0.5,4
โกเมน,วัฒนธรรมวัตถุ ศิลปกรรม และงานช่าง||วัสดุและอัญมณี||วัสดุธรรมชาติและรัตนชาติ,1.0,4
โคมเวียน,พิธีกรรม ความเชื่อ และจารีตวัฒนธรรม||จารีตประเพณีและพิธีกรรม||พิธีการสำคัญและจารีตทางสังคม,0.75,4
โบราณวัตถุ,วัฒนธรรมวัตถุ ศิลปกรรม และงานช่าง||ประณีตศิลป์และทัศนศิลป์||งานช่างศิลปกรรมและเทคนิควิธี,0.75,4
โบราณสถาน,วัฒนธรรมวัตถุ ศิลปกรรม และงานช่าง||สถาปัตยกรรมและพุทธศิลป์||ศาสนสถานและปูชนียวัตถุ,0.75,4
โปงลาง,ศิลปะการแสดงและดนตรี||ดุริยางคศิลป์และคีตศิลป์||เครื่องดนตรีและวงดนตรี,1.0,4
โปรตุเกส,บริบทเชิงประวัติศาสตร์ ภูมิศาสตร์ และพื้นที่||ภูมิศาสตร์และอาณาบริเวณ||เขตปกครองและภูมิภาค,0.75,4
โรงละครแห่งชาติ,บริบทเชิงประวัติศาสตร์ ภูมิศาสตร์ และพื้นที่||พื้นที่ทางวัฒนธรรมและสถาบัน||สถานที่จัดแสดงและเขตพระราชฐาน,1.0,4
โอดิสสี,วรรณคดีและสิ่งมีชีวิตเชิงตำนาน||นามานุกรมและประเภทตัวละคร||ตัวละครหลักและบทบาทในบทละคร,1.0,4
โอรส,กลุ่มชาติพันธุ์ ชุมชน และวิถีชีวิต||โครงสร้างสังคมและบุคคลสำคัญ||ฐานันดรศักดิ์และบทบาททางสังคม,0.5,4
ใบชา,กลุ่มชาติพันธุ์ ชุมชน และวิถีชีวิต||วิถีชีวิตและระบบเศรษฐกิจ||การประกอบอาชีพและโภชนาการ,1.0,4
ให้ร้าย,กลุ่มชาติพันธุ์ ชุมชน และวิถีชีวิต||วิถีชีวิตและพฤติกรรมทางสังคม||จารีตการปฏิบัติและพรรณไม้ในวิถีชีวิต,0.5,4
ได้ยิน,กลุ่มชาติพันธุ์ ชุมชน และวิถีชีวิต||วิถีชีวิตและพฤติกรรมทางสังคม||จารีตการปฏิบัติและพรรณไม้ในวิถีชีวิต,0.75,4
ไตรรงค์,วัฒนธรรมวัตถุ ศิลปกรรม และงานช่าง||พัสตราภรณ์และเครื่องแต่งกาย||ระเบียบการแต่งกายและอาวุธจำลอง,0.5,4
ไทภูเขา,กลุ่มชาติพันธุ์ ชุมชน และวิถีชีวิต||อัตลักษณ์ทางสังคมและกลุ่มคน||กลุ่มชาติพันธุ์และชุมชนท้องถิ่น,1.0,4
ไทยจักรพรรดิ์,กลุ่มชาติพันธุ์ ชุมชน และวิถีชีวิต||โครงสร้างสังคมและบุคคลสำคัญ||ฐานันดรศักดิ์และบทบาททางสังคม,0.5,4
ไทยจักรี,บริบทเชิงประวัติศาสตร์ ภูมิศาสตร์ และพื้นที่||ยุคสมัยและเหตุการณ์สำคัญ||ลำดับเวลาและประวัติศาสตร์การสงคราม,0.75,4
ไทยจิตรลดา,วัฒนธรรมวัตถุ ศิลปกรรม และงานช่าง||พัสตราภรณ์และเครื่องแต่งกาย||ระเบียบการแต่งกายและอาวุธจำลอง,0.25,4
ไทยจีน,กลุ่มชาติพันธุ์ ชุมชน และวิถีชีวิต||อัตลักษณ์ทางสังคมและกลุ่มคน||กลุ่มชาติพันธุ์และชุมชนท้องถิ่น,1.0,4
ไทยดุสิต,กลุ่มชาติพันธุ์ ชุมชน และวิถีชีวิต||อัตลักษณ์ทางสังคมและกลุ่มคน||กลุ่มชาติพันธุ์และชุมชนท้องถิ่น,0.5,4
ไทยทรงดำ,กลุ่มชาติพันธุ์ ชุมชน และวิถีชีวิต||อัตลักษณ์ทางสังคมและกลุ่มคน||กลุ่มชาติพันธุ์และชุมชนท้องถิ่น,0.75,4
ไทยบรมพิมาน,วัฒนธรรมวัตถุ ศิลปกรรม และงานช่าง||พัสตราภรณ์และเครื่องแต่งกาย||ระเบียบการแต่งกายและอาวุธจำลอง,0.25,4
ไทยรามัญ,กลุ่มชาติพันธุ์ ชุมชน และวิถีชีวิต||อัตลักษณ์ทางสังคมและกลุ่มคน||กลุ่มชาติพันธุ์และชุมชนท้องถิ่น,1.0,4
ไทยศิวาลัย,วรรณคดีและสิ่งมีชีวิตเชิงตำนาน||นามานุกรมและประเภทตัวละคร||เทวปกรณ์ อสูร และอมนุษย์,0.5,4
ไทยอมรินทร์,ศิลปะการแสดงและดนตรี||ดุริยางคศิลป์และคีตศิลป์||ระเบียบวิธีทางดนตรีและประเภทบทเพลง,0.25,4
ไทยเรือนต้น,วัฒนธรรมวัตถุ ศิลปกรรม และงานช่าง||สถาปัตยกรรมและพุทธศิลป์||ศาสนสถานและปูชนียวัตถุ,0.5,4
ไพฑูรย์,วัฒนธรรมวัตถุ ศิลปกรรม และงานช่าง||วัสดุและอัญมณี||วัสดุธรรมชาติและรัตนชาติ,0.5,4
ไพร่พล,กลุ่มชาติพันธุ์ ชุมชน และวิถีชีวิต||โครงสร้างสังคมและบุคคลสำคัญ||ฐานันดรศักดิ์และบทบาททางสังคม,0.5,4
ไฟไหม้,พิธีกรรม ความเชื่อ และจารีตวัฒนธรรม||คติความเชื่อและไสยศาสตร์||การขจัดปัดเป่าและอำนาจเหนือธรรมชาติ,0.5,4
ไม้ยาว,ศิลปะการแสดงและดนตรี||ดุริยางคศิลป์และคีตศิลป์||เครื่องดนตรีและวงดนตรี,0.5,4
ไม้สั้น,วัฒนธรรมวัตถุ ศิลปกรรม และงานช่าง||พัสตราภรณ์และเครื่องแต่งกาย||ระเบียบการแต่งกายและอาวุธจำลอง,0.75,4
ไส้กะลา,วัฒนธรรมวัตถุ ศิลปกรรม และงานช่าง||วัสดุและอัญมณี||วัสดุธรรมชาติและรัตนชาติ,0.5,4
ไหว้ครู,พิธีกรรม ความเชื่อ และจารีตวัฒนธรรม||จารีตประเพณีและพิธีกรรม||พิธีการสำคัญและจารีตทางสังคม,1.0,4
