word,definition,lvl1,lvl2,lvl3,entity_type,context_tag
โบราณวัตถุ,วัตถุที่สร้างขึ้นในอดีตและมีคุณค่าทางประวัติศาสตร์หรือวัฒนธรรม,วัฒนธรรมวัตถุ ศิลปกรรม และงานช่าง,ประณีตศิลป์และทัศนศิลป์,งานช่างศิลปกรรมและเทคนิควิธี,artifact,historical_spatial
นางเอก,ตัวละครหญิงหลักในวรรณคดีหรือการแสดง,วรรณคดีและสิ่งมีชีวิตเชิงตำนาน,นามานุกรมและประเภทตัวละคร,เทวปกรณ์ อสูร และอมนุษย์,character,performing_arts
มโนราห์,การแสดงพื้นบ้านภาคใต้ของไทย,ศิลปะการแสดงและดนตรี,นาฏยศิลป์และการแสดง,กระบวนท่ารำและจารีตการแสดง,music,performing_arts
แกล้งทำ,การแสดงท่าทางที่ไม่ตรงกับความรู้สึกจริง,ศิลปะการแสดงและดนตรี,นาฏยศิลป์และการแสดง,กระบวนท่ารำและจารีตการแสดง,music,performing_arts
องค์ปะตาระกาหลา,ชื่อเทวดาหรือสิ่งศักดิ์สิทธิ์ในความเชื่อ,พิธีกรรม ความเชื่อ และจารีตวัฒนธรรม,ระบบความเชื่อและศาสนา,คติทางศาสนาและสิ่งศักดิ์สิทธิ์,deity,ritual_belief
สมัยศรีวิชัย,ยุคประวัติศาสตร์ในเอเชียตะวันออกเฉียงใต้,บริบทเชิงประวัติศาสตร์ ภูมิศาสตร์ และพื้นที่,ยุคสมัยและเหตุการณ์สำคัญ,ลำดับเวลาและประวัติศาสตร์การสงคราม,concept,historical_spatial
สัตว์น้ำ,สัตว์ที่อาศัยอยู่ในน้ำ,วรรณคดีและสิ่งมีชีวิตเชิงตำนาน,นามานุกรมและประเภทตัวละคร,เทวปกรณ์ อสูร และอมนุษย์,character,performing_arts
ศิลปหัตถกรรม,งานศิลปะที่ทำด้วยมือ,วัฒนธรรมวัตถุ ศิลปกรรม และงานช่าง,ประณีตศิลป์และทัศนศิลป์,งานช่างศิลปกรรมและเทคนิควิธี,artifact,material_culture
สายสืบ,บุคคลที่ทำหน้าที่สืบหาข้อมูล,กลุ่มชาติพันธุ์ ชุมชน และวิถีชีวิต,อัตลักษณ์ทางสังคมและกลุ่มคน,กลุ่มชาติพันธุ์และชุมชนท้องถิ่น,community,community_life
ดนตรีพื้นบ้าน,ดนตรีที่สืบทอดกันมาในท้องถิ่น,ศิลปะการแสดงและดนตรี,นาฏยศิลป์และการแสดง,กระบวนท่ารำและจารีตการแสดง,music,performing_arts
เพลงงามแสงเดือน,ชื่อเพลงไทยเดิม,ศิลปะการแสดงและดนตรี,นาฏยศิลป์และการแสดง,กระบวนท่ารำและจารีตการแสดง,music,performing_arts
ขับไล่,การทำให้ออกไปหรือห่างไกล,พิธีกรรม ความเชื่อ และจารีตวัฒนธรรม,ระบบความเชื่อและศาสนา,คติทางศาสนาและสิ่งศักดิ์สิทธิ์,deity,ritual_belief
ของที่ระลึก,วัตถุที่ทำขึ้นเพื่อเตือนความทรงจำ,วัฒนธรรมวัตถุ ศิลปกรรม และงานช่าง,ประณีตศิลป์และทัศนศิลป์,งานช่างศิลปกรรมและเทคนิควิธี,artifact,material_culture
พระราชพิธี,พิธีกรรมที่เกี่ยวข้องกับพระมหากษัตริย์,พิธีกรรม ความเชื่อ และจารีตวัฒนธรรม,ระบบความเชื่อและศาสนา,คติทางศาสนาและสิ่งศักดิ์สิทธิ์,deity,ritual_belief
ชาวเขา,กลุ่มคนที่อาศัยอยู่ในพื้นที่ภูเขา,กลุ่มชาติพันธุ์ ชุมชน และวิถีชีวิต,อัตลักษณ์ทางสังคมและกลุ่มคน,กลุ่มชาติพันธุ์และชุมชนท้องถิ่น,community,community_life
แต่งตัว,การสวมใส่เสื้อผ้าและเครื่องประดับเพื่อความสวยงามหรือตามโอกาส,วัฒนธรรมวัตถุ ศิลปกรรม และงานช่าง,พัสตราภรณ์และเครื่องแต่งกาย,ระเบียบการแต่งกายและอาวุธจำลอง,artifact,material_culture
หญิงสาว,ผู้หญิงที่อยู่ในวัยหนุ่มสาว,กลุ่มชาติพันธุ์ ชุมชน และวิถีชีวิต,อัตลักษณ์ทางสังคมและกลุ่มคน,กลุ่มชาติพันธุ์และชุมชนท้องถิ่น,community,community_life
ศิลปะป้องกันตัว,ทักษะการต่อสู้เพื่อป้องกันตนเอง,ศิลปะการแสดงและดนตรี,นาฏยศิลป์และการแสดง,กระบวนท่ารำและจารีตการแสดง,music,performing_arts
นักษัตร,ปีตามปฏิทินจีนที่แบ่งเป็น 12 ปี แต่ละปีมีสัตว์เป็นสัญลักษณ์,พิธีกรรม ความเชื่อ และจารีตวัฒนธรรม,คติความเชื่อและไสยศาสตร์,การขจัดปัดเป่าและอำนาจเหนือธรรมชาติ,mythical_being,ritual_belief
ชุมนุม,การรวมตัวกันของกลุ่มคนเพื่อวัตถุประสงค์เฉพาะ,กลุ่มชาติพันธุ์ ชุมชน และวิถีชีวิต,อัตลักษณ์ทางสังคมและกลุ่มคน,กลุ่มชาติพันธุ์และชุมชนท้องถิ่น,community,community_life
วิรุณจำบัง,เทพเจ้าแห่งฝนในความเชื่อไทย,วรรณคดีและสิ่งมีชีวิตเชิงตำนาน,นามานุกรมและประเภทตัวละคร,เทวปกรณ์ อสูร และอมนุษย์,character,performing_arts
สี่ภาค,การแบ่งเขตพื้นที่ประเทศไทยออกเป็น 4 ภาคหลัก,บริบทเชิงประวัติศาสตร์ ภูมิศาสตร์ และพื้นที่,ภูมิศาสตร์และอาณาบริเวณ,เขตปกครองและภูมิภาค,place,historical_spatial
พระพุทธรูป,รูปปั้นหรือรูปจำลองของพระพุทธเจ้า,วัฒนธรรมวัตถุ ศิลปกรรม และงานช่าง,สถาปัตยกรรมและพุทธศิลป์,ศาสนสถานและปูชนียวัตถุ,artifact,material_culture
สุรินทร์,ชื่อจังหวัดในประเทศไทย,บริบทเชิงประวัติศาสตร์ ภูมิศาสตร์ และพื้นที่,ภูมิศาสตร์และอาณาบริเวณ,เขตปกครองและภูมิภาค,place,historical_spatial
ภูเขา,ลักษณะภูมิประเทศที่สูงชัน,บริบทเชิงประวัติศาสตร์ ภูมิศาสตร์ และพื้นที่,ภูมิศาสตร์และอาณาบริเวณ,พื้นที่ในคติความเชื่อและประวัติศาสตร์,place,historical_spatial
เข้าเฝ้า,การเข้าไปพบผู้มีอำนาจหรือผู้สูงศักดิ์,กลุ่มชาติพันธุ์ ชุมชน และวิถีชีวิต,โครงสร้างสังคมและบุคคลสำคัญ,ฐานันดรศักดิ์และบทบาททางสังคม,community,community_life
วาดภาพ,การสร้างภาพด้วยการใช้สีหรือเส้น,วัฒนธรรมวัตถุ ศิลปกรรม และงานช่าง,ประณีตศิลป์และทัศนศิลป์,งานช่างศิลปกรรมและเทคนิควิธี,artifact,material_culture
เพลงรำซิมารำ,เพลงสำหรับการแสดงรำไทยประเภทหนึ่ง,ศิลปะการแสดงและดนตรี,ดุริยางคศิลป์และคีตศิลป์,ระเบียบวิธีทางดนตรีและประเภทบทเพลง,music,performing_arts
ฝั่งน้ำ,พื้นที่ริมแม่น้ำหรือแหล่งน้ำ,บริบทเชิงประวัติศาสตร์ ภูมิศาสตร์ และพื้นที่,ภูมิศาสตร์และอาณาบริเวณ,พื้นที่ในคติความเชื่อและประวัติศาสตร์,concept,historical_spatial
มือเปล่า,การต่อสู้หรือทำงานโดยไม่ใช้อาวุธ,ศิลปะการแสดงและดนตรี,นาฏยศิลป์และการแสดง,กระบวนท่ารำและจารีตการแสดง,music,performing_arts
คู่ต่อสู้,บุคคลหรือกลุ่มที่ต่อต้านหรือแข่งขันกับอีกฝ่าย,วรรณคดีและสิ่งมีชีวิตเชิงตำนาน,นามานุกรมและประเภทตัวละคร,ตัวละครหลักและบทบาทในบทละคร,character,performing_arts
เจ้าหญิง,สตรีชั้นสูงในราชวงศ์,กลุ่มชาติพันธุ์ ชุมชน และวิถีชีวิต,โครงสร้างสังคมและบุคคลสำคัญ,ฐานันดรศักดิ์และบทบาททางสังคม,community,community_life
เชษฐา,พี่ชายคนโต,วรรณคดีและสิ่งมีชีวิตเชิงตำนาน,สถานภาพและลำดับชั้นทางสังคมในวรรณกรรม,ฐานันดรศักดิ์และระบบเครือญาติ,concept,general
อินทราภิเษก,พิธีราชาภิเษกของพระอินทร์,พิธีกรรม ความเชื่อ และจารีตวัฒนธรรม,จารีตประเพณีและพิธีกรรม,พิธีการสำคัญและจารีตทางสังคม,ritual,ritual_belief
จับนาง,ท่ารำแบบหนึ่งในโขน,ศิลปะการแสดงและดนตรี,นาฏยศิลป์และการแสดง,กระบวนท่ารำและจารีตการแสดง,music,performing_arts
ขุนช้าง,ตัวละครในวรรณคดีเรื่องขุนช้างขุนแผน,วรรณคดีและสิ่งมีชีวิตเชิงตำนาน,นามานุกรมและประเภทตัวละคร,ตัวละครหลักและบทบาทในบทละคร,character,performing_arts
ติดมือ,เครื่องประดับสำหรับมือ,วัฒนธรรมวัตถุ ศิลปกรรม และงานช่าง,พัสตราภรณ์และเครื่องแต่งกาย,ระเบียบการแต่งกายและอาวุธจำลอง,artifact,material_culture
ศรนาคบาศ,ศรวิเศษในตำนาน,วรรณคดีและสิ่งมีชีวิตเชิงตำนาน,นามานุกรมและประเภทตัวละคร,เทวปกรณ์ อสูร และอมนุษย์,character,performing_arts
ตารีบุหงา,ผ้าโพกหัวแบบมลายู,วัฒนธรรมวัตถุ ศิลปกรรม และงานช่าง,พัสตราภรณ์และเครื่องแต่งกาย,ระเบียบการแต่งกายและอาวุธจำลอง,artifact,material_culture
ปรศุราม,อวตารของพระวิษณุ,วรรณคดีและสิ่งมีชีวิตเชิงตำนาน,นามานุกรมและประเภทตัวละคร,เทวปกรณ์ อสูร และอมนุษย์,character,performing_arts
เครื่องแบบ,เครื่องแต่งกายที่เป็นทางการตามกำหนด,วัฒนธรรมวัตถุ ศิลปกรรม และงานช่าง,พัสตราภรณ์และเครื่องแต่งกาย,ระเบียบการแต่งกายและอาวุธจำลอง,artifact,material_culture
เพลงกลม,เพลงที่มีทำนองไพเราะกลมกลืน,ศิลปะการแสดงและดนตรี,ดุริยางคศิลป์และคีตศิลป์,ระเบียบวิธีทางดนตรีและประเภทบทเพลง,music,performing_arts
สีทอง,สีที่สื่อถึงความสูงค่า,วัฒนธรรมวัตถุ ศิลปกรรม และงานช่าง,วัสดุและอัญมณี,วัสดุธรรมชาติและรัตนชาติ,artifact,material_culture
ปราชัย,ความพ่ายแพ้ในสงคราม,บริบทเชิงประวัติศาสตร์ ภูมิศาสตร์ และพื้นที่,ยุคสมัยและเหตุการณ์สำคัญ,ลำดับเวลาและประวัติศาสตร์การสงคราม,concept,historical_spatial
นครพนม,จังหวัดในภาคตะวันออกเฉียงเหนือ,บริบทเชิงประวัติศาสตร์ ภูมิศาสตร์ และพื้นที่,ภูมิศาสตร์และอาณาบริเวณ,เขตปกครองและภูมิภาค,place,historical_spatial
จีนรำพัด,การแสดงรำที่ใช้พัดเป็นอุปกรณ์หลัก,ศิลปะการแสดงและดนตรี,นาฏยศิลป์และการแสดง,กระบวนท่ารำและจารีตการแสดง,music,performing_arts
สวามี,คำเรียกสามีในภาษาไทยแบบทางการ,กลุ่มชาติพันธุ์ ชุมชน และวิถีชีวิต,โครงสร้างสังคมและบุคคลสำคัญ,ฐานันดรศักดิ์และบทบาททางสังคม,community,community_life
ไทยจิตรลดา,พันธุ์ข้าวพระราชทานจากโครงการส่วนพระองค์สวนจิตรลดา,กลุ่มชาติพันธุ์ ชุมชน และวิถีชีวิต,วิถีชีวิตและระบบเศรษฐกิจ,การประกอบอาชีพและโภชนาการ,community,community_life
เถิดเทิง,การแสดงพื้นบ้านประเภทหนึ่งที่มีการร้องรำทำเพลง,ศิลปะการแสดงและดนตรี,นาฏยศิลป์และการแสดง,รูปแบบการแสดงและนาฏศิลป์ท้องถิ่น,music,performing_arts
ระดับชาติ,สิ่งที่เกี่ยวข้องหรือมีคุณสมบัติในระดับประเทศ,บริบทเชิงประวัติศาสตร์ ภูมิศาสตร์ และพื้นที่,ภูมิศาสตร์และอาณาบริเวณ,เขตปกครองและภูมิภาค,place,historical_spatial
อนุชา,คำเรียกน้องชายในภาษาไทยแบบทางการ,กลุ่มชาติพันธุ์ ชุมชน และวิถีชีวิต,โครงสร้างสังคมและบุคคลสำคัญ,ฐานันดรศักดิ์และบทบาททางสังคม,community,community_life
ตัวต่อตัว,การแข่งขันหรือการต่อสู้ระหว่างบุคคลสองคน,ศิลปะการแสดงและดนตรี,บุคลากรและทักษะทางศิลปะ,กลวิธีและสมรรถนะการแสดง,music,performing_arts
อิเหนา,ตัวละครเอกในวรรณคดีเรื่องอิเหนา,วรรณคดีและสิ่งมีชีวิตเชิงตำนาน,นามานุกรมและประเภทตัวละคร,ตัวละครหลักและบทบาทในบทละคร,character,performing_arts
แต่งกายยืนเครื่องพระ,การแต่งกายเต็มยศของพระมหากษัตริย์ในพระราชพิธีสำคัญ,วัฒนธรรมวัตถุ ศิลปกรรม และงานช่าง,พัสตราภรณ์และเครื่องแต่งกาย,ระเบียบการแต่งกายและอาวุธจำลอง,artifact,material_culture
พลับพลา,สถานที่ประทับชั่วคราวของพระมหากษัตริย์,บริบทเชิงประวัติศาสตร์ ภูมิศาสตร์ และพื้นที่,พื้นที่ทางวัฒนธรรมและสถาบัน,สถานที่จัดแสดงและเขตพระราชฐาน,place,historical_spatial
ผีภู,วิญญาณหรือสิ่งเหนือธรรมชาติที่เชื่อว่าอาศัยอยู่ตามภูเขา,พิธีกรรม ความเชื่อ และจารีตวัฒนธรรม,คติความเชื่อและไสยศาสตร์,การขจัดปัดเป่าและอำนาจเหนือธรรมชาติ,mythical_being,ritual_belief
สุครีพ,ตัวละครลิงในวรรณคดีเรื่องรามเกียรติ์,วรรณคดีและสิ่งมีชีวิตเชิงตำนาน,นามานุกรมและประเภทตัวละคร,เทวปกรณ์ อสูร และอมนุษย์,character,performing_arts
วาจา,คำพูดหรือถ้อยคำที่ใช้ในการสื่อสาร,พิธีกรรม ความเชื่อ และจารีตวัฒนธรรม,จารีตประเพณีและพิธีกรรม,พิธีการสำคัญและจารีตทางสังคม,ritual,ritual_belief
ขับลำ,การร้องเพลงพื้นบ้านของภาคอีสาน,ศิลปะการแสดงและดนตรี,ดุริยางคศิลป์และคีตศิลป์,ระเบียบวิธีทางดนตรีและประเภทบทเพลง,music,performing_arts
ไหว้ครู,พิธีกรรมแสดงความเคารพต่อครูบาอาจารย์,พิธีกรรม ความเชื่อ และจารีตวัฒนธรรม,จารีตประเพณีและพิธีกรรม,พิธีการสำคัญและจารีตทางสังคม,ritual,ritual_belief
พระเจ้าบรมวงศ์เธอกรมพระนราธิปประพันธ์พงศ์,พระนามเจ้านายชั้นสูงในราชวงศ์จักรี,กลุ่มชาติพันธุ์ ชุมชน และวิถีชีวิต,โครงสร้างสังคมและบุคคลสำคัญ,ฐานันดรศักดิ์และบทบาททางสังคม,community,community_life
สมัยลพบุรี,ยุคสมัยทางประวัติศาสตร์ของไทย,บริบทเชิงประวัติศาสตร์ ภูมิศาสตร์ และพื้นที่,ยุคสมัยและเหตุการณ์สำคัญ,ลำดับเวลาและประวัติศาสตร์การสงคราม,concept,historical_spatial
แผ่อิทธิพล,การขยายอำนาจหรืออิทธิพล,บริบทเชิงประวัติศาสตร์ ภูมิศาสตร์ และพื้นที่,ยุคสมัยและเหตุการณ์สำคัญ,ลำดับเวลาและประวัติศาสตร์การสงคราม,concept,historical_spatial
การศึก,การทำสงครามหรือการรบ,บริบทเชิงประวัติศาสตร์ ภูมิศาสตร์ และพื้นที่,ยุคสมัยและเหตุการณ์สำคัญ,ลำดับเวลาและประวัติศาสตร์การสงคราม,concept,historical_spatial
ต้นรัง,พันธุ์ไม้ชนิดหนึ่งในป่าไทย,กลุ่มชาติพันธุ์ ชุมชน และวิถีชีวิต,วิถีชีวิตและพฤติกรรมทางสังคม,จารีตการปฏิบัติและพรรณไม้ในวิถีชีวิต,community,community_life
สำเภา,เรือโบราณใช้ในการค้าขาย,วัฒนธรรมวัตถุ ศิลปกรรม และงานช่าง,ประณีตศิลป์และทัศนศิลป์,งานช่างศิลปกรรมและเทคนิควิธี,artifact,material_culture
กลองยาว,เครื่องดนตรีประเภทตี,ศิลปะการแสดงและดนตรี,ดุริยางคศิลป์และคีตศิลป์,เครื่องดนตรีและวงดนตรี,music,performing_arts
นายขวัญ,ชื่อบุคคลหรือตำแหน่ง,กลุ่มชาติพันธุ์ ชุมชน และวิถีชีวิต,โครงสร้างสังคมและบุคคลสำคัญ,ฐานันดรศักดิ์และบทบาททางสังคม,community,community_life
ไส้กะลา,ส่วนภายในของกะลามะพร้าว,วัฒนธรรมวัตถุ ศิลปกรรม และงานช่าง,วัสดุและอัญมณี,วัสดุธรรมชาติและรัตนชาติ,artifact,material_culture
ได้ยิน,การรับรู้เสียง,กลุ่มชาติพันธุ์ ชุมชน และวิถีชีวิต,วิถีชีวิตและพฤติกรรมทางสังคม,จารีตการปฏิบัติและพรรณไม้ในวิถีชีวิต,community,community_life
มารดา,แม่หรือผู้ให้กำเนิด,กลุ่มชาติพันธุ์ ชุมชน และวิถีชีวิต,โครงสร้างสังคมและบุคคลสำคัญ,ฐานันดรศักดิ์และบทบาททางสังคม,community,community_life
มรกต,อัญมณีสีเขียวมีค่า,วัฒนธรรมวัตถุ ศิลปกรรม และงานช่าง,วัสดุและอัญมณี,วัสดุธรรมชาติและรัตนชาติ,artifact,material_culture
พระบาทสมเด็จพระจอมเกล้าเจ้าอยู่หัว,พระมหากษัตริย์ไทยรัชกาลที่ 4,กลุ่มชาติพันธุ์ ชุมชน และวิถีชีวิต,โครงสร้างสังคมและบุคคลสำคัญ,ฐานันดรศักดิ์และบทบาททางสังคม,community,community_life
สิ่งศักดิ์สิทธิ์,สิ่งที่เชื่อว่ามีอำนาจเหนือธรรมชาติ,พิธีกรรม ความเชื่อ และจารีตวัฒนธรรม,ระบบความเชื่อและศาสนา,คติทางศาสนาและสิ่งศักดิ์สิทธิ์,deity,ritual_belief
กสิกรรม,การทำเกษตรกรรม,กลุ่มชาติพันธุ์ ชุมชน และวิถีชีวิต,วิถีชีวิตและระบบเศรษฐกิจ,การประกอบอาชีพและโภชนาการ,community,community_life
เพทาย,หินสีแดงหรือสีน้ำตาลแดง ใช้เป็นเครื่องประดับหรือวัตถุมงคล,วัฒนธรรมวัตถุ ศิลปกรรม และงานช่าง,วัสดุและอัญมณี,วัสดุธรรมชาติและรัตนชาติ,artifact,material_culture
เครื่องดนตรีตะวันตก,เครื่องดนตรีที่นำเข้าจากวัฒนธรรมตะวันตก,ศิลปะการแสดงและดนตรี,ดุริยางคศิลป์และคีตศิลป์,เครื่องดนตรีและวงดนตรี,music,performing_arts
ขึ้นทะเบียน,กระบวนการบันทึกข้อมูลอย่างเป็นทางการ,กลุ่มชาติพันธุ์ ชุมชน และวิถีชีวิต,โครงสร้างสังคมและบุคคลสำคัญ,ฐานันดรศักดิ์และบทบาททางสังคม,community,community_life
สังข์ทอง,ตัวละครหลักในวรรณคดีไทย,วรรณคดีและสิ่งมีชีวิตเชิงตำนาน,นามานุกรมและประเภทตัวละคร,ตัวละครหลักและบทบาทในบทละคร,character,performing_arts
เทพบุตร,เทวดาหรือผู้มีลักษณะเหมือนเทวดา,วรรณคดีและสิ่งมีชีวิตเชิงตำนาน,นามานุกรมและประเภทตัวละคร,เทวปกรณ์ อสูร และอมนุษย์,character,performing_arts
มโนห์รา,การแสดงพื้นเมืองของไทย,ศิลปะการแสดงและดนตรี,นาฏยศิลป์และการแสดง,รูปแบบการแสดงและนาฏศิลป์ท้องถิ่น,music,performing_arts
เพลงสากล,เพลงที่ได้รับอิทธิพลจากวัฒนธรรมต่างชาติ,ศิลปะการแสดงและดนตรี,ดุริยางคศิลป์และคีตศิลป์,ระเบียบวิธีทางดนตรีและประเภทบทเพลง,music,performing_arts
บุหรงซีงอ,เครื่องดนตรีพื้นเมืองของไทย,ศิลปะการแสดงและดนตรี,ดุริยางคศิลป์และคีตศิลป์,เครื่องดนตรีและวงดนตรี,music,performing_arts
สุทธาวาส,สถานที่ศักดิ์สิทธิ์ในความเชื่อ,พิธีกรรม ความเชื่อ และจารีตวัฒนธรรม,ระบบความเชื่อและศาสนา,คติทางศาสนาและสิ่งศักดิ์สิทธิ์,deity,ritual_belief
อาหาร,สิ่งที่รับประทานเพื่อดำรงชีวิต,กลุ่มชาติพันธุ์ ชุมชน และวิถีชีวิต,วิถีชีวิตและระบบเศรษฐกิจ,การประกอบอาชีพและโภชนาการ,community,community_life
ปางลีลา,ท่าทางของพระพุทธรูป,วัฒนธรรมวัตถุ ศิลปกรรม และงานช่าง,สถาปัตยกรรมและพุทธศิลป์,ศาสนสถานและปูชนียวัตถุ,artifact,material_culture
เขาอังกาศ,สถานที่ในวรรณคดีหรือความเชื่อ,วรรณคดีและสิ่งมีชีวิตเชิงตำนาน,นามานุกรมและประเภทตัวละคร,เทวปกรณ์ อสูร และอมนุษย์,character,performing_arts
พระยา,ตำแหน่งขุนนางระดับสูง,กลุ่มชาติพันธุ์ ชุมชน และวิถีชีวิต,โครงสร้างสังคมและบุคคลสำคัญ,ฐานันดรศักดิ์และบทบาททางสังคม,community,community_life
กรุงเทพมหานคร,เมืองหลวงของประเทศไทย,บริบทเชิงประวัติศาสตร์ ภูมิศาสตร์ และพื้นที่,ภูมิศาสตร์และอาณาบริเวณ,เขตปกครองและภูมิภาค,deity,historical_spatial
ไทยรามัญ,กลุ่มชาติพันธุ์ในประเทศไทย,กลุ่มชาติพันธุ์ ชุมชน และวิถีชีวิต,อัตลักษณ์ทางสังคมและกลุ่มคน,กลุ่มชาติพันธุ์และชุมชนท้องถิ่น,community,community_life
ละครชาตรี,การแสดงพื้นบ้านของไทยที่มีลักษณะเฉพาะทั้งท่ารำและบทพูด,ศิลปะการแสดงและดนตรี,นาฏยศิลป์และการแสดง,รูปแบบการแสดงและนาฏศิลป์ท้องถิ่น,music,performing_arts
พระอุโบสถ,อาคารหลักในวัด Buddhist ที่ใช้ประกอบพิธีกรรมทางศาสนา,วัฒนธรรมวัตถุ ศิลปกรรม และงานช่าง,สถาปัตยกรรมและพุทธศิลป์,ศาสนสถานและปูชนียวัตถุ,artifact,material_culture
มีแบบแผน,สิ่งที่ปฏิบัติตามขนบธรรมเนียมหรือระเบียบแบบแผน,พิธีกรรม ความเชื่อ และจารีตวัฒนธรรม,จารีตประเพณีและพิธีกรรม,พิธีการสำคัญและจารีตทางสังคม,ritual,ritual_belief
หล่อสำริด,เทคนิคการสร้างวัตถุจากโลหะผสมทองแดงและดีบุก,วัฒนธรรมวัตถุ ศิลปกรรม และงานช่าง,ประณีตศิลป์และทัศนศิลป์,งานช่างศิลปกรรมและเทคนิควิธี,artifact,material_culture
เจ้าที่เจ้าทาง,วิญญาณหรือสิ่งศักดิ์สิทธิ์ที่เชื่อว่าคุ้มครองพื้นที่เฉพาะ,พิธีกรรม ความเชื่อ และจารีตวัฒนธรรม,คติความเชื่อและไสยศาสตร์,การขจัดปัดเป่าและอำนาจเหนือธรรมชาติ,mythical_being,ritual_belief
ราชสำนัก,องค์กรและบุคคลที่เกี่ยวข้องกับการปกครองของกษัตริย์,กลุ่มชาติพันธุ์ ชุมชน และวิถีชีวิต,โครงสร้างสังคมและบุคคลสำคัญ,ฐานันดรศักดิ์และบทบาททางสังคม,community,community_life
นนทก,ตัวละครในวรรณคดีไทยที่มีลักษณะเป็นคนบ้า,วรรณคดีและสิ่งมีชีวิตเชิงตำนาน,นามานุกรมและประเภทตัวละคร,ตัวละครหลักและบทบาทในบทละคร,character,performing_arts
มังกรกัณฐ์,ยักษ์ในวรรณคดีรามเกียรติ์ที่มีคอเหมือนมังกร,วรรณคดีและสิ่งมีชีวิตเชิงตำนาน,นามานุกรมและประเภทตัวละคร,เทวปกรณ์ อสูร และอมนุษย์,character,performing_arts
เพลงสำเนียงลาว,ดนตรีที่มีลักษณะเฉพาะของวัฒนธรรมลาว,ศิลปะการแสดงและดนตรี,ดุริยางคศิลป์และคีตศิลป์,ระเบียบวิธีทางดนตรีและประเภทบทเพลง,music,performing_arts
ฮินดู,ศาสนาและระบบความเชื่อที่สำคัญจากอินเดีย,พิธีกรรม ความเชื่อ และจารีตวัฒนธรรม,ระบบความเชื่อและศาสนา,คติทางศาสนาและสิ่งศักดิ์สิทธิ์,deity,ritual_belief
ของป่า,ผลิตผลจากป่าที่ใช้ในชีวิตประจำวันหรือพิธีกรรม,กลุ่มชาติพันธุ์ ชุมชน และวิถีชีวิต,วิถีชีวิตและระบบเศรษฐกิจ,การประกอบอาชีพและโภชนาการ,community,community_life
พราหมณ์,นักบวชในศาสนาฮินดูที่มีบทบาทในพิธีกรรม,พิธีกรรม ความเชื่อ และจารีตวัฒนธรรม,ระบบความเชื่อและศาสนา,คติทางศาสนาและสิ่งศักดิ์สิทธิ์,deity,ritual_belief
วิดน้ำ,การตักน้ำด้วยภาชนะแบบดั้งเดิม,กลุ่มชาติพันธุ์ ชุมชน และวิถีชีวิต,วิถีชีวิตและพฤติกรรมทางสังคม,จารีตการปฏิบัติและพรรณไม้ในวิถีชีวิต,community,community_life
รับอาสา,การแสดงความจำนงที่จะทำงานหรือช่วยเหลือโดยสมัครใจ,กลุ่มชาติพันธุ์ ชุมชน และวิถีชีวิต,วิถีชีวิตและพฤติกรรมทางสังคม,จารีตการปฏิบัติและพรรณไม้ในวิถีชีวิต,community,community_life
อสูร,สิ่งมีชีวิตในตำนานที่มีลักษณะดุร้ายหรือเป็นศัตรูกับเทวดา,วรรณคดีและสิ่งมีชีวิตเชิงตำนาน,นามานุกรมและประเภทตัวละคร,เทวปกรณ์ อสูร และอมนุษย์,character,performing_arts
ทับหลัง,ส่วนประดับด้านบนของประตูหรือหน้าต่างในสถาปัตยกรรมไทย,วัฒนธรรมวัตถุ ศิลปกรรม และงานช่าง,สถาปัตยกรรมและพุทธศิลป์,ศาสนสถานและปูชนียวัตถุ,artifact,material_culture
ระบำโบราณคดี,การแสดงรำที่ดัดแปลงจากหลักฐานทางโบราณคดี,ศิลปะการแสดงและดนตรี,นาฏยศิลป์และการแสดง,กระบวนท่ารำและจารีตการแสดง,music,performing_arts
เกียรติศักดิ์ไทย,ยศถาบรรดาศักดิ์ในระบบสังคมไทยโบราณ,กลุ่มชาติพันธุ์ ชุมชน และวิถีชีวิต,โครงสร้างสังคมและบุคคลสำคัญ,ฐานันดรศักดิ์และบทบาททางสังคม,community,community_life
โรงละครแห่งชาติ,สถานที่จัดแสดงศิลปะการแสดงชั้นนำของประเทศ,บริบทเชิงประวัติศาสตร์ ภูมิศาสตร์ และพื้นที่,พื้นที่ทางวัฒนธรรมและสถาบัน,สถานที่จัดแสดงและเขตพระราชฐาน,performance,performing_arts
ทศกัณฐ์,ยักษ์กษัตริย์ในวรรณคดีรามเกียรติ์,วรรณคดีและสิ่งมีชีวิตเชิงตำนาน,นามานุกรมและประเภทตัวละคร,เทวปกรณ์ อสูร และอมนุษย์,character,ramakien
โบราณสถาน,สถานที่หรือสิ่งก่อสร้างที่มีความสำคัญทางประวัติศาสตร์,บริบทเชิงประวัติศาสตร์ ภูมิศาสตร์ และพื้นที่,ภูมิศาสตร์และอาณาบริเวณ,พื้นที่ในคติความเชื่อและประวัติศาสตร์,concept,historical_spatial
เพลงดวงจันทร์ขวัญฟ้า,เพลงไทยเดิมที่มีทำนองไพเราะ,ศิลปะการแสดงและดนตรี,ดุริยางคศิลป์และคีตศิลป์,ระเบียบวิธีทางดนตรีและประเภทบทเพลง,music,performing_arts
หอกโมกขศักดิ์,หอกศักดิ์สิทธิ์ในตำนานไทย,วรรณคดีและสิ่งมีชีวิตเชิงตำนาน,นามานุกรมและประเภทตัวละคร,เทวปกรณ์ อสูร และอมนุษย์,character,performing_arts
รูปทอง,รูปปั้นหรือรูปหล่อที่ทำจากทองคำ,วัฒนธรรมวัตถุ ศิลปกรรม และงานช่าง,วัสดุและอัญมณี,วัสดุธรรมชาติและรัตนชาติ,artifact,material_culture
พระจันทร์,เทวดาแห่งดวงจันทร์ในความเชื่อไทย,พิธีกรรม ความเชื่อ และจารีตวัฒนธรรม,ระบบความเชื่อและศาสนา,คติทางศาสนาและสิ่งศักดิ์สิทธิ์,deity,ritual_belief
นางสีดา,นางเอกในวรรณคดีรามเกียรติ์,วรรณคดีและสิ่งมีชีวิตเชิงตำนาน,นามานุกรมและประเภทตัวละคร,ตัวละครหลักและบทบาทในบทละคร,character,performing_arts
ผ้าไหม,ผ้าทอจากเส้นไหมที่มีค่าทางวัฒนธรรม,วัฒนธรรมวัตถุ ศิลปกรรม และงานช่าง,พัสตราภรณ์และเครื่องแต่งกาย,ระเบียบการแต่งกายและอาวุธจำลอง,artifact,material_culture
พระลาน,ลานกว้างในวัดหรือพระราชวัง,บริบทเชิงประวัติศาสตร์ ภูมิศาสตร์ และพื้นที่,พื้นที่ทางวัฒนธรรมและสถาบัน,สถานที่จัดแสดงและเขตพระราชฐาน,place,historical_spatial
อัญมณี,รัตนชาติที่มีค่าทางเศรษฐกิจและวัฒนธรรม,วัฒนธรรมวัตถุ ศิลปกรรม และงานช่าง,วัสดุและอัญมณี,วัสดุธรรมชาติและรัตนชาติ,artifact,material_culture
ข้าศึก,ศัตรูในบริบททางประวัติศาสตร์หรือวรรณคดี,บริบทเชิงประวัติศาสตร์ ภูมิศาสตร์ และพื้นที่,ยุคสมัยและเหตุการณ์สำคัญ,ลำดับเวลาและประวัติศาสตร์การสงคราม,concept,historical_spatial
ชาติพันธุ์,กลุ่มคนที่มีวัฒนธรรม ภาษา หรือประวัติศาสตร์ร่วมกัน,กลุ่มชาติพันธุ์ ชุมชน และวิถีชีวิต,อัตลักษณ์ทางสังคมและกลุ่มคน,กลุ่มชาติพันธุ์และชุมชนท้องถิ่น,community,community_life
รับใช้,การปฏิบัติงานหรือบริการให้กับบุคคลที่มีสถานะสูงกว่า,กลุ่มชาติพันธุ์ ชุมชน และวิถีชีวิต,โครงสร้างสังคมและบุคคลสำคัญ,ฐานันดรศักดิ์และบทบาททางสังคม,community,community_life
พระบรมราชชนนีพับปีหลวง,พระมารดาของพระมหากษัตริย์,กลุ่มชาติพันธุ์ ชุมชน และวิถีชีวิต,โครงสร้างสังคมและบุคคลสำคัญ,ฐานันดรศักดิ์และบทบาททางสังคม,community,community_life
ร่มพระบารมี,การคุ้มครองหรืออำนาจของพระมหากษัตริย์,พิธีกรรม ความเชื่อ และจารีตวัฒนธรรม,ระบบความเชื่อและศาสนา,คติทางศาสนาและสิ่งศักดิ์สิทธิ์,deity,ritual_belief
โคมเวียน,โคมที่ใช้ในพิธีกรรมทางศาสนา,พิธีกรรม ความเชื่อ และจารีตวัฒนธรรม,จารีตประเพณีและพิธีกรรม,พิธีการสำคัญและจารีตทางสังคม,ritual,ritual_belief
นายแก้ว,ชื่อตัวละครในวรรณคดีหรือตำนาน,วรรณคดีและสิ่งมีชีวิตเชิงตำนาน,นามานุกรมและประเภทตัวละคร,ตัวละครหลักและบทบาทในบทละคร,character,performing_arts
แปลงตัว,การเปลี่ยนรูปร่างในตำนานหรือวรรณคดี,วรรณคดีและสิ่งมีชีวิตเชิงตำนาน,นามานุกรมและประเภทตัวละคร,เทวปกรณ์ อสูร และอมนุษย์,character,performing_arts
พระตำหนัก,ที่ประทับของเจ้านาย,บริบทเชิงประวัติศาสตร์ ภูมิศาสตร์ และพื้นที่,พื้นที่ทางวัฒนธรรมและสถาบัน,สถานที่จัดแสดงและเขตพระราชฐาน,place,historical_spatial
พระลอ,ตัวละครหลักในวรรณคดีเรื่องลิลิตพระลอ,วรรณคดีและสิ่งมีชีวิตเชิงตำนาน,นามานุกรมและประเภทตัวละคร,ตัวละครหลักและบทบาทในบทละคร,character,performing_arts
พระนารายณ์,หนึ่งในสามเทพเจ้าสูงสุดของฮินดู,วรรณคดีและสิ่งมีชีวิตเชิงตำนาน,นามานุกรมและประเภทตัวละคร,เทวปกรณ์ อสูร และอมนุษย์,character,performing_arts
เพลงหญิงไทยใจงาม,เพลงไทยที่มีเนื้อหาเกี่ยวกับผู้หญิงไทย,ศิลปะการแสดงและดนตรี,ดุริยางคศิลป์และคีตศิลป์,ระเบียบวิธีทางดนตรีและประเภทบทเพลง,music,performing_arts
ศูรปนขา,เทพธิดาหรืออมนุษย์ในตำนาน,วรรณคดีและสิ่งมีชีวิตเชิงตำนาน,นามานุกรมและประเภทตัวละคร,เทวปกรณ์ อสูร และอมนุษย์,character,performing_arts
เครื่องประดับ,สิ่งของที่ใช้ตกแต่งร่างกาย,วัฒนธรรมวัตถุ ศิลปกรรม และงานช่าง,พัสตราภรณ์และเครื่องแต่งกาย,ระเบียบการแต่งกายและอาวุธจำลอง,artifact,material_culture
ทิพยวิมาน,ที่อยู่ของเทพเจ้าในสวรรค์,วรรณคดีและสิ่งมีชีวิตเชิงตำนาน,นามานุกรมและประเภทตัวละคร,เทวปกรณ์ อสูร และอมนุษย์,character,performing_arts
การทำขวัญ,พิธีกรรมเพื่อเรียกขวัญหรือให้กำลังใจ,พิธีกรรม ความเชื่อ และจารีตวัฒนธรรม,จารีตประเพณีและพิธีกรรม,พิธีการสำคัญและจารีตทางสังคม,ritual,ritual_belief
ชั้นเชิง,ความสามารถหรือทักษะในการแสดงหรือปฏิบัติ,ศิลปะการแสดงและดนตรี,บุคลากรและทักษะทางศิลปะ,กลวิธีและสมรรถนะการแสดง,music,performing_arts
เสียงดนตรี,เสียงที่เกิดจากเครื่องดนตรีหรือการขับร้อง,ศิลปะการแสดงและดนตรี,ดุริยางคศิลป์และคีตศิลป์,ระเบียบวิธีทางดนตรีและประเภทบทเพลง,music,performing_arts
เจ้าดารารัศมี,พระนามเจ้านายฝ่ายเหนือในประวัติศาสตร์,บริบทเชิงประวัติศาสตร์ ภูมิศาสตร์ และพื้นที่,ภูมิศาสตร์และอาณาบริเวณ,เขตปกครองและภูมิภาค,place,historical_spatial
พระราชวังบวรสถานมงคล,เขตพระราชฐานสำคัญในกรุงรัตนโกสินทร์,บริบทเชิงประวัติศาสตร์ ภูมิศาสตร์ และพื้นที่,พื้นที่ทางวัฒนธรรมและสถาบัน,สถานที่จัดแสดงและเขตพระราชฐาน,place,historical_spatial
สายน้ำ,ทางน้ำหรือแม่น้ำในเชิงภูมิศาสตร์,บริบทเชิงประวัติศาสตร์ ภูมิศาสตร์ และพื้นที่,ภูมิศาสตร์และอาณาบริเวณ,พื้นที่ในคติความเชื่อและประวัติศาสตร์,concept,historical_spatial
กระทุ้ง,เครื่องมือหรืออาวุธประเภทแทง,วัฒนธรรมวัตถุ ศิลปกรรม และงานช่าง,พัสตราภรณ์และเครื่องแต่งกาย,ระเบียบการแต่งกายและอาวุธจำลอง,artifact,material_culture
ปารวตี,เทพีในศาสนาฮินดู,วรรณคดีและสิ่งมีชีวิตเชิงตำนาน,นามานุกรมและประเภทตัวละคร,เทวปกรณ์ อสูร และอมนุษย์,character,performing_arts
สมมุติเทพ,การแต่งตั้งให้บุคคลเป็นเทพในพิธีกรรม,พิธีกรรม ความเชื่อ และจารีตวัฒนธรรม,คติความเชื่อและไสยศาสตร์,การขจัดปัดเป่าและอำนาจเหนือธรรมชาติ,deity,ritual_belief
ทำพิธี,การปฏิบัติตามขั้นตอนพิธีกรรม,พิธีกรรม ความเชื่อ และจารีตวัฒนธรรม,จารีตประเพณีและพิธีกรรม,พิธีการสำคัญและจารีตทางสังคม,ritual,ritual_belief
อุณรุท,ตัวละครหลักในวรรณคดีเรื่องรามเกียรติ์,วรรณคดีและสิ่งมีชีวิตเชิงตำนาน,นามานุกรมและประเภทตัวละคร,ตัวละครหลักและบทบาทในบทละคร,character,performing_arts
พี่เลี้ยง,ผู้ดูแลหรือให้คำแนะนำในสังคม,กลุ่มชาติพันธุ์ ชุมชน และวิถีชีวิต,อัตลักษณ์ทางสังคมและกลุ่มคน,กลุ่มชาติพันธุ์และชุมชนท้องถิ่น,community,community_life
หางนกยูง,ลวดลายหรือเครื่องประดับรูปหางนกยูง,วัฒนธรรมวัตถุ ศิลปกรรม และงานช่าง,พัสตราภรณ์และเครื่องแต่งกาย,ระเบียบการแต่งกายและอาวุธจำลอง,artifact,material_culture
ค้าขาย,กิจกรรมทางเศรษฐกิจในการแลกเปลี่ยนสินค้า,กลุ่มชาติพันธุ์ ชุมชน และวิถีชีวิต,วิถีชีวิตและระบบเศรษฐกิจ,การประกอบอาชีพและโภชนาการ,community,community_life
เสนียดจัญไร,สิ่งอัปมงคลหรือความเชื่อเรื่องโชคร้าย,พิธีกรรม ความเชื่อ และจารีตวัฒนธรรม,คติความเชื่อและไสยศาสตร์,การขจัดปัดเป่าและอำนาจเหนือธรรมชาติ,mythical_being,ritual_belief
ช่อดอกไม้,ดอกไม้ที่จัดเป็นช่อสำหรับพิธีกรรมหรือการแสดง,พิธีกรรม ความเชื่อ และจารีตวัฒนธรรม,จารีตประเพณีและพิธีกรรม,พิธีการสำคัญและจารีตทางสังคม,ritual,ritual_belief
ขบวนแห่,การเคลื่อนที่ของกลุ่มคนหรือสิ่งของในงานพิธีหรือเทศกาล,พิธีกรรม ความเชื่อ และจารีตวัฒนธรรม,จารีตประเพณีและพิธีกรรม,พิธีการสำคัญและจารีตทางสังคม,ritual,ritual_belief
เขาไกรลาส,ภูเขาศักดิ์สิทธิ์ในคติฮินดูและพุทธแบบไทย,วรรณคดีและสิ่งมีชีวิตเชิงตำนาน,นามานุกรมและประเภทตัวละคร,เทวปกรณ์ อสูร และอมนุษย์,character,performing_arts
จำแลง,การแปลงกายหรือเปลี่ยนรูปลักษณ์,วรรณคดีและสิ่งมีชีวิตเชิงตำนาน,นามานุกรมและประเภทตัวละคร,เทวปกรณ์ อสูร และอมนุษย์,character,performing_arts
หยอกล้อ,การพูดหรือกระทำเพื่อให้เกิดความสนุกสนาน,กลุ่มชาติพันธุ์ ชุมชน และวิถีชีวิต,วิถีชีวิตและพฤติกรรมทางสังคม,จารีตการปฏิบัติและพรรณไม้ในวิถีชีวิต,community,community_life
ลาวครั่ง,กลุ่มชาติพันธุ์ในภาคตะวันออกเฉียงเหนือของไทย,กลุ่มชาติพันธุ์ ชุมชน และวิถีชีวิต,อัตลักษณ์ทางสังคมและกลุ่มคน,กลุ่มชาติพันธุ์และชุมชนท้องถิ่น,community,community_life
ยักษิณี,ยักษ์เพศหญิงในตำนานและวรรณคดี,วรรณคดีและสิ่งมีชีวิตเชิงตำนาน,นามานุกรมและประเภทตัวละคร,เทวปกรณ์ อสูร และอมนุษย์,character,performing_arts
จนตาย,การแสดงความเคารพด้วยการหมอบราบ,พิธีกรรม ความเชื่อ และจารีตวัฒนธรรม,จารีตประเพณีและพิธีกรรม,พิธีการสำคัญและจารีตทางสังคม,ritual,ritual_belief
เบิกโรง,การแสดงเบื้องต้นในงานมหรสพ,ศิลปะการแสดงและดนตรี,นาฏยศิลป์และการแสดง,กระบวนท่ารำและจารีตการแสดง,music,performing_arts
การร่อนแร่,วิธีการแยกแร่ด้วยน้ำ,กลุ่มชาติพันธุ์ ชุมชน และวิถีชีวิต,วิถีชีวิตและระบบเศรษฐกิจ,การประกอบอาชีพและโภชนาการ,community,community_life
แตกทัพ,การถอยทัพอย่างไม่เป็นระเบียบ,บริบทเชิงประวัติศาสตร์ ภูมิศาสตร์ และพื้นที่,ยุคสมัยและเหตุการณ์สำคัญ,ลำดับเวลาและประวัติศาสตร์การสงคราม,concept,historical_spatial
อาวุธ,เครื่องมือสำหรับใช้ในการต่อสู้,วัฒนธรรมวัตถุ ศิลปกรรม และงานช่าง,พัสตราภรณ์และเครื่องแต่งกาย,ระเบียบการแต่งกายและอาวุธจำลอง,artifact,material_culture
ผู้แสดงฝ่ายชาย,นักแสดงเพศชายในการแสดงนาฏศิลป์,ศิลปะการแสดงและดนตรี,บุคลากรและทักษะทางศิลปะ,กลวิธีและสมรรถนะการแสดง,music,performing_arts
พระบาทสมเด็จพระจุลจอมเกล้าเจ้าอยู่หัว,รัชกาลที่ 5 แห่งราชวงศ์จักรี,บริบทเชิงประวัติศาสตร์ ภูมิศาสตร์ และพื้นที่,ยุคสมัยและเหตุการณ์สำคัญ,ลำดับเวลาและประวัติศาสตร์การสงคราม,concept,historical_spatial
เชิงบันได,ส่วนล่างของบันไดที่ติดกับพื้น,วัฒนธรรมวัตถุ ศิลปกรรม และงานช่าง,สถาปัตยกรรมและพุทธศิลป์,ศาสนสถานและปูชนียวัตถุ,artifact,material_culture
สะเดาะเคราะห์,พิธีขับไล่สิ่งชั่วร้ายตามความเชื่อ,พิธีกรรม ความเชื่อ และจารีตวัฒนธรรม,คติความเชื่อและไสยศาสตร์,การขจัดปัดเป่าและอำนาจเหนือธรรมชาติ,mythical_being,ritual_belief
วสันตฤดู,ฤดูใบไม้ผลิในวรรณคดีไทย,วรรณคดีและสิ่งมีชีวิตเชิงตำนาน,นามานุกรมและประเภทตัวละคร,ตัวละครหลักและบทบาทในบทละคร,character,performing_arts
เมืองขีดขิน,เมืองในตำนานหรือวรรณคดี,วรรณคดีและสิ่งมีชีวิตเชิงตำนาน,นามานุกรมและประเภทตัวละคร,เทวปกรณ์ อสูร และอมนุษย์,character,performing_arts
เบญกาย,อมนุษย์หรือสัตว์ในตำนาน,วรรณคดีและสิ่งมีชีวิตเชิงตำนาน,นามานุกรมและประเภทตัวละคร,เทวปกรณ์ อสูร และอมนุษย์,character,performing_arts
เพลงเร็ว,ทำนองเพลงที่มีจังหวะเร็ว,ศิลปะการแสดงและดนตรี,ดุริยางคศิลป์และคีตศิลป์,ระเบียบวิธีทางดนตรีและประเภทบทเพลง,music,performing_arts
พลวานร,กองทัพลิงในวรรณคดีรามเกียรติ์,วรรณคดีและสิ่งมีชีวิตเชิงตำนาน,นามานุกรมและประเภทตัวละคร,ตัวละครหลักและบทบาทในบทละคร,character,performing_arts
ท้าวสัทธาสูร,ยักษ์ในวรรณคดี,วรรณคดีและสิ่งมีชีวิตเชิงตำนาน,นามานุกรมและประเภทตัวละคร,เทวปกรณ์ อสูร และอมนุษย์,character,performing_arts
บุปเพสันนิวาส,เพลงไทยเดิมที่มีทำนองไพเราะ,ศิลปะการแสดงและดนตรี,ดุริยางคศิลป์และคีตศิลป์,ระเบียบวิธีทางดนตรีและประเภทบทเพลง,music,performing_arts
พระพาย,เทวดาผู้ดูแลลมในความเชื่อไทย,พิธีกรรม ความเชื่อ และจารีตวัฒนธรรม,ระบบความเชื่อและศาสนา,คติทางศาสนาและสิ่งศักดิ์สิทธิ์,deity,ritual_belief
กะลา,เครื่องดนตรีไทยประเภทกระทบ,ศิลปะการแสดงและดนตรี,ดุริยางคศิลป์และคีตศิลป์,เครื่องดนตรีและวงดนตรี,music,performing_arts
อินทรชิต,ยักษ์ในวรรณคดีรามเกียรติ์,วรรณคดีและสิ่งมีชีวิตเชิงตำนาน,นามานุกรมและประเภทตัวละคร,เทวปกรณ์ อสูร และอมนุษย์,character,performing_arts
บรรพต,ภูเขาในวรรณคดีหรือตำนาน,วรรณคดีและสิ่งมีชีวิตเชิงตำนาน,นามานุกรมและประเภทตัวละคร,เทวปกรณ์ อสูร และอมนุษย์,character,performing_arts
ดินดาล,เครื่องดนตรีไทยประเภทตี,ศิลปะการแสดงและดนตรี,ดุริยางคศิลป์และคีตศิลป์,เครื่องดนตรีและวงดนตรี,music,performing_arts
ทำนองเพลง,ลักษณะของเสียงเพลง,ศิลปะการแสดงและดนตรี,ดุริยางคศิลป์และคีตศิลป์,ระเบียบวิธีทางดนตรีและประเภทบทเพลง,music,performing_arts
ขนเพชร,อาวุธในวรรณคดี,วรรณคดีและสิ่งมีชีวิตเชิงตำนาน,นามานุกรมและประเภทตัวละคร,เทวปกรณ์ อสูร และอมนุษย์,character,performing_arts
ธิเบศร์,ชื่อตัวละครในวรรณคดี,วรรณคดีและสิ่งมีชีวิตเชิงตำนาน,นามานุกรมและประเภทตัวละคร,ตัวละครหลักและบทบาทในบทละคร,character,performing_arts
สะเดาะ,การแก้เคล็ดหรือขจัดปัดเป่าสิ่งไม่ดีตามความเชื่อ,พิธีกรรม ความเชื่อ และจารีตวัฒนธรรม,คติความเชื่อและไสยศาสตร์,การขจัดปัดเป่าและอำนาจเหนือธรรมชาติ,mythical_being,ritual_belief
สิบแปดมงกุฎ,กลุ่มตัวละครสำคัญในวรรณคดีไทย เช่น ในเรื่องรามเกียรติ์,วรรณคดีและสิ่งมีชีวิตเชิงตำนาน,นามานุกรมและประเภทตัวละคร,ตัวละครหลักและบทบาทในบทละคร,character,performing_arts
ข้าหลวง,ตำแหน่งข้าราชการในระบบราชการไทยสมัยโบราณ,กลุ่มชาติพันธุ์ ชุมชน และวิถีชีวิต,โครงสร้างสังคมและบุคคลสำคัญ,ฐานันดรศักดิ์และบทบาททางสังคม,community,community_life
ไม้สั้น,อาวุธไทยประเภทหนึ่งที่มีลักษณะเป็นแท่งไม้ขนาดสั้น,วัฒนธรรมวัตถุ ศิลปกรรม และงานช่าง,พัสตราภรณ์และเครื่องแต่งกาย,ระเบียบการแต่งกายและอาวุธจำลอง,artifact,material_culture
ไทยจักรี,ชื่อเรียกยุคสมัยในประวัติศาสตร์ไทยสมัยรัตนโกสินทร์,บริบทเชิงประวัติศาสตร์ ภูมิศาสตร์ และพื้นที่,ยุคสมัยและเหตุการณ์สำคัญ,ลำดับเวลาและประวัติศาสตร์การสงคราม,concept,historical_spatial
ต้นขา,ตำแหน่งหัวหน้าหมู่บ้านหรือชุมชนในระบบการปกครองท้องถิ่นแบบดั้งเดิม,กลุ่มชาติพันธุ์ ชุมชน และวิถีชีวิต,โครงสร้างสังคมและบุคคลสำคัญ,ฐานันดรศักดิ์และบทบาททางสังคม,community,community_life
ปัดเป่า,พิธีกรรมเพื่อขับไล่สิ่งชั่วร้ายตามความเชื่อ,พิธีกรรม ความเชื่อ และจารีตวัฒนธรรม,คติความเชื่อและไสยศาสตร์,การขจัดปัดเป่าและอำนาจเหนือธรรมชาติ,mythical_being,ritual_belief
การสอน,วิธีการถ่ายทอดความรู้ในระบบการศึกษาแบบดั้งเดิม,กลุ่มชาติพันธุ์ ชุมชน และวิถีชีวิต,วิถีชีวิตและพฤติกรรมทางสังคม,จารีตการปฏิบัติและพรรณไม้ในวิถีชีวิต,community,community_life
แหล่งน้ำ,พื้นที่ทางธรรมชาติที่มีน้ำเป็นองค์ประกอบสำคัญในชุมชน,บริบทเชิงประวัติศาสตร์ ภูมิศาสตร์ และพื้นที่,ภูมิศาสตร์และอาณาบริเวณ,พื้นที่ในคติความเชื่อและประวัติศาสตร์,concept,historical_spatial
ศุภลักษณ์,ลักษณะอันเป็นมงคลในศิลปะและวัฒนธรรมไทย,วัฒนธรรมวัตถุ ศิลปกรรม และงานช่าง,ประณีตศิลป์และทัศนศิลป์,งานช่างศิลปกรรมและเทคนิควิธี,artifact,material_culture
เพลงชำนาญ,ประเภทเพลงไทยเดิมที่มีท่วงทำนองเฉพาะ,ศิลปะการแสดงและดนตรี,ดุริยางคศิลป์และคีตศิลป์,ระเบียบวิธีทางดนตรีและประเภทบทเพลง,music,performing_arts
แควน้อย,ชื่อลำน้ำหรือพื้นที่ทางภูมิศาสตร์ในบางท้องถิ่น,บริบทเชิงประวัติศาสตร์ ภูมิศาสตร์ และพื้นที่,ภูมิศาสตร์และอาณาบริเวณ,เขตปกครองและภูมิภาค,place,historical_spatial
พระไวย,ตัวละครในวรรณคดีหรือตำนานไทย,วรรณคดีและสิ่งมีชีวิตเชิงตำนาน,นามานุกรมและประเภทตัวละคร,ตัวละครหลักและบทบาทในบทละคร,character,performing_arts
มือซ้าย,ตำแหน่งนักดนตรีในวงดนตรีไทยแบบดั้งเดิม,ศิลปะการแสดงและดนตรี,ดุริยางคศิลป์และคีตศิลป์,เครื่องดนตรีและวงดนตรี,music,performing_arts
อินเดีย,ประเทศที่มีอิทธิพลต่อวัฒนธรรมและศาสนาในไทย,บริบทเชิงประวัติศาสตร์ ภูมิศาสตร์ และพื้นที่,ภูมิศาสตร์และอาณาบริเวณ,เขตปกครองและภูมิภาค,place,historical_spatial
สากตำข้าว,เครื่องมือใช้ตำข้าวทำจากไม้หรือหิน,วัฒนธรรมวัตถุ ศิลปกรรม และงานช่าง,วัสดุและอัญมณี,วัสดุธรรมชาติและรัตนชาติ,artifact,material_culture
พระแพง,พระพุทธรูปสำคัญของล้านนา,วัฒนธรรมวัตถุ ศิลปกรรม และงานช่าง,สถาปัตยกรรมและพุทธศิลป์,ศาสนสถานและปูชนียวัตถุ,artifact,material_culture
ธงไทย,สัญลักษณ์ประจำชาติไทย,พิธีกรรม ความเชื่อ และจารีตวัฒนธรรม,จารีตประเพณีและพิธีกรรม,พิธีการสำคัญและจารีตทางสังคม,ritual,ritual_belief
พระคเณศ,เทพเจ้าในศาสนาฮินดูที่มีเศียรเป็นช้าง,วรรณคดีและสิ่งมีชีวิตเชิงตำนาน,นามานุกรมและประเภทตัวละคร,เทวปกรณ์ อสูร และอมนุษย์,character,performing_arts
นางโรย,ตัวละครหญิงในวรรณคดีไทย,วรรณคดีและสิ่งมีชีวิตเชิงตำนาน,นามานุกรมและประเภทตัวละคร,ตัวละครหลักและบทบาทในบทละคร,character,performing_arts
รับสั่ง,คำพูดของพระมหากษัตริย์,กลุ่มชาติพันธุ์ ชุมชน และวิถีชีวิต,โครงสร้างสังคมและบุคคลสำคัญ,ฐานันดรศักดิ์และบทบาททางสังคม,community,community_life
ละครพันทาง,รูปแบบการแสดงละครไทยแบบผสม,ศิลปะการแสดงและดนตรี,นาฏยศิลป์และการแสดง,รูปแบบการแสดงและนาฏศิลป์ท้องถิ่น,music,performing_arts
อุษา,เทพธิดาแห่งรุ่งอรุณในวรรณคดี,วรรณคดีและสิ่งมีชีวิตเชิงตำนาน,นามานุกรมและประเภทตัวละคร,เทวปกรณ์ อสูร และอมนุษย์,character,performing_arts
พืชพรรณ,พันธุ์ไม้ต่างๆ,กลุ่มชาติพันธุ์ ชุมชน และวิถีชีวิต,วิถีชีวิตและพฤติกรรมทางสังคม,จารีตการปฏิบัติและพรรณไม้ในวิถีชีวิต,community,community_life
ทำนอง,แนวทางหรือแบบแผนของเสียงดนตรี,ศิลปะการแสดงและดนตรี,ดุริยางคศิลป์และคีตศิลป์,ระเบียบวิธีทางดนตรีและประเภทบทเพลง,music,performing_arts
ธัญญาหาร,อาหารที่ทำจากธัญพืช,กลุ่มชาติพันธุ์ ชุมชน และวิถีชีวิต,วิถีชีวิตและระบบเศรษฐกิจ,การประกอบอาชีพและโภชนาการ,community,community_life
ชาวเหนือ,คนที่อาศัยอยู่ในภาคเหนือของไทย,กลุ่มชาติพันธุ์ ชุมชน และวิถีชีวิต,อัตลักษณ์ทางสังคมและกลุ่มคน,กลุ่มชาติพันธุ์และชุมชนท้องถิ่น,community,community_life
พญาทูษณ์,ตัวละครในวรรณคดีรามเกียรติ์,วรรณคดีและสิ่งมีชีวิตเชิงตำนาน,นามานุกรมและประเภทตัวละคร,ตัวละครหลักและบทบาทในบทละคร,character,performing_arts
พระเอก,ตัวละครชายหลักในบทละคร,วรรณคดีและสิ่งมีชีวิตเชิงตำนาน,นามานุกรมและประเภทตัวละคร,ตัวละครหลักและบทบาทในบทละคร,character,performing_arts
เทพธิดา,เทวีหรือนางฟ้าในความเชื่อ,วรรณคดีและสิ่งมีชีวิตเชิงตำนาน,นามานุกรมและประเภทตัวละคร,เทวปกรณ์ อสูร และอมนุษย์,character,performing_arts
ไทยจีน,กลุ่มคนเชื้อสายจีนในประเทศไทย,กลุ่มชาติพันธุ์ ชุมชน และวิถีชีวิต,อัตลักษณ์ทางสังคมและกลุ่มคน,กลุ่มชาติพันธุ์และชุมชนท้องถิ่น,community,community_life
ปัตตานี,จังหวัดในภาคใต้ของประเทศไทย,บริบทเชิงประวัติศาสตร์ ภูมิศาสตร์ และพื้นที่,ภูมิศาสตร์และอาณาบริเวณ,เขตปกครองและภูมิภาค,place,historical_spatial
ขับร้อง,การร้องเพลงหรือบทกวี,ศิลปะการแสดงและดนตรี,ดุริยางคศิลป์และคีตศิลป์,ระเบียบวิธีทางดนตรีและประเภทบทเพลง,music,performing_arts
ผู้มีพระคุณ,บุคคลที่ทำคุณประโยชน์ให้,กลุ่มชาติพันธุ์ ชุมชน และวิถีชีวิต,โครงสร้างสังคมและบุคคลสำคัญ,ฐานันดรศักดิ์และบทบาททางสังคม,community,community_life
บริวาร,ผู้ติดตามหรือคนรับใช้,กลุ่มชาติพันธุ์ ชุมชน และวิถีชีวิต,โครงสร้างสังคมและบุคคลสำคัญ,ฐานันดรศักดิ์และบทบาททางสังคม,community,community_life
กุณฑล,ตุ้มหูหรือเครื่องประดับหู,วัฒนธรรมวัตถุ ศิลปกรรม และงานช่าง,พัสตราภรณ์และเครื่องแต่งกาย,ระเบียบการแต่งกายและอาวุธจำลอง,artifact,material_culture
พระสังข์,หอยสังข์ที่ใช้ในพิธีกรรม,พิธีกรรม ความเชื่อ และจารีตวัฒนธรรม,จารีตประเพณีและพิธีกรรม,พิธีการสำคัญและจารีตทางสังคม,ritual,ritual_belief
กระทบไม้,เครื่องดนตรีประเภทเคาะ,ศิลปะการแสดงและดนตรี,ดุริยางคศิลป์และคีตศิลป์,เครื่องดนตรีและวงดนตรี,music,performing_arts
ริมแม่น้ำ,พื้นที่ติดกับแม่น้ำ,บริบทเชิงประวัติศาสตร์ ภูมิศาสตร์ และพื้นที่,ภูมิศาสตร์และอาณาบริเวณ,พื้นที่ในคติความเชื่อและประวัติศาสตร์,place,historical_spatial
ออกเดินทาง,เริ่มต้นการเดินทาง,กลุ่มชาติพันธุ์ ชุมชน และวิถีชีวิต,วิถีชีวิตและพฤติกรรมทางสังคม,จารีตการปฏิบัติและพรรณไม้ในวิถีชีวิต,community,community_life
มเหสี,พระอัครมเหสีของพระมหากษัตริย์,กลุ่มชาติพันธุ์ ชุมชน และวิถีชีวิต,โครงสร้างสังคมและบุคคลสำคัญ,ฐานันดรศักดิ์และบทบาททางสังคม,community,community_life
การขับร้อง,ศิลปะการร้องเพลง,ศิลปะการแสดงและดนตรี,ดุริยางคศิลป์และคีตศิลป์,ระเบียบวิธีทางดนตรีและประเภทบทเพลง,music,performing_arts
เพลงชาวไทย,เพลงพื้นบ้านของไทย,ศิลปะการแสดงและดนตรี,ดุริยางคศิลป์และคีตศิลป์,ระเบียบวิธีทางดนตรีและประเภทบทเพลง,music,performing_arts
ตารีกีปัส,ชื่อสถานที่ในวรรณคดี,วรรณคดีและสิ่งมีชีวิตเชิงตำนาน,นามานุกรมและประเภทตัวละคร,ตัวละครหลักและบทบาทในบทละคร,character,performing_arts
งานประติมากรรม,ศิลปะการสร้างรูปสามมิติ,วัฒนธรรมวัตถุ ศิลปกรรม และงานช่าง,ประณีตศิลป์และทัศนศิลป์,งานช่างศิลปกรรมและเทคนิควิธี,artifact,material_culture
ชาวพื้นเมือง,กลุ่มคนที่อาศัยในพื้นที่หนึ่งมาเป็นเวลานาน,กลุ่มชาติพันธุ์ ชุมชน และวิถีชีวิต,อัตลักษณ์ทางสังคมและกลุ่มคน,กลุ่มชาติพันธุ์และชุมชนท้องถิ่น,place,community_life
จิตรกรรม,ศิลปะการวาดภาพ,วัฒนธรรมวัตถุ ศิลปกรรม และงานช่าง,ประณีตศิลป์และทัศนศิลป์,งานช่างศิลปกรรมและเทคนิควิธี,artifact,material_culture
นครราชสีมา,จังหวัดหนึ่งในประเทศไทย,บริบทเชิงประวัติศาสตร์ ภูมิศาสตร์ และพื้นที่,ภูมิศาสตร์และอาณาบริเวณ,เขตปกครองและภูมิภาค,place,historical_spatial
แหลมมลายู,พื้นที่ทางภูมิศาสตร์ในเอเชียตะวันออกเฉียงใต้,บริบทเชิงประวัติศาสตร์ ภูมิศาสตร์ และพื้นที่,ภูมิศาสตร์และอาณาบริเวณ,เขตปกครองและภูมิภาค,place,historical_spatial
พระพี่เลี้ยง,บุคคลที่ทำหน้าที่ดูแลและให้คำแนะนำ,กลุ่มชาติพันธุ์ ชุมชน และวิถีชีวิต,โครงสร้างสังคมและบุคคลสำคัญ,ฐานันดรศักดิ์และบทบาททางสังคม,community,community_life
ดวงแก้ว,วัตถุที่มีความสวยงามและมีค่า,วัฒนธรรมวัตถุ ศิลปกรรม และงานช่าง,วัสดุและอัญมณี,วัสดุธรรมชาติและรัตนชาติ,artifact,material_culture
กราววีรชัยลิง,บทเพลงที่ใช้ในพิธีกรรมหรือการแสดง,ศิลปะการแสดงและดนตรี,ดุริยางคศิลป์และคีตศิลป์,ระเบียบวิธีทางดนตรีและประเภทบทเพลง,music,performing_arts
สะล้อ,เครื่องดนตรีประเภทสาย,ศิลปะการแสดงและดนตรี,ดุริยางคศิลป์และคีตศิลป์,เครื่องดนตรีและวงดนตรี,music,performing_arts
สกลนคร,จังหวัดหนึ่งในประเทศไทย,บริบทเชิงประวัติศาสตร์ ภูมิศาสตร์ และพื้นที่,ภูมิศาสตร์และอาณาบริเวณ,เขตปกครองและภูมิภาค,place,historical_spatial
กลองสะบัดชัย,เครื่องดนตรีประเภทกลอง,ศิลปะการแสดงและดนตรี,ดุริยางคศิลป์และคีตศิลป์,เครื่องดนตรีและวงดนตรี,music,performing_arts
มุสลิม,ผู้ที่นับถือศาสนาอิสลาม,พิธีกรรม ความเชื่อ และจารีตวัฒนธรรม,ระบบความเชื่อและศาสนา,คติทางศาสนาและสิ่งศักดิ์สิทธิ์,deity,ritual_belief
ชั้นเดียว,ลักษณะของสิ่งก่อสร้างที่มีเพียงชั้นเดียว,วัฒนธรรมวัตถุ ศิลปกรรม และงานช่าง,สถาปัตยกรรมและพุทธศิลป์,ศาสนสถานและปูชนียวัตถุ,artifact,material_culture
พระศิวะ,เทพเจ้าในศาสนาฮินดู,วรรณคดีและสิ่งมีชีวิตเชิงตำนาน,นามานุกรมและประเภทตัวละคร,เทวปกรณ์ อสูร และอมนุษย์,character,performing_arts
กรุงลงกา,เมืองในวรรณคดีรามเกียรติ์,วรรณคดีและสิ่งมีชีวิตเชิงตำนาน,นามานุกรมและประเภทตัวละคร,ตัวละครหลักและบทบาทในบทละคร,character,performing_arts
ต่อสู้,การปะทะหรือแข่งขันกัน,กลุ่มชาติพันธุ์ ชุมชน และวิถีชีวิต,วิถีชีวิตและพฤติกรรมทางสังคม,จารีตการปฏิบัติและพรรณไม้ในวิถีชีวิต,community,community_life
สมทบ,การเข้าร่วมหรือเสริมกำลัง,กลุ่มชาติพันธุ์ ชุมชน และวิถีชีวิต,โครงสร้างสังคมและบุคคลสำคัญ,ฐานันดรศักดิ์และบทบาททางสังคม,community,community_life
ทัพหน้า,กองกำลังส่วนหน้าของกองทัพ,บริบทเชิงประวัติศาสตร์ ภูมิศาสตร์ และพื้นที่,ยุคสมัยและเหตุการณ์สำคัญ,ลำดับเวลาและประวัติศาสตร์การสงคราม,concept,historical_spatial
ฟาดฟัน,การต่อสู้หรือปะทะกันอย่างรุนแรง,บริบทเชิงประวัติศาสตร์ ภูมิศาสตร์ และพื้นที่,ยุคสมัยและเหตุการณ์สำคัญ,ลำดับเวลาและประวัติศาสตร์การสงคราม,concept,historical_spatial
เต้นสาก,การละเล่นพื้นบ้านที่ใช้ไม้สาก,ศิลปะการแสดงและดนตรี,นาฏยศิลป์และการแสดง,รูปแบบการแสดงและนาฏศิลป์ท้องถิ่น,music,performing_arts
บอกทาง,การให้คำแนะนำหรือนำทาง,กลุ่มชาติพันธุ์ ชุมชน และวิถีชีวิต,วิถีชีวิตและพฤติกรรมทางสังคม,จารีตการปฏิบัติและพรรณไม้ในวิถีชีวิต,community,community_life
การตีกลอง,การบรรเลงเครื่องดนตรีประเภทกลอง,ศิลปะการแสดงและดนตรี,ดุริยางคศิลป์และคีตศิลป์,เครื่องดนตรีและวงดนตรี,music,performing_arts
นางรื่น,ตัวละครหญิงในวรรณคดีหรือการแสดง,วรรณคดีและสิ่งมีชีวิตเชิงตำนาน,นามานุกรมและประเภทตัวละคร,ตัวละครหลักและบทบาทในบทละคร,character,performing_arts
ย่านาง,พืชสมุนไพรหรือตัวละครในตำนาน,วรรณคดีและสิ่งมีชีวิตเชิงตำนาน,นามานุกรมและประเภทตัวละคร,เทวปกรณ์ อสูร และอมนุษย์,character,performing_arts
ช้างเอราวัณ,ช้างสามเศียรในตำนานเทพเจ้า,วรรณคดีและสิ่งมีชีวิตเชิงตำนาน,นามานุกรมและประเภทตัวละคร,เทวปกรณ์ อสูร และอมนุษย์,character,performing_arts
กราบทูล,การรายงานหรือถวายคำแนะนำต่อผู้สูงศักดิ์,กลุ่มชาติพันธุ์ ชุมชน และวิถีชีวิต,โครงสร้างสังคมและบุคคลสำคัญ,ฐานันดรศักดิ์และบทบาททางสังคม,community,community_life
สมรภูมิ,พื้นที่การรบหรือสงคราม,บริบทเชิงประวัติศาสตร์ ภูมิศาสตร์ และพื้นที่,ยุคสมัยและเหตุการณ์สำคัญ,ลำดับเวลาและประวัติศาสตร์การสงคราม,concept,historical_spatial
หมดแรง,สภาพที่ไม่มีกำลังหรือพลังงานเหลือ,กลุ่มชาติพันธุ์ ชุมชน และวิถีชีวิต,วิถีชีวิตและพฤติกรรมทางสังคม,จารีตการปฏิบัติและพรรณไม้ในวิถีชีวิต,community,community_life
ตำนาน,เรื่องเล่าที่สืบทอดกันมาเกี่ยวกับเหตุการณ์หรือบุคคล,วรรณคดีและสิ่งมีชีวิตเชิงตำนาน,นามานุกรมและประเภทตัวละคร,เทวปกรณ์ อสูร และอมนุษย์,character,performing_arts
รังควาญ,การรบกวนหรือทำให้รำคาญ,กลุ่มชาติพันธุ์ ชุมชน และวิถีชีวิต,วิถีชีวิตและพฤติกรรมทางสังคม,จารีตการปฏิบัติและพรรณไม้ในวิถีชีวิต,community,community_life
ลำเพลิน,การขับร้องหรือบรรเลงดนตรีเพื่อความเพลิดเพลิน,ศิลปะการแสดงและดนตรี,ดุริยางคศิลป์และคีตศิลป์,ระเบียบวิธีทางดนตรีและประเภทบทเพลง,music,performing_arts
ฟันปลา,ลวดลายประดับรูปฟันปลาใช้ในงานสถาปัตยกรรมหรือเครื่องใช้,วัฒนธรรมวัตถุ ศิลปกรรม และงานช่าง,ประณีตศิลป์และทัศนศิลป์,งานช่างศิลปกรรมและเทคนิควิธี,artifact,material_culture
เมืองชมพู,ชื่อดินแดนในตำนานหรือวรรณคดีไทย,วรรณคดีและสิ่งมีชีวิตเชิงตำนาน,นามานุกรมและประเภทตัวละคร,เทวปกรณ์ อสูร และอมนุษย์,character,performing_arts
สิ้นชีพ,การตายหรือหมดอายุขัย,พิธีกรรม ความเชื่อ และจารีตวัฒนธรรม,จารีตประเพณีและพิธีกรรม,พิธีการสำคัญและจารีตทางสังคม,ritual,ritual_belief
วันวาน,วันในอดีตหรือช่วงเวลาที่ผ่านมา,บริบทเชิงประวัติศาสตร์ ภูมิศาสตร์ และพื้นที่,ยุคสมัยและเหตุการณ์สำคัญ,ลำดับเวลาและประวัติศาสตร์การสงคราม,concept,historical_spatial
พิธีทางศาสนา,กิจกรรมหรือขั้นตอนที่ปฏิบัติตามความเชื่อทางศาสนา,พิธีกรรม ความเชื่อ และจารีตวัฒนธรรม,จารีตประเพณีและพิธีกรรม,พิธีการสำคัญและจารีตทางสังคม,ritual,ritual_belief
ล้านนา,อาณาจักรและวัฒนธรรมในภาคเหนือของไทย,บริบทเชิงประวัติศาสตร์ ภูมิศาสตร์ และพื้นที่,ภูมิศาสตร์และอาณาบริเวณ,เขตปกครองและภูมิภาค,place,historical_spatial
อวตาร,การแบ่งภาคหรือลงมาปรากฏกายของเทพในรูปอื่น,วรรณคดีและสิ่งมีชีวิตเชิงตำนาน,นามานุกรมและประเภทตัวละคร,เทวปกรณ์ อสูร และอมนุษย์,character,performing_arts
เทวดา,เทพหรือสิ่งศักดิ์สิทธิ์ในความเชื่อ,วรรณคดีและสิ่งมีชีวิตเชิงตำนาน,นามานุกรมและประเภทตัวละคร,เทวปกรณ์ อสูร และอมนุษย์,character,performing_arts
ตารี,ชื่อตัวละครหรือเทพในวรรณคดี/ตำนาน,วรรณคดีและสิ่งมีชีวิตเชิงตำนาน,นามานุกรมและประเภทตัวละคร,ตัวละครหลักและบทบาทในบทละคร,character,performing_arts
กองไฟ,ไฟที่ก่อขึ้นสำหรับใช้ในพิธีกรรมหรือกิจกรรม,พิธีกรรม ความเชื่อ และจารีตวัฒนธรรม,จารีตประเพณีและพิธีกรรม,พิธีการสำคัญและจารีตทางสังคม,ritual,ritual_belief
ปราสาทพนมรุ้ง,ปราสาทหินโบราณในศาสนาฮินดู,วัฒนธรรมวัตถุ ศิลปกรรม และงานช่าง,สถาปัตยกรรมและพุทธศิลป์,ศาสนสถานและปูชนียวัตถุ,artifact,material_culture
อิทธิฤทธิ์,อำนาจเหนือธรรมชาติหรือความสามารถพิเศษ,พิธีกรรม ความเชื่อ และจารีตวัฒนธรรม,คติความเชื่อและไสยศาสตร์,การขจัดปัดเป่าและอำนาจเหนือธรรมชาติ,mythical_being,ritual_belief
สิ้นชีวิต,การตายหรือหมดอายุขัย,พิธีกรรม ความเชื่อ และจารีตวัฒนธรรม,จารีตประเพณีและพิธีกรรม,พิธีการสำคัญและจารีตทางสังคม,ritual,ritual_belief
กลับบ้าน,การกลับสู่ที่อยู่อาศัยหรือถิ่นฐานเดิม,กลุ่มชาติพันธุ์ ชุมชน และวิถีชีวิต,วิถีชีวิตและพฤติกรรมทางสังคม,จารีตการปฏิบัติและพรรณไม้ในวิถีชีวิต,community,community_life
เพลงลาวคำหอม,เพลงพื้นเมืองของภาคอีสานที่มีทำนองไพเราะ,ศิลปะการแสดงและดนตรี,ดุริยางคศิลป์และคีตศิลป์,ระเบียบวิธีทางดนตรีและประเภทบทเพลง,music,performing_arts
เครื่องประกอบจังหวะ,เครื่องดนตรีที่ใช้ตีหรือเคาะเพื่อให้จังหวะในวงดนตรี,ศิลปะการแสดงและดนตรี,ดุริยางคศิลป์และคีตศิลป์,เครื่องดนตรีและวงดนตรี,music,performing_arts
พระพรหม,เทพเจ้าสูงสุดในศาสนาพราหมณ์-ฮินดู ผู้สร้างโลก,พิธีกรรม ความเชื่อ และจารีตวัฒนธรรม,ระบบความเชื่อและศาสนา,คติทางศาสนาและสิ่งศักดิ์สิทธิ์,deity,ritual_belief
ทอผ้า,กระบวนการผลิตผ้าโดยการขัดเส้นด้ายเข้าด้วยกัน,วัฒนธรรมวัตถุ ศิลปกรรม และงานช่าง,พัสตราภรณ์และเครื่องแต่งกาย,ระเบียบการแต่งกายและอาวุธจำลอง,artifact,material_culture
พลลิง,กองทัพลิงในวรรณคดีรามเกียรติ์,วรรณคดีและสิ่งมีชีวิตเชิงตำนาน,นามานุกรมและประเภทตัวละคร,ตัวละครหลักและบทบาทในบทละคร,character,performing_arts
พระสวามี,คำเรียกสามีของสตรีในวรรณคดีหรือตำนาน,วรรณคดีและสิ่งมีชีวิตเชิงตำนาน,สถานภาพและลำดับชั้นทางสังคมในวรรณกรรม,ฐานันดรศักดิ์และระบบเครือญาติ,concept,general
แม่น้ำโขง,แม่น้ำสำคัญในภูมิภาคเอเชียตะวันออกเฉียงใต้,บริบทเชิงประวัติศาสตร์ ภูมิศาสตร์ และพื้นที่,ภูมิศาสตร์และอาณาบริเวณ,พื้นที่ในคติความเชื่อและประวัติศาสตร์,place,historical_spatial
กองทัพ,หน่วยทหารขนาดใหญ่ที่จัดเป็นระบบ,บริบทเชิงประวัติศาสตร์ ภูมิศาสตร์ และพื้นที่,ยุคสมัยและเหตุการณ์สำคัญ,ลำดับเวลาและประวัติศาสตร์การสงคราม,concept,historical_spatial
ไพฑูรย์,ชื่อตัวละครในวรรณคดีไทย,วรรณคดีและสิ่งมีชีวิตเชิงตำนาน,นามานุกรมและประเภทตัวละคร,ตัวละครหลักและบทบาทในบทละคร,character,performing_arts
ลอยน้ำ,พิธีกรรมทางศาสนาที่นำสิ่งของลอยไปกับน้ำ,พิธีกรรม ความเชื่อ และจารีตวัฒนธรรม,จารีตประเพณีและพิธีกรรม,พิธีการสำคัญและจารีตทางสังคม,ritual,ritual_belief
หน้าบัน,ส่วนประดับด้านหน้าของอาคารหรือศาสนสถาน,วัฒนธรรมวัตถุ ศิลปกรรม และงานช่าง,สถาปัตยกรรมและพุทธศิลป์,ศาสนสถานและปูชนียวัตถุ,artifact,material_culture
กรุงเทพ,เมืองหลวงของประเทศไทย,บริบทเชิงประวัติศาสตร์ ภูมิศาสตร์ และพื้นที่,ภูมิศาสตร์และอาณาบริเวณ,เขตปกครองและภูมิภาค,deity,historical_spatial
นางกินรี,นางฟ้าหรือเทพธิดาในวรรณคดีไทย,วรรณคดีและสิ่งมีชีวิตเชิงตำนาน,นามานุกรมและประเภทตัวละคร,เทวปกรณ์ อสูร และอมนุษย์,character,performing_arts
การรบ,การต่อสู้ระหว่างกองทัพหรือกลุ่มคน,บริบทเชิงประวัติศาสตร์ ภูมิศาสตร์ และพื้นที่,ยุคสมัยและเหตุการณ์สำคัญ,ลำดับเวลาและประวัติศาสตร์การสงคราม,concept,historical_spatial
วานรินทร์,คำเรียกหัวหน้าหรือกษัตริย์แห่งวานรในวรรณคดี,วรรณคดีและสิ่งมีชีวิตเชิงตำนาน,สถานภาพและลำดับชั้นทางสังคมในวรรณกรรม,ฐานันดรศักดิ์และระบบเครือญาติ,concept,general
ไฟไหม้,เหตุการณ์ที่เกิดเพลิงไหม้สิ่งของหรืออาคาร,พิธีกรรม ความเชื่อ และจารีตวัฒนธรรม,คติความเชื่อและไสยศาสตร์,การขจัดปัดเป่าและอำนาจเหนือธรรมชาติ,mythical_being,ritual_belief
มวยไทย,ศิลปะการต่อสู้แบบไทยที่มีการใช้อวัยวะต่างๆ เช่น มือ เท้า ศอก เข่า,ศิลปะการแสดงและดนตรี,นาฏยศิลป์และการแสดง,รูปแบบการแสดงและนาฏศิลป์ท้องถิ่น,music,performing_arts
จับระบำ,การแสดงรำที่มีท่าทางสวยงามและประณีต,ศิลปะการแสดงและดนตรี,นาฏยศิลป์และการแสดง,กระบวนท่ารำและจารีตการแสดง,music,performing_arts
ไตรรงค์,ธงชาติไทยที่มีสามสี ได้แก่ แดง ขาว น้ำเงิน,วัฒนธรรมวัตถุ ศิลปกรรม และงานช่าง,พัสตราภรณ์และเครื่องแต่งกาย,ระเบียบการแต่งกายและอาวุธจำลอง,artifact,material_culture
พระราม,ตัวละครหลักในวรรณคดีเรื่องรามเกียรติ์,วรรณคดีและสิ่งมีชีวิตเชิงตำนาน,นามานุกรมและประเภทตัวละคร,ตัวละครหลักและบทบาทในบทละคร,character,ramakien
คู่ใจ,บุคคลหรือสิ่งของที่สำคัญและเป็นที่รัก,กลุ่มชาติพันธุ์ ชุมชน และวิถีชีวิต,วิถีชีวิตและพฤติกรรมทางสังคม,จารีตการปฏิบัติและพรรณไม้ในวิถีชีวิต,community,community_life
การุณราช,ชื่อตำแหน่งหรือฐานันดรศักดิ์ในวรรณคดี,วรรณคดีและสิ่งมีชีวิตเชิงตำนาน,สถานภาพและลำดับชั้นทางสังคมในวรรณกรรม,ฐานันดรศักดิ์และระบบเครือญาติ,concept,general
พุทธศตวรรษ,ช่วงเวลาหนึ่งร้อยปีในปฏิทินพุทธศักราช,บริบทเชิงประวัติศาสตร์ ภูมิศาสตร์ และพื้นที่,ยุคสมัยและเหตุการณ์สำคัญ,ลำดับเวลาและประวัติศาสตร์การสงคราม,concept,historical_spatial
แสงจันทร์,แสงที่มาจากดวงจันทร์,พิธีกรรม ความเชื่อ และจารีตวัฒนธรรม,คติความเชื่อและไสยศาสตร์,การขจัดปัดเป่าและอำนาจเหนือธรรมชาติ,mythical_being,ritual_belief
เทือกเขาภูพาน,เทือกเขาที่ตั้งอยู่ในภาคตะวันออกเฉียงเหนือของไทย,บริบทเชิงประวัติศาสตร์ ภูมิศาสตร์ และพื้นที่,ภูมิศาสตร์และอาณาบริเวณ,พื้นที่ในคติความเชื่อและประวัติศาสตร์,concept,historical_spatial
แม่ฮ่องสอน,จังหวัดหนึ่งในภาคเหนือของไทย,บริบทเชิงประวัติศาสตร์ ภูมิศาสตร์ และพื้นที่,ภูมิศาสตร์และอาณาบริเวณ,เขตปกครองและภูมิภาค,place,historical_spatial
ทับทิม,อัญมณีสีแดงที่มีค่าสูง,วัฒนธรรมวัตถุ ศิลปกรรม และงานช่าง,วัสดุและอัญมณี,วัสดุธรรมชาติและรัตนชาติ,artifact,material_culture
หมากกั๊บแก๊บ,เครื่องมือหรืออุปกรณ์ที่ใช้ในการจับหรือบีบ,วัฒนธรรมวัตถุ ศิลปกรรม และงานช่าง,ประณีตศิลป์และทัศนศิลป์,งานช่างศิลปกรรมและเทคนิควิธี,artifact,material_culture
วิรุญมุข,ชื่อเทพหรืออมนุษย์ในตำนาน,วรรณคดีและสิ่งมีชีวิตเชิงตำนาน,นามานุกรมและประเภทตัวละคร,เทวปกรณ์ อสูร และอมนุษย์,character,performing_arts
เจ้าเซ็น,ชื่อตำแหน่งหรือฐานันดรศักดิ์ในวรรณคดี,วรรณคดีและสิ่งมีชีวิตเชิงตำนาน,สถานภาพและลำดับชั้นทางสังคมในวรรณกรรม,ฐานันดรศักดิ์และระบบเครือญาติ,concept,general
ภาชนะดินเผา,ภาชนะที่ทำจากดินเผา,วัฒนธรรมวัตถุ ศิลปกรรม และงานช่าง,ประณีตศิลป์และทัศนศิลป์,งานช่างศิลปกรรมและเทคนิควิธี,artifact,material_culture
ชาวภูไท,กลุ่มชาติพันธุ์ในภาคอีสานของไทย,กลุ่มชาติพันธุ์ ชุมชน และวิถีชีวิต,อัตลักษณ์ทางสังคมและกลุ่มคน,กลุ่มชาติพันธุ์และชุมชนท้องถิ่น,community,community_life
องคต,ส่วนของร่างกายในวรรณคดีหรือตำนาน,วรรณคดีและสิ่งมีชีวิตเชิงตำนาน,นามานุกรมและประเภทตัวละคร,เทวปกรณ์ อสูร และอมนุษย์,character,performing_arts
ลาวเวียง,ชื่อเรียกกลุ่มชาติพันธุ์ลาวในพื้นที่เวียงจันทน์,กลุ่มชาติพันธุ์ ชุมชน และวิถีชีวิต,อัตลักษณ์ทางสังคมและกลุ่มคน,กลุ่มชาติพันธุ์และชุมชนท้องถิ่น,community,community_life
ละครเสภา,การแสดงละครแบบดั้งเดิมของไทย,ศิลปะการแสดงและดนตรี,นาฏยศิลป์และการแสดง,รูปแบบการแสดงและนาฏศิลป์ท้องถิ่น,music,performing_arts
มวยโบราณ,ศิลปะการต่อสู้แบบดั้งเดิมของไทย,ศิลปะการแสดงและดนตรี,นาฏยศิลป์และการแสดง,กระบวนท่ารำและจารีตการแสดง,music,performing_arts
ป้องกันตัว,วิธีการป้องกันตนเองในศิลปะการต่อสู้,ศิลปะการแสดงและดนตรี,นาฏยศิลป์และการแสดง,กระบวนท่ารำและจารีตการแสดง,music,performing_arts
ลิลิตพระลอ,วรรณคดีไทยโบราณ,วรรณคดีและสิ่งมีชีวิตเชิงตำนาน,นามานุกรมและประเภทตัวละคร,ตัวละครหลักและบทบาทในบทละคร,character,performing_arts
อยุธยา,ราชธานีเก่าของไทย,บริบทเชิงประวัติศาสตร์ ภูมิศาสตร์ และพื้นที่,ภูมิศาสตร์และอาณาบริเวณ,พื้นที่ในคติความเชื่อและประวัติศาสตร์,concept,historical_spatial
หน่อไม้,อาหารจากพืชในวัฒนธรรมไทย,กลุ่มชาติพันธุ์ ชุมชน และวิถีชีวิต,วิถีชีวิตและระบบเศรษฐกิจ,การประกอบอาชีพและโภชนาการ,community,community_life
รำมาตรฐาน,การรำแบบมาตรฐานในนาฏศิลป์ไทย,ศิลปะการแสดงและดนตรี,นาฏยศิลป์และการแสดง,กระบวนท่ารำและจารีตการแสดง,music,performing_arts
จองถนน,พิธีกรรมในการสร้างถนนแบบโบราณ,พิธีกรรม ความเชื่อ และจารีตวัฒนธรรม,จารีตประเพณีและพิธีกรรม,พิธีการสำคัญและจารีตทางสังคม,ritual,ritual_belief
ทหารเอก,ตำแหน่งทหารระดับสูงในประวัติศาสตร์,กลุ่มชาติพันธุ์ ชุมชน และวิถีชีวิต,โครงสร้างสังคมและบุคคลสำคัญ,ฐานันดรศักดิ์และบทบาททางสังคม,community,community_life
สอดแทรก,เทคนิคในการแสดงหรือเล่าเรื่อง,ศิลปะการแสดงและดนตรี,นาฏยศิลป์และการแสดง,กระบวนท่ารำและจารีตการแสดง,music,performing_arts
นางพญาคำปิน,ตัวละครในวรรณคดีไทย,วรรณคดีและสิ่งมีชีวิตเชิงตำนาน,นามานุกรมและประเภทตัวละคร,ตัวละครหลักและบทบาทในบทละคร,character,performing_arts
ท้าวพิชัยพิษณุกร,ตัวละครในวรรณคดีหรือตำนานไทย,วรรณคดีและสิ่งมีชีวิตเชิงตำนาน,นามานุกรมและประเภทตัวละคร,ตัวละครหลักและบทบาทในบทละคร,character,performing_arts
เพลงดวงจันทร์วันเพ็ญ,เพลงไทยเดิมที่มีทำนองไพเราะ มักใช้บรรเลงในงานสำคัญ,ศิลปะการแสดงและดนตรี,ดุริยางคศิลป์และคีตศิลป์,ระเบียบวิธีทางดนตรีและประเภทบทเพลง,music,performing_arts
นิ้วเพชร,ชื่อเรียกนิ้วมือที่ใช้ดีดเครื่องดนตรีไทย เช่น จะเข้,ศิลปะการแสดงและดนตรี,บุคลากรและทักษะทางศิลปะ,กลวิธีและสมรรถนะการแสดง,music,performing_arts
ขีดขิน,ชื่อตัวละครในวรรณคดีไทยเรื่องขุนช้างขุนแผน,วรรณคดีและสิ่งมีชีวิตเชิงตำนาน,นามานุกรมและประเภทตัวละคร,ตัวละครหลักและบทบาทในบทละคร,character,performing_arts
พื้นบ้านภาคใต้,วัฒนธรรมและวิถีชีวิตของคนในภาคใต้ของไทย,กลุ่มชาติพันธุ์ ชุมชน และวิถีชีวิต,อัตลักษณ์ทางสังคมและกลุ่มคน,กลุ่มชาติพันธุ์และชุมชนท้องถิ่น,community,community_life
พิเภก,ตัวละครในวรรณคดีเรื่องรามเกียรติ์ เป็นน้องชายทศกัณฐ์,วรรณคดีและสิ่งมีชีวิตเชิงตำนาน,นามานุกรมและประเภทตัวละคร,ตัวละครหลักและบทบาทในบทละคร,character,performing_arts
ไทยดุสิต,ชื่อเรียกกลุ่มคนหรือวัฒนธรรมในเขตดุสิต กรุงเทพฯ,กลุ่มชาติพันธุ์ ชุมชน และวิถีชีวิต,อัตลักษณ์ทางสังคมและกลุ่มคน,กลุ่มชาติพันธุ์และชุมชนท้องถิ่น,community,community_life
การดีด,เทคนิคการเล่นเครื่องดนตรีไทยด้วยการดีดสาย,ศิลปะการแสดงและดนตรี,บุคลากรและทักษะทางศิลปะ,กลวิธีและสมรรถนะการแสดง,music,performing_arts
ขุนแผน,ตัวละครเอกในวรรณคดีไทยเรื่องขุนช้างขุนแผน,วรรณคดีและสิ่งมีชีวิตเชิงตำนาน,นามานุกรมและประเภทตัวละคร,ตัวละครหลักและบทบาทในบทละคร,character,performing_arts
รัชฎา,ชื่อเรียกเครื่องประดับหรือเครื่องแต่งกายไทย,วัฒนธรรมวัตถุ ศิลปกรรม และงานช่าง,พัสตราภรณ์และเครื่องแต่งกาย,ระเบียบการแต่งกายและอาวุธจำลอง,artifact,material_culture
ท้าวลัสเตียน,ตัวละครในวรรณคดีไทย เป็นยักษ์ผู้มีฤทธิ์,วรรณคดีและสิ่งมีชีวิตเชิงตำนาน,นามานุกรมและประเภทตัวละคร,เทวปกรณ์ อสูร และอมนุษย์,character,performing_arts
พระอิศวร,เทพเจ้าสูงสุดในศาสนาพราหมณ์-ฮินดู,พิธีกรรม ความเชื่อ และจารีตวัฒนธรรม,ระบบความเชื่อและศาสนา,คติทางศาสนาและสิ่งศักดิ์สิทธิ์,deity,ritual_belief
เขี้ยวแก้ว,วัตถุศักดิ์สิทธิ์ในความเชื่อไทย มักทำจากวัสดุมีค่า,พิธีกรรม ความเชื่อ และจารีตวัฒนธรรม,คติความเชื่อและไสยศาสตร์,การขจัดปัดเป่าและอำนาจเหนือธรรมชาติ,mythical_being,ritual_belief
กิจจะ,คำเรียกพิธีกรรมหรือจารีตสำคัญ,พิธีกรรม ความเชื่อ และจารีตวัฒนธรรม,จารีตประเพณีและพิธีกรรม,พิธีการสำคัญและจารีตทางสังคม,ritual,ritual_belief
ตะเขิ่ง,ชื่อเครื่องดนตรีไทยประเภทเครื่องตี,ศิลปะการแสดงและดนตรี,ดุริยางคศิลป์และคีตศิลป์,เครื่องดนตรีและวงดนตรี,music,performing_arts
ภาคกลาง,พื้นที่ทางภูมิศาสตร์และวัฒนธรรมของไทย,บริบทเชิงประวัติศาสตร์ ภูมิศาสตร์ และพื้นที่,ภูมิศาสตร์และอาณาบริเวณ,เขตปกครองและภูมิภาค,place,historical_spatial
ยูเนสโก,องค์การการศึกษา วิทยาศาสตร์ และวัฒนธรรมแห่งสหประชาชาติ,บริบทเชิงประวัติศาสตร์ ภูมิศาสตร์ และพื้นที่,พื้นที่ทางวัฒนธรรมและสถาบัน,สถานที่จัดแสดงและเขตพระราชฐาน,place,historical_spatial
สมัยทวารวดี,ยุคสมัยทางประวัติศาสตร์ของไทยที่มีอิทธิพลจากวัฒนธรรมอินเดีย,บริบทเชิงประวัติศาสตร์ ภูมิศาสตร์ และพื้นที่,ยุคสมัยและเหตุการณ์สำคัญ,ลำดับเวลาและประวัติศาสตร์การสงคราม,concept,historical_spatial
รำคู่,การแสดงรำที่แสดงโดยคู่รำ,ศิลปะการแสดงและดนตรี,นาฏยศิลป์และการแสดง,กระบวนท่ารำและจารีตการแสดง,music,performing_arts
ไทยศิวาลัย,ชื่อเทพเจ้าในศาสนาฮินดู,วรรณคดีและสิ่งมีชีวิตเชิงตำนาน,นามานุกรมและประเภทตัวละคร,เทวปกรณ์ อสูร และอมนุษย์,character,performing_arts
พญาขร,ชื่อตัวละครในวรรณคดีไทย,วรรณคดีและสิ่งมีชีวิตเชิงตำนาน,นามานุกรมและประเภทตัวละคร,ตัวละครหลักและบทบาทในบทละคร,character,performing_arts
การปั้น,เทคนิคการสร้างรูปทรงด้วยดินหรือวัสดุอื่นๆ,วัฒนธรรมวัตถุ ศิลปกรรม และงานช่าง,ประณีตศิลป์และทัศนศิลป์,งานช่างศิลปกรรมและเทคนิควิธี,artifact,material_culture
ละครนอก,รูปแบบการแสดงละครไทยแบบดั้งเดิม,ศิลปะการแสดงและดนตรี,นาฏยศิลป์และการแสดง,รูปแบบการแสดงและนาฏศิลป์ท้องถิ่น,music,performing_arts
เครื่องดนตรีพื้นบ้าน,เครื่องดนตรีที่ใช้ในวัฒนธรรมท้องถิ่น,ศิลปะการแสดงและดนตรี,ดุริยางคศิลป์และคีตศิลป์,เครื่องดนตรีและวงดนตรี,music,performing_arts
เพลงยอดชายใจหาญ,บทเพลงที่มีเนื้อหาเกี่ยวกับความกล้าหาญ,ศิลปะการแสดงและดนตรี,ดุริยางคศิลป์และคีตศิลป์,ระเบียบวิธีทางดนตรีและประเภทบทเพลง,music,performing_arts
อีสาน,ภูมิภาคทางตะวันออกเฉียงเหนือของไทย,บริบทเชิงประวัติศาสตร์ ภูมิศาสตร์ และพื้นที่,ภูมิศาสตร์และอาณาบริเวณ,เขตปกครองและภูมิภาค,place,historical_spatial
ออกศึก,การออกไปทำสงคราม,บริบทเชิงประวัติศาสตร์ ภูมิศาสตร์ และพื้นที่,ยุคสมัยและเหตุการณ์สำคัญ,ลำดับเวลาและประวัติศาสตร์การสงคราม,concept,historical_spatial
พระแม่คงคา,เทพเจ้าแห่งแม่น้ำในศาสนาฮินดู,วรรณคดีและสิ่งมีชีวิตเชิงตำนาน,นามานุกรมและประเภทตัวละคร,เทวปกรณ์ อสูร และอมนุษย์,character,performing_arts
กลอุบาย,เทคนิคหรือวิธีการที่ใช้ในการแสดง,ศิลปะการแสดงและดนตรี,บุคลากรและทักษะทางศิลปะ,กลวิธีและสมรรถนะการแสดง,music,performing_arts
พระอุมา,เทพเจ้าในศาสนาฮินดู,วรรณคดีและสิ่งมีชีวิตเชิงตำนาน,นามานุกรมและประเภทตัวละคร,เทวปกรณ์ อสูร และอมนุษย์,character,performing_arts
คำร้อง,เนื้อเพลงที่ใช้ในการร้อง,ศิลปะการแสดงและดนตรี,ดุริยางคศิลป์และคีตศิลป์,ระเบียบวิธีทางดนตรีและประเภทบทเพลง,music,performing_arts
ขอขมา,การแสดงความสำนึกผิดและขออภัยอย่างเป็นทางการ,พิธีกรรม ความเชื่อ และจารีตวัฒนธรรม,จารีตประเพณีและพิธีกรรม,พิธีการสำคัญและจารีตทางสังคม,ritual,ritual_belief
ภาคตะวันออกเฉียงเหนือ,ภูมิภาคหนึ่งของประเทศไทย,บริบทเชิงประวัติศาสตร์ ภูมิศาสตร์ และพื้นที่,ภูมิศาสตร์และอาณาบริเวณ,เขตปกครองและภูมิภาค,place,historical_spatial
มลายู,กลุ่มชาติพันธุ์ในเอเชียตะวันออกเฉียงใต้,กลุ่มชาติพันธุ์ ชุมชน และวิถีชีวิต,อัตลักษณ์ทางสังคมและกลุ่มคน,กลุ่มชาติพันธุ์และชุมชนท้องถิ่น,community,community_life
ไทยทรงดำ,กลุ่มชาติพันธุ์ไทยที่มีวัฒนธรรมเฉพาะ,กลุ่มชาติพันธุ์ ชุมชน และวิถีชีวิต,อัตลักษณ์ทางสังคมและกลุ่มคน,กลุ่มชาติพันธุ์และชุมชนท้องถิ่น,community,community_life
มุกดาหาร,จังหวัดหนึ่งในประเทศไทย,บริบทเชิงประวัติศาสตร์ ภูมิศาสตร์ และพื้นที่,ภูมิศาสตร์และอาณาบริเวณ,เขตปกครองและภูมิภาค,place,historical_spatial
พระองค์,คำเรียกพระมหากษัตริย์หรือพระบรมวงศานุวงศ์,กลุ่มชาติพันธุ์ ชุมชน และวิถีชีวิต,โครงสร้างสังคมและบุคคลสำคัญ,ฐานันดรศักดิ์และบทบาททางสังคม,community,community_life
ละครใน,รูปแบบการแสดงละครไทยโบราณ,ศิลปะการแสดงและดนตรี,นาฏยศิลป์และการแสดง,รูปแบบการแสดงและนาฏศิลป์ท้องถิ่น,music,performing_arts
กุลสตรี,สตรีที่มีกิริยามารยาทดี,กลุ่มชาติพันธุ์ ชุมชน และวิถีชีวิต,โครงสร้างสังคมและบุคคลสำคัญ,ฐานันดรศักดิ์และบทบาททางสังคม,community,community_life
ฤาษี,นักบวชในศาสนาฮินดู,วรรณคดีและสิ่งมีชีวิตเชิงตำนาน,นามานุกรมและประเภทตัวละคร,เทวปกรณ์ อสูร และอมนุษย์,character,performing_arts
เพลงมอญดูดาว,เพลงไทยเดิมที่มีทำนองไพเราะ,ศิลปะการแสดงและดนตรี,ดุริยางคศิลป์และคีตศิลป์,ระเบียบวิธีทางดนตรีและประเภทบทเพลง,music,performing_arts
บุษราคัม,อัญมณีสีเหลือง,วัฒนธรรมวัตถุ ศิลปกรรม และงานช่าง,วัสดุและอัญมณี,วัสดุธรรมชาติและรัตนชาติ,artifact,material_culture
บูชายัญ,พิธีกรรมถวายสิ่งของเพื่อเป็นเครื่องสังเวย,พิธีกรรม ความเชื่อ และจารีตวัฒนธรรม,จารีตประเพณีและพิธีกรรม,พิธีการสำคัญและจารีตทางสังคม,ritual,ritual_belief
ข้าวเหนียว,อาหารหลักของคนไทยในบางภูมิภาค,กลุ่มชาติพันธุ์ ชุมชน และวิถีชีวิต,วิถีชีวิตและระบบเศรษฐกิจ,การประกอบอาชีพและโภชนาการ,community,community_life
สระอโนดาต,สระน้ำศักดิ์สิทธิ์ในคติพุทธ,บริบทเชิงประวัติศาสตร์ ภูมิศาสตร์ และพื้นที่,ภูมิศาสตร์และอาณาบริเวณ,พื้นที่ในคติความเชื่อและประวัติศาสตร์,concept,historical_spatial
สุพรรณมัจฉา,ปลาทองในวรรณคดีไทย,วรรณคดีและสิ่งมีชีวิตเชิงตำนาน,นามานุกรมและประเภทตัวละคร,ตัวละครหลักและบทบาทในบทละคร,character,performing_arts
พัดเรนัง,พัดที่ใช้ในราชสำนัก ทำจากใบตาลหรือวัสดุชั้นดี มักตกแต่งอย่างประณีต,วัฒนธรรมวัตถุ ศิลปกรรม และงานช่าง,พัสตราภรณ์และเครื่องแต่งกาย,ระเบียบการแต่งกายและอาวุธจำลอง,artifact,material_culture
บินหนี,การหลบหนีหรือหลีกเลี่ยงอย่างรวดเร็ว มักใช้ในบริบททางวรรณคดีหรือประวัติศาสตร์,วรรณคดีและสิ่งมีชีวิตเชิงตำนาน,นามานุกรมและประเภทตัวละคร,ตัวละครหลักและบทบาทในบทละคร,character,performing_arts
ภาคอีสาน,ภูมิภาคทางตะวันออกเฉียงเหนือของประเทศไทย มีวัฒนธรรมเฉพาะตัว,บริบทเชิงประวัติศาสตร์ ภูมิศาสตร์ และพื้นที่,ภูมิศาสตร์และอาณาบริเวณ,เขตปกครองและภูมิภาค,place,historical_spatial
แม่บท,แบบแผนหรือต้นแบบหลักในศิลปะการแสดงหรือดนตรี,ศิลปะการแสดงและดนตรี,นาฏยศิลป์และการแสดง,กระบวนท่ารำและจารีตการแสดง,music,performing_arts
ข่ายเหล็ก,เครื่องมือหรืออุปกรณ์ที่ทำจากเหล็กขัดกันเป็นร่างแห ใช้ในทางการทหารหรือการป้องกัน,วัฒนธรรมวัตถุ ศิลปกรรม และงานช่าง,พัสตราภรณ์และเครื่องแต่งกาย,ระเบียบการแต่งกายและอาวุธจำลอง,artifact,material_culture
ฝากตัว,การแสดงความนอบน้อมหรือขอเข้าเป็นบริวารของบุคคลที่มีฐานะสูงกว่า,กลุ่มชาติพันธุ์ ชุมชน และวิถีชีวิต,โครงสร้างสังคมและบุคคลสำคัญ,ฐานันดรศักดิ์และบทบาททางสังคม,community,community_life
การนุ่งห่ม,วิธีการแต่งกายตามประเพณีหรือสถานภาพทางสังคม,วัฒนธรรมวัตถุ ศิลปกรรม และงานช่าง,พัสตราภรณ์และเครื่องแต่งกาย,ระเบียบการแต่งกายและอาวุธจำลอง,artifact,material_culture
นางใน,สตรีที่รับใช้ในราชสำนักหรือเป็นตัวละครหญิงในวรรณคดี,วรรณคดีและสิ่งมีชีวิตเชิงตำนาน,นามานุกรมและประเภทตัวละคร,ตัวละครหลักและบทบาทในบทละคร,character,performing_arts
ฝ่ามือ,ส่วนของมือที่ใช้ในการแสดงท่าทางหรือศิลปะการต่อสู้,ศิลปะการแสดงและดนตรี,นาฏยศิลป์และการแสดง,กระบวนท่ารำและจารีตการแสดง,music,performing_arts
แม่ท่า,ท่าหลักหรือท่าพื้นฐานในศิลปะการแสดงหรือการรำ,ศิลปะการแสดงและดนตรี,นาฏยศิลป์และการแสดง,กระบวนท่ารำและจารีตการแสดง,music,performing_arts
ขันดอก,ภาชนะสำหรับใส่ดอกไม้หรือเครื่องบูชา มักใช้ในพิธีกรรม,พิธีกรรม ความเชื่อ และจารีตวัฒนธรรม,จารีตประเพณีและพิธีกรรม,พิธีการสำคัญและจารีตทางสังคม,ritual,ritual_belief
บุรี,เมืองหรือนครในวรรณคดีหรือประวัติศาสตร์,บริบทเชิงประวัติศาสตร์ ภูมิศาสตร์ และพื้นที่,ภูมิศาสตร์และอาณาบริเวณ,พื้นที่ในคติความเชื่อและประวัติศาสตร์,concept,historical_spatial
เพลงหน้าพาทย์,เพลงที่ใช้ประกอบการแสดงโขนหรือละคร มีทำนองเฉพาะ,ศิลปะการแสดงและดนตรี,ดุริยางคศิลป์และคีตศิลป์,ระเบียบวิธีทางดนตรีและประเภทบทเพลง,music,performing_arts
สากล,สิ่งที่ได้รับการยอมรับในระดับนานาชาติ หรืออาจหมายถึงเครื่องมือประเภทค้อน,วัฒนธรรมวัตถุ ศิลปกรรม และงานช่าง,วัสดุและอัญมณี,วัสดุธรรมชาติและรัตนชาติ,artifact,material_culture
ภารตนาฏยัม,รูปแบบการแสดงนาฏศิลป์คลาสสิกของอินเดีย,ศิลปะการแสดงและดนตรี,นาฏยศิลป์และการแสดง,รูปแบบการแสดงและนาฏศิลป์ท้องถิ่น,music,performing_arts
พระมหากษัตริย์,ประมุขแห่งรัฐในระบอบสมบูรณาญาสิทธิราชย์,กลุ่มชาติพันธุ์ ชุมชน และวิถีชีวิต,โครงสร้างสังคมและบุคคลสำคัญ,ฐานันดรศักดิ์และบทบาททางสังคม,community,community_life
กรุงรัตนโกสินทร์,ราชธานีของประเทศไทยตั้งแต่ปี 2325,บริบทเชิงประวัติศาสตร์ ภูมิศาสตร์ และพื้นที่,ภูมิศาสตร์และอาณาบริเวณ,เขตปกครองและภูมิภาค,place,historical_spatial
ลำนำ,บทกวีหรือคำประพันธ์สำหรับขับร้อง,ศิลปะการแสดงและดนตรี,ดุริยางคศิลป์และคีตศิลป์,ระเบียบวิธีทางดนตรีและประเภทบทเพลง,music,performing_arts
ตามเพลง,การร้องหรือบรรเลงดนตรีตามจังหวะ,ศิลปะการแสดงและดนตรี,ดุริยางคศิลป์และคีตศิลป์,ระเบียบวิธีทางดนตรีและประเภทบทเพลง,music,performing_arts
นางฟ้า,เทวดาหรือสิ่งเหนือธรรมชาติในวรรณคดี,วรรณคดีและสิ่งมีชีวิตเชิงตำนาน,นามานุกรมและประเภทตัวละคร,เทวปกรณ์ อสูร และอมนุษย์,character,performing_arts
การจับปลา,วิธีการหาปลาของชุมชนริมน้ำ,กลุ่มชาติพันธุ์ ชุมชน และวิถีชีวิต,วิถีชีวิตและระบบเศรษฐกิจ,การประกอบอาชีพและโภชนาการ,community,community_life
กาฬสินธุ์,จังหวัดในภาคตะวันออกเฉียงเหนือของไทย,บริบทเชิงประวัติศาสตร์ ภูมิศาสตร์ และพื้นที่,ภูมิศาสตร์และอาณาบริเวณ,เขตปกครองและภูมิภาค,place,historical_spatial
เพลงบูชานักรบ,บทเพลงสำหรับประกอบพิธีกรรมเกี่ยวกับนักรบ,พิธีกรรม ความเชื่อ และจารีตวัฒนธรรม,จารีตประเพณีและพิธีกรรม,พิธีการสำคัญและจารีตทางสังคม,ritual,ritual_belief
มัยราพณ์,ตัวละครยักษ์ในวรรณคดีรามเกียรติ์,วรรณคดีและสิ่งมีชีวิตเชิงตำนาน,นามานุกรมและประเภทตัวละคร,ตัวละครหลักและบทบาทในบทละคร,character,performing_arts
เพลงฝรั่งรำเท้า,ดนตรีที่มีอิทธิพลจากตะวันตก,ศิลปะการแสดงและดนตรี,ดุริยางคศิลป์และคีตศิลป์,ระเบียบวิธีทางดนตรีและประเภทบทเพลง,music,performing_arts
น้องสาว,คำเรียกผู้หญิงที่เกิดจากพ่อแม่เดียวกันและอายุน้อยกว่า,กลุ่มชาติพันธุ์ ชุมชน และวิถีชีวิต,อัตลักษณ์ทางสังคมและกลุ่มคน,กลุ่มชาติพันธุ์และชุมชนท้องถิ่น,community,community_life
วาดรูป,การสร้างภาพด้วยเส้นและสีบนพื้นผิว,วัฒนธรรมวัตถุ ศิลปกรรม และงานช่าง,ประณีตศิลป์และทัศนศิลป์,งานช่างศิลปกรรมและเทคนิควิธี,artifact,material_culture
ภาพจิตรกรรมฝาผนัง,งานศิลปะที่เขียนบนผนังอาคาร,วัฒนธรรมวัตถุ ศิลปกรรม และงานช่าง,ประณีตศิลป์และทัศนศิลป์,งานช่างศิลปกรรมและเทคนิควิธี,artifact,material_culture
ทำนาย,การคาดการณ์เหตุการณ์ในอนาคต,พิธีกรรม ความเชื่อ และจารีตวัฒนธรรม,ระบบความเชื่อและศาสนา,คติทางศาสนาและสิ่งศักดิ์สิทธิ์,deity,ritual_belief
บุหงา,เครื่องหอมหรือดอกไม้แห้งสำหรับบูชา,พิธีกรรม ความเชื่อ และจารีตวัฒนธรรม,ระบบความเชื่อและศาสนา,คติทางศาสนาและสิ่งศักดิ์สิทธิ์,deity,ritual_belief
ประชิดตัว,การเข้าใกล้หรือจู่โจมในระยะใกล้,ศิลปะการแสดงและดนตรี,นาฏยศิลป์และการแสดง,กระบวนท่ารำและจารีตการแสดง,music,performing_arts
พระเมรุ,เมรุเผาศพสำหรับพระมหากษัตริย์หรือเจ้านายชั้นสูง,พิธีกรรม ความเชื่อ และจารีตวัฒนธรรม,จารีตประเพณีและพิธีกรรม,พิธีการสำคัญและจารีตทางสังคม,ritual,ritual_belief
ไทยเรือนต้น,รูปแบบสถาปัตยกรรมไทยดั้งเดิม,วัฒนธรรมวัตถุ ศิลปกรรม และงานช่าง,สถาปัตยกรรมและพุทธศิลป์,ศาสนสถานและปูชนียวัตถุ,artifact,material_culture
ชุมพร,จังหวัดในภาคใต้ของไทย,บริบทเชิงประวัติศาสตร์ ภูมิศาสตร์ และพื้นที่,ภูมิศาสตร์และอาณาบริเวณ,เขตปกครองและภูมิภาค,place,historical_spatial
นางอัปสราบายน,นางฟ้าหรือเทพอัปสรในวรรณคดี,วรรณคดีและสิ่งมีชีวิตเชิงตำนาน,นามานุกรมและประเภทตัวละคร,เทวปกรณ์ อสูร และอมนุษย์,character,performing_arts
ศรพาลจันทร์,ชื่ออาวุธในวรรณคดี,วรรณคดีและสิ่งมีชีวิตเชิงตำนาน,นามานุกรมและประเภทตัวละคร,ตัวละครหลักและบทบาทในบทละคร,character,performing_arts
แสงอาทิตย์,แสงจากดวงอาทิตย์,บริบทเชิงประวัติศาสตร์ ภูมิศาสตร์ และพื้นที่,ภูมิศาสตร์และอาณาบริเวณ,พื้นที่ในคติความเชื่อและประวัติศาสตร์,concept,historical_spatial
ต้นลีลาวดี,ไม้ดอกที่มีความสำคัญในวัฒนธรรมไทย,กลุ่มชาติพันธุ์ ชุมชน และวิถีชีวิต,วิถีชีวิตและพฤติกรรมทางสังคม,จารีตการปฏิบัติและพรรณไม้ในวิถีชีวิต,community,community_life
หนังใหญ่,การแสดงพื้นบ้านไทยใช้หนังสัตว์ทำเป็นตัวละคร,ศิลปะการแสดงและดนตรี,นาฏยศิลป์และการแสดง,รูปแบบการแสดงและนาฏศิลป์ท้องถิ่น,music,performing_arts
มหาสมุทร,ผืนน้ำขนาดใหญ่,บริบทเชิงประวัติศาสตร์ ภูมิศาสตร์ และพื้นที่,ภูมิศาสตร์และอาณาบริเวณ,พื้นที่ในคติความเชื่อและประวัติศาสตร์,concept,historical_spatial
กินรี,นกในตำนานที่มีรูปร่างครึ่งนกครึ่งมนุษย์,วรรณคดีและสิ่งมีชีวิตเชิงตำนาน,นามานุกรมและประเภทตัวละคร,เทวปกรณ์ อสูร และอมนุษย์,character,performing_arts
การไถ,กระบวนการเตรียมดินสำหรับเพาะปลูก,กลุ่มชาติพันธุ์ ชุมชน และวิถีชีวิต,วิถีชีวิตและระบบเศรษฐกิจ,การประกอบอาชีพและโภชนาการ,community,community_life
อาณาประชาราษฎร์,ประชาชนในอาณาเขตปกครอง,กลุ่มชาติพันธุ์ ชุมชน และวิถีชีวิต,โครงสร้างสังคมและบุคคลสำคัญ,ฐานันดรศักดิ์และบทบาททางสังคม,community,community_life
ระบำมาตรฐาน,การแสดงรำที่เป็นแบบแผน,ศิลปะการแสดงและดนตรี,นาฏยศิลป์และการแสดง,กระบวนท่ารำและจารีตการแสดง,music,performing_arts
เกราะลอ,เครื่องดนตรีประเภทเครื่องกระทบ,ศิลปะการแสดงและดนตรี,ดุริยางคศิลป์และคีตศิลป์,เครื่องดนตรีและวงดนตรี,music,performing_arts
เมขลา,นางฟ้าในตำนานไทยที่มักปรากฏในวรรณคดีและนิทานพื้นบ้าน,วรรณคดีและสิ่งมีชีวิตเชิงตำนาน,นามานุกรมและประเภทตัวละคร,เทวปกรณ์ อสูร และอมนุษย์,character,performing_arts
บุรีรัมย์,จังหวัดหนึ่งในประเทศไทยที่มีประวัติศาสตร์และวัฒนธรรมเฉพาะตัว,บริบทเชิงประวัติศาสตร์ ภูมิศาสตร์ และพื้นที่,ภูมิศาสตร์และอาณาบริเวณ,เขตปกครองและภูมิภาค,place,historical_spatial
ฉุยฉาย,ท่ารำแบบหนึ่งในนาฏศิลป์ไทยที่มีลักษณะอ่อนช้อย,ศิลปะการแสดงและดนตรี,นาฏยศิลป์และการแสดง,กระบวนท่ารำและจารีตการแสดง,music,performing_arts
เทพเจ้า,สิ่งศักดิ์สิทธิ์ในความเชื่อทางศาสนาและตำนาน,พิธีกรรม ความเชื่อ และจารีตวัฒนธรรม,ระบบความเชื่อและศาสนา,คติทางศาสนาและสิ่งศักดิ์สิทธิ์,deity,ritual_belief
ทะเล,พื้นที่น้ำขนาดใหญ่ในภูมิศาสตร์ธรรมชาติ,บริบทเชิงประวัติศาสตร์ ภูมิศาสตร์ และพื้นที่,ภูมิศาสตร์และอาณาบริเวณ,พื้นที่ในคติความเชื่อและประวัติศาสตร์,concept,historical_spatial
กินเนสส์บุ๊ค,หนังสือบันทึกสถิติโลกที่มีต้นกำเนิดจากต่างประเทศ,วัฒนธรรมวัตถุ ศิลปกรรม และงานช่าง,ประณีตศิลป์และทัศนศิลป์,งานช่างศิลปกรรมและเทคนิควิธี,artifact,material_culture
พระญาติ,เครือญาติของพระมหากษัตริย์หรือพระบรมวงศานุวงศ์,กลุ่มชาติพันธุ์ ชุมชน และวิถีชีวิต,โครงสร้างสังคมและบุคคลสำคัญ,ฐานันดรศักดิ์และบทบาททางสังคม,community,community_life
กลายร่าง,การเปลี่ยนรูปร่างในตำนานหรือความเชื่อไสยศาสตร์,พิธีกรรม ความเชื่อ และจารีตวัฒนธรรม,คติความเชื่อและไสยศาสตร์,การขจัดปัดเป่าและอำนาจเหนือธรรมชาติ,mythical_being,ritual_belief
ขัดตาทัพ,การเตรียมกำลังเพื่อต่อต้านหรือขัดขวางข้าศึกในสงคราม,บริบทเชิงประวัติศาสตร์ ภูมิศาสตร์ และพื้นที่,ยุคสมัยและเหตุการณ์สำคัญ,ลำดับเวลาและประวัติศาสตร์การสงคราม,concept,historical_spatial
ถอยทัพ,การเคลื่อนกำลังทหารออกจากสนามรบ,บริบทเชิงประวัติศาสตร์ ภูมิศาสตร์ และพื้นที่,ยุคสมัยและเหตุการณ์สำคัญ,ลำดับเวลาและประวัติศาสตร์การสงคราม,concept,historical_spatial
ใบชา,ส่วนของพืชที่ใช้ชงเป็นเครื่องดื่มในวัฒนธรรมการกิน,กลุ่มชาติพันธุ์ ชุมชน และวิถีชีวิต,วิถีชีวิตและระบบเศรษฐกิจ,การประกอบอาชีพและโภชนาการ,community,community_life
ตะกร้อ,กีฬาพื้นบ้านไทยที่ใช้ลูกหวายเตะต่อกัน,กลุ่มชาติพันธุ์ ชุมชน และวิถีชีวิต,วิถีชีวิตและพฤติกรรมทางสังคม,จารีตการปฏิบัติและพรรณไม้ในวิถีชีวิต,community,community_life
อาสา,การสมัครใจเข้าร่วมกิจกรรมหรือปฏิบัติหน้าที่,กลุ่มชาติพันธุ์ ชุมชน และวิถีชีวิต,วิถีชีวิตและพฤติกรรมทางสังคม,จารีตการปฏิบัติและพรรณไม้ในวิถีชีวิต,community,community_life
ตีลังกา,ท่าการแสดงหรือการเคลื่อนไหวร่างกายโดยการพลิกตัวกลางอากาศ,ศิลปะการแสดงและดนตรี,นาฏยศิลป์และการแสดง,กระบวนท่ารำและจารีตการแสดง,music,performing_arts
บรรพบุรุษ,บุคคลในอดีตที่เป็นต้นตระกูลหรือผู้ให้กำเนิด,กลุ่มชาติพันธุ์ ชุมชน และวิถีชีวิต,โครงสร้างสังคมและบุคคลสำคัญ,ฐานันดรศักดิ์และบทบาททางสังคม,community,community_life
ออกรบ,การออกไปทำสงครามหรือการต่อสู้,บริบทเชิงประวัติศาสตร์ ภูมิศาสตร์ และพื้นที่,ยุคสมัยและเหตุการณ์สำคัญ,ลำดับเวลาและประวัติศาสตร์การสงคราม,concept,historical_spatial
กลุ่มชาติพันธุ์,กลุ่มคนที่มีวัฒนธรรมและภาษาเดียวกัน,กลุ่มชาติพันธุ์ ชุมชน และวิถีชีวิต,อัตลักษณ์ทางสังคมและกลุ่มคน,กลุ่มชาติพันธุ์และชุมชนท้องถิ่น,community,community_life
ขี่ม้า,การนั่งบนหลังม้าเพื่อเคลื่อนที่,กลุ่มชาติพันธุ์ ชุมชน และวิถีชีวิต,วิถีชีวิตและพฤติกรรมทางสังคม,จารีตการปฏิบัติและพรรณไม้ในวิถีชีวิต,community,community_life
น้ำมันยาง,สารที่ได้จากต้นยาง ใช้ในงานศิลปะและงานช่าง,วัฒนธรรมวัตถุ ศิลปกรรม และงานช่าง,วัสดุและอัญมณี,วัสดุธรรมชาติและรัตนชาติ,artifact,material_culture
มีฤทธิ์,มีอำนาจหรือความสามารถเหนือธรรมชาติ,พิธีกรรม ความเชื่อ และจารีตวัฒนธรรม,คติความเชื่อและไสยศาสตร์,การขจัดปัดเป่าและอำนาจเหนือธรรมชาติ,mythical_being,ritual_belief
ฉลองพระองค์,เครื่องแต่งกายของพระมหากษัตริย์,วัฒนธรรมวัตถุ ศิลปกรรม และงานช่าง,พัสตราภรณ์และเครื่องแต่งกาย,ระเบียบการแต่งกายและอาวุธจำลอง,artifact,material_culture
สมัยสุโขทัย,ยุคสมัยทางประวัติศาสตร์ของไทย,บริบทเชิงประวัติศาสตร์ ภูมิศาสตร์ และพื้นที่,ยุคสมัยและเหตุการณ์สำคัญ,ลำดับเวลาและประวัติศาสตร์การสงคราม,concept,historical_spatial
พระอินทร์,เทพเจ้าในศาสนาพราหมณ์-ฮินดู,วรรณคดีและสิ่งมีชีวิตเชิงตำนาน,นามานุกรมและประเภทตัวละคร,เทวปกรณ์ อสูร และอมนุษย์,character,performing_arts
การต่อสู้,การปะทะกันระหว่างบุคคลหรือกลุ่ม,บริบทเชิงประวัติศาสตร์ ภูมิศาสตร์ และพื้นที่,ยุคสมัยและเหตุการณ์สำคัญ,ลำดับเวลาและประวัติศาสตร์การสงคราม,concept,historical_spatial
พระนิพนธ์,งานเขียนของพระมหากษัตริย์,วรรณคดีและสิ่งมีชีวิตเชิงตำนาน,นามานุกรมและประเภทตัวละคร,ตัวละครหลักและบทบาทในบทละคร,character,performing_arts
การโปรย,การปล่อยสิ่งของให้ตกลงมา,พิธีกรรม ความเชื่อ และจารีตวัฒนธรรม,จารีตประเพณีและพิธีกรรม,พิธีการสำคัญและจารีตทางสังคม,ritual,ritual_belief
ดาวดึงส์,สวรรค์ชั้นที่สองในคติพุทธ,พิธีกรรม ความเชื่อ และจารีตวัฒนธรรม,ระบบความเชื่อและศาสนา,คติทางศาสนาและสิ่งศักดิ์สิทธิ์,deity,ritual_belief
กลางคืน,ช่วงเวลาหลังพระอาทิตย์ตก,กลุ่มชาติพันธุ์ ชุมชน และวิถีชีวิต,วิถีชีวิตและพฤติกรรมทางสังคม,จารีตการปฏิบัติและพรรณไม้ในวิถีชีวิต,community,community_life
เพลงฟ้อนดวงดอกไม้,เพลงประกอบการแสดงฟ้อนดวงดอกไม้,ศิลปะการแสดงและดนตรี,ดุริยางคศิลป์และคีตศิลป์,ระเบียบวิธีทางดนตรีและประเภทบทเพลง,music,performing_arts
ดนตรีไทย,ดนตรีที่มีลักษณะเฉพาะของไทย,ศิลปะการแสดงและดนตรี,ดุริยางคศิลป์และคีตศิลป์,ระเบียบวิธีทางดนตรีและประเภทบทเพลง,music,performing_arts
พระราชบัญชา,คำสั่งของพระมหากษัตริย์,กลุ่มชาติพันธุ์ ชุมชน และวิถีชีวิต,โครงสร้างสังคมและบุคคลสำคัญ,ฐานันดรศักดิ์และบทบาททางสังคม,community,community_life
วันทอง,ตัวละครหญิงในวรรณคดีไทย,วรรณคดีและสิ่งมีชีวิตเชิงตำนาน,นามานุกรมและประเภทตัวละคร,ตัวละครหลักและบทบาทในบทละคร,character,performing_arts
นาฏศิลป์อินเดีย,ศิลปะการแสดงที่มาจากอินเดีย,ศิลปะการแสดงและดนตรี,นาฏยศิลป์และการแสดง,กระบวนท่ารำและจารีตการแสดง,music,performing_arts
แว่นแก้วสุรกานต์,วัตถุวิเศษในวรรณคดี,วรรณคดีและสิ่งมีชีวิตเชิงตำนาน,นามานุกรมและประเภทตัวละคร,เทวปกรณ์ อสูร และอมนุษย์,character,performing_arts
อุปราช,ตำแหน่งรองจากพระมหากษัตริย์,กลุ่มชาติพันธุ์ ชุมชน และวิถีชีวิต,โครงสร้างสังคมและบุคคลสำคัญ,ฐานันดรศักดิ์และบทบาททางสังคม,community,community_life
ดอกไม้เงิน,เครื่องประดับรูปดอกไม้ทำจากเงิน,วัฒนธรรมวัตถุ ศิลปกรรม และงานช่าง,วัสดุและอัญมณี,วัสดุธรรมชาติและรัตนชาติ,artifact,material_culture
ภาคเหนือ,พื้นที่ทางภูมิศาสตร์ของไทย,บริบทเชิงประวัติศาสตร์ ภูมิศาสตร์ และพื้นที่,ภูมิศาสตร์และอาณาบริเวณ,เขตปกครองและภูมิภาค,place,historical_spatial
เพลงคืนเดือนหงาย,บทเพลงไทยเดิม,ศิลปะการแสดงและดนตรี,ดุริยางคศิลป์และคีตศิลป์,ระเบียบวิธีทางดนตรีและประเภทบทเพลง,music,performing_arts
แปลงกาย,การเปลี่ยนรูปร่างในตำนาน,วรรณคดีและสิ่งมีชีวิตเชิงตำนาน,นามานุกรมและประเภทตัวละคร,เทวปกรณ์ อสูร และอมนุษย์,character,performing_arts
ฤดูฝน,ช่วงเวลาที่มีฝนตกชุก,กลุ่มชาติพันธุ์ ชุมชน และวิถีชีวิต,วิถีชีวิตและระบบเศรษฐกิจ,การประกอบอาชีพและโภชนาการ,community,community_life
เทพนิยาย,เรื่องเล่าเกี่ยวกับเทพเจ้า,วรรณคดีและสิ่งมีชีวิตเชิงตำนาน,นามานุกรมและประเภทตัวละคร,เทวปกรณ์ อสูร และอมนุษย์,character,performing_arts
โอรส,ลูกชายของกษัตริย์,กลุ่มชาติพันธุ์ ชุมชน และวิถีชีวิต,โครงสร้างสังคมและบุคคลสำคัญ,ฐานันดรศักดิ์และบทบาททางสังคม,community,community_life
เขาไกลลาศ,สถานที่ในวรรณคดีและความเชื่อ,บริบทเชิงประวัติศาสตร์ ภูมิศาสตร์ และพื้นที่,ภูมิศาสตร์และอาณาบริเวณ,พื้นที่ในคติความเชื่อและประวัติศาสตร์,concept,historical_spatial
ไทยอมรินทร์,หนังสือพิมพ์เก่าแก่ของไทย,บริบทเชิงประวัติศาสตร์ ภูมิศาสตร์ และพื้นที่,ยุคสมัยและเหตุการณ์สำคัญ,ลำดับเวลาและประวัติศาสตร์การสงคราม,concept,historical_spatial
พวงมาลัย,เครื่องประดับดอกไม้สำหรับบูชาหรือมอบให้,พิธีกรรม ความเชื่อ และจารีตวัฒนธรรม,จารีตประเพณีและพิธีกรรม,พิธีการสำคัญและจารีตทางสังคม,ritual,ritual_belief
กาญจนบุรี,จังหวัดในประเทศไทย,บริบทเชิงประวัติศาสตร์ ภูมิศาสตร์ และพื้นที่,ภูมิศาสตร์และอาณาบริเวณ,เขตปกครองและภูมิภาค,place,historical_spatial
มารีศ,ชื่อบุคคลหรือตัวละคร,วรรณคดีและสิ่งมีชีวิตเชิงตำนาน,นามานุกรมและประเภทตัวละคร,ตัวละครหลักและบทบาทในบทละคร,character,performing_arts
ผู้ครองนคร,บุคคลผู้ปกครองเมืองหรือนคร,กลุ่มชาติพันธุ์ ชุมชน และวิถีชีวิต,โครงสร้างสังคมและบุคคลสำคัญ,ฐานันดรศักดิ์และบทบาททางสังคม,community,community_life
ไพร่พล,กลุ่มคนหรือทหาร,กลุ่มชาติพันธุ์ ชุมชน และวิถีชีวิต,โครงสร้างสังคมและบุคคลสำคัญ,ฐานันดรศักดิ์และบทบาททางสังคม,community,community_life
อินโดนีเซีย,ประเทศในเอเชียตะวันออกเฉียงใต้,บริบทเชิงประวัติศาสตร์ ภูมิศาสตร์ และพื้นที่,ภูมิศาสตร์และอาณาบริเวณ,เขตปกครองและภูมิภาค,place,historical_spatial
ปิดหน้า,การปิดบังใบหน้า,ศิลปะการแสดงและดนตรี,นาฏยศิลป์และการแสดง,กระบวนท่ารำและจารีตการแสดง,music,performing_arts
ลูกไม้,เครื่องประดับหรือลูกปัด,วัฒนธรรมวัตถุ ศิลปกรรม และงานช่าง,พัสตราภรณ์และเครื่องแต่งกาย,ระเบียบการแต่งกายและอาวุธจำลอง,artifact,material_culture
เล่นน้ำ,กิจกรรมทางน้ำ,กลุ่มชาติพันธุ์ ชุมชน และวิถีชีวิต,วิถีชีวิตและพฤติกรรมทางสังคม,จารีตการปฏิบัติและพรรณไม้ในวิถีชีวิต,community,community_life
หลบหนี,การหลีกเลี่ยงหรือหนี,วรรณคดีและสิ่งมีชีวิตเชิงตำนาน,นามานุกรมและประเภทตัวละคร,ตัวละครหลักและบทบาทในบทละคร,character,performing_arts
โปรตุเกส,ประเทศในยุโรป,บริบทเชิงประวัติศาสตร์ ภูมิศาสตร์ และพื้นที่,ภูมิศาสตร์และอาณาบริเวณ,เขตปกครองและภูมิภาค,place,historical_spatial
ภาพจำหลัก,ภาพแกะสลัก,วัฒนธรรมวัตถุ ศิลปกรรม และงานช่าง,ประณีตศิลป์และทัศนศิลป์,งานช่างศิลปกรรมและเทคนิควิธี,artifact,material_culture
กิจวัตร,กิจกรรมประจำวัน,กลุ่มชาติพันธุ์ ชุมชน และวิถีชีวิต,วิถีชีวิตและพฤติกรรมทางสังคม,จารีตการปฏิบัติและพรรณไม้ในวิถีชีวิต,community,community_life
การเก็บใบชา,กระบวนการเก็บเกี่ยวใบชา,กลุ่มชาติพันธุ์ ชุมชน และวิถีชีวิต,วิถีชีวิตและระบบเศรษฐกิจ,การประกอบอาชีพและโภชนาการ,community,community_life
บุตรชาย,ลูกชาย,กลุ่มชาติพันธุ์ ชุมชน และวิถีชีวิต,โครงสร้างสังคมและบุคคลสำคัญ,ฐานันดรศักดิ์และบทบาททางสังคม,community,community_life
ศิลปินแห่งชาติ,บุคคลที่ได้รับการยกย่องด้านศิลปะ,ศิลปะการแสดงและดนตรี,บุคลากรและทักษะทางศิลปะ,กลวิธีและสมรรถนะการแสดง,music,performing_arts
วังหน้า,ตำแหน่งพระมหาอุปราชในสมัยโบราณ,บริบทเชิงประวัติศาสตร์ ภูมิศาสตร์ และพื้นที่,พื้นที่ทางวัฒนธรรมและสถาบัน,สถานที่จัดแสดงและเขตพระราชฐาน,place,historical_spatial
เจ้าพระยา,แม่น้ำสายสำคัญของไทย,บริบทเชิงประวัติศาสตร์ ภูมิศาสตร์ และพื้นที่,ภูมิศาสตร์และอาณาบริเวณ,เขตปกครองและภูมิภาค,place,historical_spatial
กากนาสูร,อมนุษย์ในวรรณคดีไทย,วรรณคดีและสิ่งมีชีวิตเชิงตำนาน,นามานุกรมและประเภทตัวละคร,เทวปกรณ์ อสูร และอมนุษย์,character,performing_arts
รจนา,ตัวละครหญิงในวรรณคดีไทย,วรรณคดีและสิ่งมีชีวิตเชิงตำนาน,นามานุกรมและประเภทตัวละคร,ตัวละครหลักและบทบาทในบทละคร,character,performing_arts
กวางทอง,สัตว์ในตำนานไทย,วรรณคดีและสิ่งมีชีวิตเชิงตำนาน,นามานุกรมและประเภทตัวละคร,เทวปกรณ์ อสูร และอมนุษย์,character,performing_arts
นิลพาหุ,ชื่อยักษ์ในวรรณคดีไทย,วรรณคดีและสิ่งมีชีวิตเชิงตำนาน,นามานุกรมและประเภทตัวละคร,เทวปกรณ์ อสูร และอมนุษย์,character,performing_arts
พระเจ้าชัยวรมัน,กษัตริย์ในประวัติศาสตร์เขมร,บริบทเชิงประวัติศาสตร์ ภูมิศาสตร์ และพื้นที่,ยุคสมัยและเหตุการณ์สำคัญ,ลำดับเวลาและประวัติศาสตร์การสงคราม,concept,historical_spatial
แม่น้ำ,แหล่งน้ำธรรมชาติ,บริบทเชิงประวัติศาสตร์ ภูมิศาสตร์ และพื้นที่,ภูมิศาสตร์และอาณาบริเวณ,เขตปกครองและภูมิภาค,place,historical_spatial
ประทาน,การมอบให้โดยผู้มีอำนาจ,กลุ่มชาติพันธุ์ ชุมชน และวิถีชีวิต,โครงสร้างสังคมและบุคคลสำคัญ,ฐานันดรศักดิ์และบทบาททางสังคม,community,community_life
กรมศิลปากร,หน่วยงานรัฐดูแลศิลปวัฒนธรรม,วัฒนธรรมวัตถุ ศิลปกรรม และงานช่าง,ประณีตศิลป์และทัศนศิลป์,งานช่างศิลปกรรมและเทคนิควิธี,artifact,material_culture
เดินอากาศ,การแสดงนาฏศิลป์ไทย,ศิลปะการแสดงและดนตรี,นาฏยศิลป์และการแสดง,กระบวนท่ารำและจารีตการแสดง,music,performing_arts
หายตัว,ความสามารถเหนือธรรมชาติ,พิธีกรรม ความเชื่อ และจารีตวัฒนธรรม,คติความเชื่อและไสยศาสตร์,การขจัดปัดเป่าและอำนาจเหนือธรรมชาติ,mythical_being,ritual_belief
บูชาครู,พิธีกรรมแสดงความเคารพครู,พิธีกรรม ความเชื่อ และจารีตวัฒนธรรม,จารีตประเพณีและพิธีกรรม,พิธีการสำคัญและจารีตทางสังคม,ritual,ritual_belief
ผึ่งแดด,การตากแดดของสิ่งของ,กลุ่มชาติพันธุ์ ชุมชน และวิถีชีวิต,วิถีชีวิตและพฤติกรรมทางสังคม,จารีตการปฏิบัติและพรรณไม้ในวิถีชีวิต,community,community_life
เจ้าเงาะ,ตัวละครในวรรณคดีไทย,วรรณคดีและสิ่งมีชีวิตเชิงตำนาน,นามานุกรมและประเภทตัวละคร,ตัวละครหลักและบทบาทในบทละคร,character,performing_arts
กาลสูร,ยักษ์ในวรรณคดีไทยที่มีลักษณะคล้ายสิงโต,วรรณคดีและสิ่งมีชีวิตเชิงตำนาน,นามานุกรมและประเภทตัวละคร,เทวปกรณ์ อสูร และอมนุษย์,character,performing_arts
ลอยกระทง,ประเพณีไทยที่เกี่ยวข้องกับการลอยกระทงในน้ำเพื่อขอขมาแม่น้ำ,พิธีกรรม ความเชื่อ และจารีตวัฒนธรรม,จารีตประเพณีและพิธีกรรม,พิธีการสำคัญและจารีตทางสังคม,ritual,ritual_belief
ศีรษะ,ส่วนหัวของร่างกายมนุษย์หรือสัตว์,วัฒนธรรมวัตถุ ศิลปกรรม และงานช่าง,พัสตราภรณ์และเครื่องแต่งกาย,ระเบียบการแต่งกายและอาวุธจำลอง,artifact,material_culture
การขึ้นลอย,พิธีกรรมในการลอยกระทงหรือวัตถุอื่นๆ ในน้ำ,พิธีกรรม ความเชื่อ และจารีตวัฒนธรรม,จารีตประเพณีและพิธีกรรม,พิธีการสำคัญและจารีตทางสังคม,ritual,ritual_belief
ตัวพระ,ตัวละครชายหลักในวรรณคดีหรือการแสดง,วรรณคดีและสิ่งมีชีวิตเชิงตำนาน,นามานุกรมและประเภทตัวละคร,ตัวละครหลักและบทบาทในบทละคร,character,performing_arts
วิรุญจำบัง,ความสามารถในการหายตัวหรือแปลงกายในตำนาน,วรรณคดีและสิ่งมีชีวิตเชิงตำนาน,นามานุกรมและประเภทตัวละคร,เทวปกรณ์ อสูร และอมนุษย์,character,performing_arts
ยมะ,เทพเจ้าแห่งความตายในศาสนาพราหมณ์-ฮินดู,พิธีกรรม ความเชื่อ และจารีตวัฒนธรรม,ระบบความเชื่อและศาสนา,คติทางศาสนาและสิ่งศักดิ์สิทธิ์,deity,ritual_belief
ปราสาทเมืองสิงห์,ปราสาทหินโบราณในจังหวัดกาญจนบุรี,บริบทเชิงประวัติศาสตร์ ภูมิศาสตร์ และพื้นที่,ภูมิศาสตร์และอาณาบริเวณ,พื้นที่ในคติความเชื่อและประวัติศาสตร์,place,historical_spatial
ปราสาทหินพิมาย,ปราสาทหินโบราณในจังหวัดนครราชสีมา,บริบทเชิงประวัติศาสตร์ ภูมิศาสตร์ และพื้นที่,ภูมิศาสตร์และอาณาบริเวณ,พื้นที่ในคติความเชื่อและประวัติศาสตร์,concept,historical_spatial
รามเกียรติ์,มหากาพย์ไทยที่ดัดแปลงจากรามายณะของอินเดีย,วรรณคดีและสิ่งมีชีวิตเชิงตำนาน,นามานุกรมและประเภทตัวละคร,ตัวละครหลักและบทบาทในบทละคร,character,ramakien
การเกี้ยวพาราสี,การแสดงความรักหรือการเกี้ยวพาราสีในวรรณคดีหรือการแสดง,ศิลปะการแสดงและดนตรี,นาฏยศิลป์และการแสดง,กระบวนท่ารำและจารีตการแสดง,music,performing_arts
ไทยบรมพิมาน,ส่วนหนึ่งของพระบรมมหาราชวังที่ใช้สำหรับพระราชพิธี,บริบทเชิงประวัติศาสตร์ ภูมิศาสตร์ และพื้นที่,พื้นที่ทางวัฒนธรรมและสถาบัน,สถานที่จัดแสดงและเขตพระราชฐาน,place,historical_spatial
การทอ,กระบวนการสร้างผ้าหรือสิ่งทอด้วยเครื่องมือทอผ้า,วัฒนธรรมวัตถุ ศิลปกรรม และงานช่าง,วัสดุและอัญมณี,วัสดุธรรมชาติและรัตนชาติ,artifact,material_culture
ไม้ยาว,เครื่องดนตรีไทยประเภทเครื่องตีที่มีลักษณะเป็นไม้ยาว,ศิลปะการแสดงและดนตรี,ดุริยางคศิลป์และคีตศิลป์,เครื่องดนตรีและวงดนตรี,music,performing_arts
วานร,ลิงหรือวานรในวรรณคดีไทย เช่น หนุมาน,วรรณคดีและสิ่งมีชีวิตเชิงตำนาน,นามานุกรมและประเภทตัวละคร,เทวปกรณ์ อสูร และอมนุษย์,character,performing_arts
ฟองน้ำ,วัสดุธรรมชาติที่มีลักษณะเป็นรูพรุน ใช้สำหรับซับน้ำหรือทำความสะอาด,วัฒนธรรมวัตถุ ศิลปกรรม และงานช่าง,วัสดุและอัญมณี,วัสดุธรรมชาติและรัตนชาติ,artifact,material_culture
ท่วงทำนอง,ลักษณะหรือแบบแผนของทำนองเพลง,ศิลปะการแสดงและดนตรี,ดุริยางคศิลป์และคีตศิลป์,ระเบียบวิธีทางดนตรีและประเภทบทเพลง,music,performing_arts
โอดิสสี,ตัวละครในมหากาพย์กรีกโบราณ,วรรณคดีและสิ่งมีชีวิตเชิงตำนาน,นามานุกรมและประเภทตัวละคร,ตัวละครหลักและบทบาทในบทละคร,character,performing_arts
กุมภกรรณ,ยักษ์ในวรรณคดีไทยที่มีหูเป็นกรรไกร,วรรณคดีและสิ่งมีชีวิตเชิงตำนาน,นามานุกรมและประเภทตัวละคร,เทวปกรณ์ อสูร และอมนุษย์,character,performing_arts
พญาผานอง,ชื่อตัวละครหรือบุคคลสำคัญในวรรณคดีหรือประวัติศาสตร์,วรรณคดีและสิ่งมีชีวิตเชิงตำนาน,นามานุกรมและประเภทตัวละคร,ตัวละครหลักและบทบาทในบทละคร,character,performing_arts
เพลงไทย,ดนตรีแบบดั้งเดิมของไทย,ศิลปะการแสดงและดนตรี,ดุริยางคศิลป์และคีตศิลป์,ระเบียบวิธีทางดนตรีและประเภทบทเพลง,music,performing_arts
ละครดึกดำบรรพ์,รูปแบบการแสดงละครโบราณของไทย,ศิลปะการแสดงและดนตรี,นาฏยศิลป์และการแสดง,รูปแบบการแสดงและนาฏศิลป์ท้องถิ่น,music,performing_arts
เขาสัตภัณฑ์,สถานที่ในวรรณคดีหรือประวัติศาสตร์,บริบทเชิงประวัติศาสตร์ ภูมิศาสตร์ และพื้นที่,ภูมิศาสตร์และอาณาบริเวณ,พื้นที่ในคติความเชื่อและประวัติศาสตร์,concept,historical_spatial
ผู้แสดงฝ่ายหญิง,นักแสดงหญิงในการแสดงนาฏศิลป์,ศิลปะการแสดงและดนตรี,บุคลากรและทักษะทางศิลปะ,กลวิธีและสมรรถนะการแสดง,music,performing_arts
ไทภูเขา,กลุ่มชาติพันธุ์ที่อาศัยในพื้นที่ภูเขา,กลุ่มชาติพันธุ์ ชุมชน และวิถีชีวิต,อัตลักษณ์ทางสังคมและกลุ่มคน,กลุ่มชาติพันธุ์และชุมชนท้องถิ่น,place,community_life
ชามพูวราช,ชื่อสถานที่หรือสวนในวรรณคดี,วรรณคดีและสิ่งมีชีวิตเชิงตำนาน,นามานุกรมและประเภทตัวละคร,เทวปกรณ์ อสูร และอมนุษย์,character,performing_arts
พระลักษมณ์,ตัวละครหลักในวรรณคดีรามเกียรติ์,วรรณคดีและสิ่งมีชีวิตเชิงตำนาน,นามานุกรมและประเภทตัวละคร,ตัวละครหลักและบทบาทในบทละคร,character,performing_arts
สังหาร,การฆ่าหรือทำลายล้าง,วรรณคดีและสิ่งมีชีวิตเชิงตำนาน,สถานภาพและลำดับชั้นทางสังคมในวรรณกรรม,ฐานันดรศักดิ์และระบบเครือญาติ,concept,general
จารึก,ข้อความที่แกะสลักบนวัสดุเช่นหินหรือโลหะ,บริบทเชิงประวัติศาสตร์ ภูมิศาสตร์ และพื้นที่,ยุคสมัยและเหตุการณ์สำคัญ,ลำดับเวลาและประวัติศาสตร์การสงคราม,concept,historical_spatial
ข่ายเพชร,เครื่องประดับหรืออุปกรณ์ที่มีลักษณะเป็นตาข่ายประดับเพชร,วัฒนธรรมวัตถุ ศิลปกรรม และงานช่าง,วัสดุและอัญมณี,วัสดุธรรมชาติและรัตนชาติ,artifact,material_culture
เครื่องดนตรีพื้นเมือง,เครื่องดนตรีที่ใช้ในวัฒนธรรมท้องถิ่น,ศิลปะการแสดงและดนตรี,ดุริยางคศิลป์และคีตศิลป์,เครื่องดนตรีและวงดนตรี,music,performing_arts
ปูนปั้น,งานศิลปะที่สร้างจากปูน,วัฒนธรรมวัตถุ ศิลปกรรม และงานช่าง,ประณีตศิลป์และทัศนศิลป์,งานช่างศิลปกรรมและเทคนิควิธี,artifact,material_culture
รัวฉิ่ง,การตีฉิ่งอย่างรวดเร็ว,ศิลปะการแสดงและดนตรี,ดุริยางคศิลป์และคีตศิลป์,ระเบียบวิธีทางดนตรีและประเภทบทเพลง,music,performing_arts
ให้ร้าย,การกล่าวโทษหรือกล่าวหาอย่างไม่เป็นธรรม,พิธีกรรม ความเชื่อ และจารีตวัฒนธรรม,คติความเชื่อและไสยศาสตร์,การขจัดปัดเป่าและอำนาจเหนือธรรมชาติ,mythical_being,ritual_belief
นครปฐม,จังหวัดหนึ่งในประเทศไทย,บริบทเชิงประวัติศาสตร์ ภูมิศาสตร์ และพื้นที่,ภูมิศาสตร์และอาณาบริเวณ,เขตปกครองและภูมิภาค,place,historical_spatial
สำมนักขา,ตัวละครในวรรณคดีไทย,วรรณคดีและสิ่งมีชีวิตเชิงตำนาน,นามานุกรมและประเภทตัวละคร,ตัวละครหลักและบทบาทในบทละคร,character,performing_arts
จัดทัพ,การเตรียมกำลังพลสำหรับการรบ,บริบทเชิงประวัติศาสตร์ ภูมิศาสตร์ และพื้นที่,ยุคสมัยและเหตุการณ์สำคัญ,ลำดับเวลาและประวัติศาสตร์การสงคราม,concept,historical_spatial
ลำตังหวาย,เพลงพื้นเมืองของไทย,ศิลปะการแสดงและดนตรี,ดุริยางคศิลป์และคีตศิลป์,ระเบียบวิธีทางดนตรีและประเภทบทเพลง,music,performing_arts
สัทธาสูร,ตัวละครในวรรณคดีไทย,วรรณคดีและสิ่งมีชีวิตเชิงตำนาน,นามานุกรมและประเภทตัวละคร,เทวปกรณ์ อสูร และอมนุษย์,character,performing_arts
เกษตรกรรม,การเพาะปลูกพืชและเลี้ยงสัตว์,กลุ่มชาติพันธุ์ ชุมชน และวิถีชีวิต,วิถีชีวิตและระบบเศรษฐกิจ,การประกอบอาชีพและโภชนาการ,community,community_life
หลักราชการ,กฎเกณฑ์หรือหลักการในการบริหารราชการ,กลุ่มชาติพันธุ์ ชุมชน และวิถีชีวิต,โครงสร้างสังคมและบุคคลสำคัญ,ฐานันดรศักดิ์และบทบาททางสังคม,community,community_life
เพลงฉิ่ง,เพลงที่ใช้ฉิ่งเป็นเครื่องดนตรีหลัก,ศิลปะการแสดงและดนตรี,ดุริยางคศิลป์และคีตศิลป์,ระเบียบวิธีทางดนตรีและประเภทบทเพลง,music,performing_arts
พระเพื่อน,พระภิกษุที่สนิทสนมกัน,กลุ่มชาติพันธุ์ ชุมชน และวิถีชีวิต,โครงสร้างสังคมและบุคคลสำคัญ,ฐานันดรศักดิ์และบทบาททางสังคม,community,community_life
พลายชุมพล,ตัวละครในวรรณคดีไทย,วรรณคดีและสิ่งมีชีวิตเชิงตำนาน,นามานุกรมและประเภทตัวละคร,ตัวละครหลักและบทบาทในบทละคร,character,performing_arts
เพลงดอกไม้ของชาติ,เพลงที่เกี่ยวข้องกับดอกไม้และชาติ,ศิลปะการแสดงและดนตรี,ดุริยางคศิลป์และคีตศิลป์,ระเบียบวิธีทางดนตรีและประเภทบทเพลง,music,performing_arts
รามสูร,ยักษ์ในวรรณคดีไทย มีบทบาทสำคัญในเรื่องรามเกียรติ์,วรรณคดีและสิ่งมีชีวิตเชิงตำนาน,นามานุกรมและประเภทตัวละคร,เทวปกรณ์ อสูร และอมนุษย์,character,performing_arts
บทร้อง,คำประพันธ์สำหรับขับร้องในงานดนตรีหรือการแสดง,ศิลปะการแสดงและดนตรี,ดุริยางคศิลป์และคีตศิลป์,ระเบียบวิธีทางดนตรีและประเภทบทเพลง,music,performing_arts
ศรพรหมาสตร์,ศรวิเศษในวรรณคดีไทย มีอานุภาพทำลายล้างสูง,วรรณคดีและสิ่งมีชีวิตเชิงตำนาน,นามานุกรมและประเภทตัวละคร,เทวปกรณ์ อสูร และอมนุษย์,character,performing_arts
งานแต่งงาน,พิธีการสำคัญในวัฒนธรรมไทยสำหรับการเริ่มต้นชีวิตคู่,พิธีกรรม ความเชื่อ และจารีตวัฒนธรรม,จารีตประเพณีและพิธีกรรม,พิธีการสำคัญและจารีตทางสังคม,ritual,ritual_belief
รูปนอก,ท่ารำพื้นฐานในนาฏศิลป์ไทย,ศิลปะการแสดงและดนตรี,นาฏยศิลป์และการแสดง,กระบวนท่ารำและจารีตการแสดง,music,performing_arts
ปราสาทพระขรรค์,สถานที่สำคัญในวรรณคดีไทยและประวัติศาสตร์,บริบทเชิงประวัติศาสตร์ ภูมิศาสตร์ และพื้นที่,พื้นที่ทางวัฒนธรรมและสถาบัน,สถานที่จัดแสดงและเขตพระราชฐาน,place,historical_spatial
รำเดี่ยว,การแสดงนาฏศิลป์ไทยที่แสดงโดยผู้แสดงคนเดียว,ศิลปะการแสดงและดนตรี,นาฏยศิลป์และการแสดง,รูปแบบการแสดงและนาฏศิลป์ท้องถิ่น,music,performing_arts
กระบวนท่ารำ,ลำดับท่าทางในการแสดงนาฏศิลป์ไทย,ศิลปะการแสดงและดนตรี,นาฏยศิลป์และการแสดง,กระบวนท่ารำและจารีตการแสดง,music,performing_arts
แม่ไม้มวย,ท่าพื้นฐานในการต่อสู้แบบมวยไทย,วัฒนธรรมวัตถุ ศิลปกรรม และงานช่าง,พัสตราภรณ์และเครื่องแต่งกาย,ระเบียบการแต่งกายและอาวุธจำลอง,artifact,material_culture
ยอพระกลิ่น,เครื่องหอมใช้ในราชสำนักและพิธีกรรม,พิธีกรรม ความเชื่อ และจารีตวัฒนธรรม,จารีตประเพณีและพิธีกรรม,พิธีการสำคัญและจารีตทางสังคม,ritual,ritual_belief
งานรื่นเริง,กิจกรรมสังสรรค์ในวัฒนธรรมไทย,กลุ่มชาติพันธุ์ ชุมชน และวิถีชีวิต,วิถีชีวิตและพฤติกรรมทางสังคม,จารีตการปฏิบัติและพรรณไม้ในวิถีชีวิต,community,community_life
หนุมาน,วานรเทพในวรรณคดีไทย มีบทบาทสำคัญในเรื่องรามเกียรติ์,วรรณคดีและสิ่งมีชีวิตเชิงตำนาน,นามานุกรมและประเภทตัวละคร,เทวปกรณ์ อสูร และอมนุษย์,character,ramakien
เวที,พื้นที่สำหรับการแสดงนาฏศิลป์หรือดนตรี,ศิลปะการแสดงและดนตรี,นาฏยศิลป์และการแสดง,รูปแบบการแสดงและนาฏศิลป์ท้องถิ่น,music,performing_arts
รำพัด,การแสดงนาฏศิลป์ไทยที่ใช้พัดเป็นอุปกรณ์หลัก,ศิลปะการแสดงและดนตรี,นาฏยศิลป์และการแสดง,รูปแบบการแสดงและนาฏศิลป์ท้องถิ่น,music,performing_arts
จุดไฟ,พิธีกรรมสำคัญในหลายวัฒนธรรมรวมถึงไทย,พิธีกรรม ความเชื่อ และจารีตวัฒนธรรม,คติความเชื่อและไสยศาสตร์,การขจัดปัดเป่าและอำนาจเหนือธรรมชาติ,mythical_being,ritual_belief
เคลื่อนไหว,การเปลี่ยนตำแหน่งหรือท่าทางของร่างกาย,ศิลปะการแสดงและดนตรี,นาฏยศิลป์และการแสดง,กระบวนท่ารำและจารีตการแสดง,music,performing_arts
ทางธรรมชาติ,สิ่งที่เกิดขึ้นเองตามธรรมชาติ,วัฒนธรรมวัตถุ ศิลปกรรม และงานช่าง,วัสดุและอัญมณี,วัสดุธรรมชาติและรัตนชาติ,artifact,material_culture
ดอกไม้,ส่วนของพืชที่ทำหน้าที่สืบพันธุ์,กลุ่มชาติพันธุ์ ชุมชน และวิถีชีวิต,วิถีชีวิตและพฤติกรรมทางสังคม,จารีตการปฏิบัติและพรรณไม้ในวิถีชีวิต,community,community_life
การละเล่นพื้นเมือง,กิจกรรมการเล่นที่เป็นเอกลักษณ์ของท้องถิ่น,ศิลปะการแสดงและดนตรี,นาฏยศิลป์และการแสดง,รูปแบบการแสดงและนาฏศิลป์ท้องถิ่น,music,performing_arts
โปงลาง,เครื่องดนตรีพื้นเมืองของภาคอีสาน,ศิลปะการแสดงและดนตรี,ดุริยางคศิลป์และคีตศิลป์,เครื่องดนตรีและวงดนตรี,music,performing_arts
ชาวนา,บุคคลที่ทำอาชีพเกษตรกรรม,กลุ่มชาติพันธุ์ ชุมชน และวิถีชีวิต,วิถีชีวิตและระบบเศรษฐกิจ,การประกอบอาชีพและโภชนาการ,community,community_life
วิชนี,เครื่องดนตรีประเภทเครื่องตี,ศิลปะการแสดงและดนตรี,ดุริยางคศิลป์และคีตศิลป์,เครื่องดนตรีและวงดนตรี,music,performing_arts
จำกาย,การจำลองร่างกายหรือท่าทาง,ศิลปะการแสดงและดนตรี,นาฏยศิลป์และการแสดง,กระบวนท่ารำและจารีตการแสดง,music,performing_arts
รัชกาล,ช่วงเวลาที่พระมหากษัตริย์ครองราชย์,บริบทเชิงประวัติศาสตร์ ภูมิศาสตร์ และพื้นที่,ยุคสมัยและเหตุการณ์สำคัญ,ลำดับเวลาและประวัติศาสตร์การสงคราม,concept,historical_spatial
พรหมาสตร์,ตำราหรือคัมภีร์ทางศาสนา,พิธีกรรม ความเชื่อ และจารีตวัฒนธรรม,ระบบความเชื่อและศาสนา,คติทางศาสนาและสิ่งศักดิ์สิทธิ์,deity,ritual_belief
นางสวาหะ,ตัวละครในวรรณคดีไทย,วรรณคดีและสิ่งมีชีวิตเชิงตำนาน,นามานุกรมและประเภทตัวละคร,ตัวละครหลักและบทบาทในบทละคร,character,performing_arts
ลายเส้น,เส้นที่ใช้ในการวาดหรือเขียน,วัฒนธรรมวัตถุ ศิลปกรรม และงานช่าง,ประณีตศิลป์และทัศนศิลป์,งานช่างศิลปกรรมและเทคนิควิธี,artifact,material_culture
สงคราม,การต่อสู้ระหว่างกลุ่มหรือประเทศ,บริบทเชิงประวัติศาสตร์ ภูมิศาสตร์ และพื้นที่,ยุคสมัยและเหตุการณ์สำคัญ,ลำดับเวลาและประวัติศาสตร์การสงคราม,concept,historical_spatial
เดินทาง,การเคลื่อนที่จากที่หนึ่งไปยังอีกที่หนึ่ง,กลุ่มชาติพันธุ์ ชุมชน และวิถีชีวิต,วิถีชีวิตและพฤติกรรมทางสังคม,จารีตการปฏิบัติและพรรณไม้ในวิถีชีวิต,community,community_life
สีน้ำเงิน,สีที่มีความเข้มคล้ายสีของท้องฟ้า,วัฒนธรรมวัตถุ ศิลปกรรม และงานช่าง,วัสดุและอัญมณี,วัสดุธรรมชาติและรัตนชาติ,artifact,material_culture
อาจารย์,ผู้สอนหรือผู้มีความรู้ในวิชาใดวิชาหนึ่ง,กลุ่มชาติพันธุ์ ชุมชน และวิถีชีวิต,โครงสร้างสังคมและบุคคลสำคัญ,ฐานันดรศักดิ์และบทบาททางสังคม,community,community_life
โกเมน,หินสีแดงชนิดหนึ่งที่มีค่าทางอัญมณี,วัฒนธรรมวัตถุ ศิลปกรรม และงานช่าง,วัสดุและอัญมณี,วัสดุธรรมชาติและรัตนชาติ,artifact,material_culture
กรับพวง,เครื่องดนตรีไทยชนิดหนึ่งทำจากไม้ไผ่,ศิลปะการแสดงและดนตรี,ดุริยางคศิลป์และคีตศิลป์,เครื่องดนตรีและวงดนตรี,music,performing_arts
ไทยจักรพรรดิ์,ตำแหน่งพระมหากษัตริย์ไทยในอดีต,กลุ่มชาติพันธุ์ ชุมชน และวิถีชีวิต,โครงสร้างสังคมและบุคคลสำคัญ,ฐานันดรศักดิ์และบทบาททางสังคม,community,community_life
พระชายา,ตำแหน่งของภรรยาของพระมหากษัตริย์,กลุ่มชาติพันธุ์ ชุมชน และวิถีชีวิต,โครงสร้างสังคมและบุคคลสำคัญ,ฐานันดรศักดิ์และบทบาททางสังคม,community,community_life
มือขวา,บุคคลที่ได้รับความไว้วางใจและช่วยเหลือผู้นำ,กลุ่มชาติพันธุ์ ชุมชน และวิถีชีวิต,โครงสร้างสังคมและบุคคลสำคัญ,ฐานันดรศักดิ์และบทบาททางสังคม,community,community_life
จีนรัว,สำเนียงพูดของคนจีนที่พูดภาษาไทย,ศิลปะการแสดงและดนตรี,ดุริยางคศิลป์และคีตศิลป์,ระเบียบวิธีทางดนตรีและประเภทบทเพลง,music,performing_arts
มณีพิชัย,ชื่อเพลงไทยเดิมที่มีทำนองไพเราะ,ศิลปะการแสดงและดนตรี,ดุริยางคศิลป์และคีตศิลป์,ระเบียบวิธีทางดนตรีและประเภทบทเพลง,music,performing_arts
แมนสรวง,ชื่อตัวละครในวรรณคดีไทย,วรรณคดีและสิ่งมีชีวิตเชิงตำนาน,นามานุกรมและประเภทตัวละคร,ตัวละครหลักและบทบาทในบทละคร,character,performing_arts
นานาชาติ,กลุ่มประเทศหรือชาติต่างๆ ทั่วโลก,บริบทเชิงประวัติศาสตร์ ภูมิศาสตร์ และพื้นที่,ภูมิศาสตร์และอาณาบริเวณ,เขตปกครองและภูมิภาค,place,historical_spatial
สวามิภักดิ์,การแสดงความจงรักภักดีต่อผู้นำหรือผู้มีอำนาจ,พิธีกรรม ความเชื่อ และจารีตวัฒนธรรม,จารีตประเพณีและพิธีกรรม,พิธีการสำคัญและจารีตทางสังคม,ritual,ritual_belief
สำเนียง,ลักษณะการพูดหรือเสียงพูดที่แตกต่างกัน,ศิลปะการแสดงและดนตรี,ดุริยางคศิลป์และคีตศิลป์,ระเบียบวิธีทางดนตรีและประเภทบทเพลง,music,performing_arts
พาลี,ชื่อตัวละครในวรรณคดีไทย,วรรณคดีและสิ่งมีชีวิตเชิงตำนาน,นามานุกรมและประเภทตัวละคร,ตัวละครหลักและบทบาทในบทละคร,character,performing_arts
นครศรีธรรมราช,ชื่อจังหวัดในภาคใต้ของไทย,บริบทเชิงประวัติศาสตร์ ภูมิศาสตร์ และพื้นที่,ภูมิศาสตร์และอาณาบริเวณ,เขตปกครองและภูมิภาค,place,historical_spatial
ผางประทีป,เครื่องมือใช้จุดไฟในพิธีกรรม,พิธีกรรม ความเชื่อ และจารีตวัฒนธรรม,จารีตประเพณีและพิธีกรรม,พิธีการสำคัญและจารีตทางสังคม,ritual,ritual_belief
รุทการ,การแสดงท่าทางหรือการเคลื่อนไหวในศิลปะการแสดง,ศิลปะการแสดงและดนตรี,นาฏยศิลป์และการแสดง,กระบวนท่ารำและจารีตการแสดง,music,performing_arts
ออกอุบาย,การวางแผนหรือคิดแผนการเพื่อให้บรรลุเป้าหมาย,วรรณคดีและสิ่งมีชีวิตเชิงตำนาน,นามานุกรมและประเภทตัวละคร,ตัวละครหลักและบทบาทในบทละคร,character,performing_arts
เชิงมวย,ทักษะหรือเทคนิคในการต่อสู้ด้วยมือเปล่า,ศิลปะการแสดงและดนตรี,นาฏยศิลป์และการแสดง,กระบวนท่ารำและจารีตการแสดง,music,performing_arts
เชียงใหม่,เมืองสำคัญทางภาคเหนือของประเทศไทย,บริบทเชิงประวัติศาสตร์ ภูมิศาสตร์ และพื้นที่,ภูมิศาสตร์และอาณาบริเวณ,เขตปกครองและภูมิภาค,place,historical_spatial
แก้แค้น,การตอบสนองต่อการกระทำที่ทำให้เกิดความไม่พอใจหรือความเจ็บปวด,วรรณคดีและสิ่งมีชีวิตเชิงตำนาน,นามานุกรมและประเภทตัวละคร,ตัวละครหลักและบทบาทในบทละคร,character,performing_arts
ชายหนุ่ม,ผู้ชายที่อยู่ในวัยหนุ่ม,กลุ่มชาติพันธุ์ ชุมชน และวิถีชีวิต,โครงสร้างสังคมและบุคคลสำคัญ,ฐานันดรศักดิ์และบทบาททางสังคม,community,community_life
บทละคร,ส่วนหนึ่งของงานวรรณกรรมที่ใช้ในการแสดง,วรรณคดีและสิ่งมีชีวิตเชิงตำนาน,นามานุกรมและประเภทตัวละคร,ตัวละครหลักและบทบาทในบทละคร,character,performing_arts
ความคล่องแคล่ว,ความสามารถในการเคลื่อนไหวหรือทำสิ่งต่างๆ ได้อย่างรวดเร็วและมีประสิทธิภาพ,ศิลปะการแสดงและดนตรี,บุคลากรและทักษะทางศิลปะ,กลวิธีและสมรรถนะการแสดง,music,performing_arts
เพลงอัตราจังหวะสองชั้น,เพลงที่มีจังหวะสองชั้น,ศิลปะการแสดงและดนตรี,ดุริยางคศิลป์และคีตศิลป์,ระเบียบวิธีทางดนตรีและประเภทบทเพลง,music,performing_arts
น้อยใจยา,ชื่อตัวละครในวรรณคดีไทย,วรรณคดีและสิ่งมีชีวิตเชิงตำนาน,นามานุกรมและประเภทตัวละคร,ตัวละครหลักและบทบาทในบทละคร,character,performing_arts
พระราชธิดา,บุตรสาวของพระมหากษัตริย์,กลุ่มชาติพันธุ์ ชุมชน และวิถีชีวิต,โครงสร้างสังคมและบุคคลสำคัญ,ฐานันดรศักดิ์และบทบาททางสังคม,community,community_life
ประติมากรรม,งานศิลปะที่สร้างขึ้นโดยการปั้นหรือแกะสลัก,วัฒนธรรมวัตถุ ศิลปกรรม และงานช่าง,ประณีตศิลป์และทัศนศิลป์,งานช่างศิลปกรรมและเทคนิควิธี,artifact,material_culture
ภาษามลายู,ภาษาที่ใช้พูดในประเทศมาเลเซียและอินโดนีเซีย,กลุ่มชาติพันธุ์ ชุมชน และวิถีชีวิต,อัตลักษณ์ทางสังคมและกลุ่มคน,กลุ่มชาติพันธุ์และชุมชนท้องถิ่น,community,community_life
ย่องหงิด,ชื่อตัวละครในวรรณคดีไทย,วรรณคดีและสิ่งมีชีวิตเชิงตำนาน,นามานุกรมและประเภทตัวละคร,ตัวละครหลักและบทบาทในบทละคร,character,performing_arts
